id_registro_meteo,aeroporto,data_hora,temperatura_c,pressao_hpa,visibilidade_m,vento_kmh,rajada_kmh,precipitacao_mm,cobertura_nuvens_pct,condicao_meteorologica
MET2024-0101,SBGR,2024-07-01 00:00,18.2,1013.0,7403,15,34,1.2,34,Chuva
MET2024-0102,SBGR,2024-07-01 03:00,17.2,1013.5,7403,15,39,1.2,57,Chuva
MET2024-0103,SBGR,2024-07-01 06:00,16.2,1013.9,7403,15,33,1.2,47,Chuva
MET2024-0104,SBGR,2024-07-01 09:00,17.2,1013.5,7403,15,26,1.2,37,Chuva
MET2024-0105,SBGR,2024-07-01 12:00,18.2,1013.0,7403,15,30,1.2,21,Chuva
MET2024-0101,SBGL,2024-07-01 00:00,19.4,1010.3,8701,14,38,1.4,40,Chuva
MET2024-0102,SBGL,2024-07-01 03:00,18.5,1010.7,8701,14,37,1.4,35,Chuva
MET2024-0103,SBGL,2024-07-01 06:00,17.5,1011.2,8701,14,35,1.4,44,Chuva
MET2024-0104,SBGL,2024-07-01 09:00,18.5,1010.7,8701,14,36,1.4,37,Chuva
MET2024-0105,SBGL,2024-07-01 12:00,19.4,1010.3,8701,14,33,1.4,44,Chuva
MET2024-0101,SBBR,2024-07-01 00:00,21.8,1015.7,11173,16,36,0.3,24,Ceu aberto
MET2024-0102,SBBR,2024-07-01 03:00,20.8,1016.2,11173,16,28,0.3,6,Ceu aberto
MET2024-0103,SBBR,2024-07-01 06:00,19.8,1016.7,11173,16,35,0.3,18,Ceu aberto
MET2024-0104,SBBR,2024-07-01 09:00,20.8,1016.2,11173,16,28,0.3,34,Ceu aberto
MET2024-0105,SBBR,2024-07-01 12:00,21.8,1015.7,11173,16,29,0.3,30,Ceu aberto
MET2024-0101,SBCF,2024-07-01 00:00,18.5,1016.4,7854,14,37,2.1,55,Chuva
MET2024-0102,SBCF,2024-07-01 03:00,17.6,1016.9,7854,14,34,2.1,47,Chuva
MET2024-0103,SBCF,2024-07-01 06:00,16.6,1017.4,7854,14,30,2.1,45,Chuva
MET2024-0104,SBCF,2024-07-01 09:00,17.6,1016.9,7854,14,39,2.1,62,Chuva
MET2024-0105,SBCF,2024-07-01 12:00,18.5,1016.4,7854,14,35,2.1,55,Chuva
MET2024-0101,SBPA,2024-07-01 00:00,14.1,1015.4,7118,20,44,3.4,61,Chuva
MET2024-0102,SBPA,2024-07-01 03:00,13.1,1015.9,7118,20,31,3.4,81,Chuva
MET2024-0103,SBPA,2024-07-01 06:00,12.1,1016.3,7118,20,43,3.4,80,Chuva
MET2024-0104,SBPA,2024-07-01 09:00,13.1,1015.9,7118,20,45,3.4,75,Chuva
MET2024-0105,SBPA,2024-07-01 12:00,14.1,1015.4,7118,20,40,3.4,81,Chuva
MET2024-0101,SBCT,2024-07-01 00:00,13.1,1013.3,4884,24,44,3.8,73,Chuva
MET2024-0102,SBCT,2024-07-01 03:00,12.2,1013.8,4884,24,41,3.8,76,Chuva
MET2024-0103,SBCT,2024-07-01 06:00,11.2,1014.3,4884,24,41,3.8,71,Chuva
MET2024-0104,SBCT,2024-07-01 09:00,12.2,1013.8,4884,24,48,3.8,63,Chuva
MET2024-0105,SBCT,2024-07-01 12:00,13.1,1013.3,4884,24,42,3.8,88,Chuva
MET2024-0101,SBRF,2024-07-01 00:00,24.7,1006.0,12603,14,28,1.0,43,Chuva
MET2024-0102,SBRF,2024-07-01 03:00,23.7,1006.5,12603,14,29,1.0,37,Chuva
MET2024-0103,SBRF,2024-07-01 06:00,22.8,1007.0,12603,14,25,1.0,25,Chuva
MET2024-0104,SBRF,2024-07-01 09:00,23.7,1006.5,12603,14,33,1.0,16,Chuva
MET2024-0105,SBRF,2024-07-01 12:00,24.7,1006.0,12603,14,25,1.0,12,Chuva
MET2024-0101,SBFL,2024-07-01 00:00,17.0,1017.1,6443,17,30,3.2,52,Chuva
MET2024-0102,SBFL,2024-07-01 03:00,16.0,1017.6,6443,17,29,3.2,66,Chuva
MET2024-0103,SBFL,2024-07-01 06:00,15.1,1018.1,6443,17,33,3.2,80,Chuva
MET2024-0104,SBFL,2024-07-01 09:00,16.0,1017.6,6443,17,36,3.2,70,Chuva
MET2024-0105,SBFL,2024-07-01 12:00,17.0,1017.1,6443,17,36,3.2,65,Chuva
MET2024-0101,SBSV,2024-07-01 00:00,22.5,1012.2,10938,18,33,1.5,45,Chuva
MET2024-0102,SBSV,2024-07-01 03:00,21.6,1012.7,10938,18,34,1.5,27,Chuva
MET2024-0103,SBSV,2024-07-01 06:00,20.6,1013.2,10938,18,29,1.5,49,Chuva
MET2024-0104,SBSV,2024-07-01 09:00,21.6,1012.7,10938,18,39,1.5,54,Chuva
MET2024-0105,SBSV,2024-07-01 12:00,22.5,1012.2,10938,18,40,1.5,61,Chuva
MET2024-0101,SBCG,2024-07-01 00:00,18.8,1016.0,9420,14,37,1.5,34,Chuva
MET2024-0102,SBCG,2024-07-01 03:00,17.8,1016.5,9420,14,39,1.5,31,Chuva
MET2024-0103,SBCG,2024-07-01 06:00,16.8,1017.0,9420,14,26,1.5,47,Chuva
MET2024-0104,SBCG,2024-07-01 09:00,17.8,1016.5,9420,14,37,1.5,61,Chuva
MET2024-0105,SBCG,2024-07-01 12:00,18.8,1016.0,9420,14,36,1.5,55,Chuva
MET2024-0201,SBGR,2024-07-02 00:00,18.4,1016.3,8181,17,42,1.7,55,Chuva
MET2024-0202,SBGR,2024-07-02 03:00,17.4,1016.8,8181,17,28,1.7,33,Chuva
MET2024-0203,SBGR,2024-07-02 06:00,16.5,1017.3,8181,17,38,1.7,48,Chuva
MET2024-0204,SBGR,2024-07-02 09:00,17.4,1016.8,8181,17,30,1.7,45,Chuva
MET2024-0205,SBGR,2024-07-02 12:00,18.4,1016.3,8181,17,41,1.7,29,Chuva
MET2024-0201,SBGL,2024-07-02 00:00,18.3,1013.7,9774,21,34,1.5,49,Chuva
MET2024-0202,SBGL,2024-07-02 03:00,17.4,1014.2,9774,21,42,1.5,57,Chuva
MET2024-0203,SBGL,2024-07-02 06:00,16.4,1014.7,9774,21,36,1.5,48,Chuva
MET2024-0204,SBGL,2024-07-02 09:00,17.4,1014.2,9774,21,38,1.5,45,Chuva
MET2024-0205,SBGL,2024-07-02 12:00,18.3,1013.7,9774,21,36,1.5,42,Chuva
MET2024-0201,SBBR,2024-07-02 00:00,19.5,1009.2,10023,12,35,0.5,31,Ceu aberto
MET2024-0202,SBBR,2024-07-02 03:00,18.5,1009.7,10023,12,23,0.5,34,Ceu aberto
MET2024-0203,SBBR,2024-07-02 06:00,17.6,1010.1,10023,12,24,0.5,30,Ceu aberto
MET2024-0204,SBBR,2024-07-02 09:00,18.5,1009.7,10023,12,36,0.5,33,Ceu aberto
MET2024-0205,SBBR,2024-07-02 12:00,19.5,1009.2,10023,12,32,0.5,26,Ceu aberto
MET2024-0201,SBCF,2024-07-02 00:00,16.7,1012.4,7946,15,27,2.5,53,Chuva
MET2024-0202,SBCF,2024-07-02 03:00,15.7,1012.9,7946,15,27,2.5,45,Chuva
MET2024-0203,SBCF,2024-07-02 06:00,14.8,1013.3,7946,15,26,2.5,62,Chuva
MET2024-0204,SBCF,2024-07-02 09:00,15.7,1012.9,7946,15,27,2.5,70,Chuva
MET2024-0205,SBCF,2024-07-02 12:00,16.7,1012.4,7946,15,33,2.5,44,Chuva
MET2024-0201,SBPA,2024-07-02 00:00,15.1,1019.9,4281,28,51,4.2,76,Chuva
MET2024-0202,SBPA,2024-07-02 03:00,14.1,1020.4,4281,28,47,4.2,87,Chuva
MET2024-0203,SBPA,2024-07-02 06:00,13.2,1020.8,4281,28,48,4.2,73,Chuva
MET2024-0204,SBPA,2024-07-02 09:00,14.1,1020.4,4281,28,53,4.2,89,Chuva
MET2024-0205,SBPA,2024-07-02 12:00,15.1,1019.9,4281,28,40,4.2,76,Chuva
MET2024-0201,SBCT,2024-07-02 00:00,12.6,1016.5,7839,18,33,2.7,41,Chuva
MET2024-0202,SBCT,2024-07-02 03:00,11.6,1017.0,7839,18,39,2.7,62,Chuva
MET2024-0203,SBCT,2024-07-02 06:00,10.7,1017.4,7839,18,39,2.7,59,Chuva
MET2024-0204,SBCT,2024-07-02 09:00,11.6,1017.0,7839,18,32,2.7,59,Chuva
MET2024-0205,SBCT,2024-07-02 12:00,12.6,1016.5,7839,18,42,2.7,58,Chuva
MET2024-0201,SBRF,2024-07-02 00:00,26.8,1014.1,12617,13,33,0.3,21,Ceu aberto
MET2024-0202,SBRF,2024-07-02 03:00,25.9,1014.6,12617,13,25,0.3,19,Ceu aberto
MET2024-0203,SBRF,2024-07-02 06:00,24.9,1015.1,12617,13,33,0.3,31,Ceu aberto
MET2024-0204,SBRF,2024-07-02 09:00,25.9,1014.6,12617,13,29,0.3,15,Ceu aberto
MET2024-0205,SBRF,2024-07-02 12:00,26.8,1014.1,12617,13,23,0.3,26,Ceu aberto
MET2024-0201,SBFL,2024-07-02 00:00,14.9,1017.9,6043,20,44,3.5,72,Chuva
MET2024-0202,SBFL,2024-07-02 03:00,13.9,1018.4,6043,20,37,3.5,68,Chuva
MET2024-0203,SBFL,2024-07-02 06:00,13.0,1018.8,6043,20,45,3.5,75,Chuva
MET2024-0204,SBFL,2024-07-02 09:00,13.9,1018.4,6043,20,44,3.5,66,Chuva
MET2024-0205,SBFL,2024-07-02 12:00,14.9,1017.9,6043,20,31,3.5,63,Chuva
MET2024-0201,SBSV,2024-07-02 00:00,24.0,1011.2,9955,15,27,0.4,43,Ceu aberto
MET2024-0202,SBSV,2024-07-02 03:00,23.1,1011.7,9955,15,39,0.4,19,Ceu aberto
MET2024-0203,SBSV,2024-07-02 06:00,22.1,1012.2,9955,15,26,0.4,33,Ceu aberto
MET2024-0204,SBSV,2024-07-02 09:00,23.1,1011.7,9955,15,25,0.4,27,Ceu aberto
MET2024-0205,SBSV,2024-07-02 12:00,24.0,1011.2,9955,15,39,0.4,15,Ceu aberto
MET2024-0201,SBCG,2024-07-02 00:00,21.8,1012.6,12434,13,29,1.1,41,Chuva
MET2024-0202,SBCG,2024-07-02 03:00,20.9,1013.0,12434,13,33,1.1,33,Chuva
MET2024-0203,SBCG,2024-07-02 06:00,19.9,1013.5,12434,13,31,1.1,29,Chuva
MET2024-0204,SBCG,2024-07-02 09:00,20.9,1013.0,12434,13,38,1.1,49,Chuva
MET2024-0205,SBCG,2024-07-02 12:00,21.8,1012.6,12434,13,30,1.1,34,Chuva
MET2024-0301,SBGR,2024-07-03 00:00,17.5,1019.2,7072,21,37,3.4,83,Chuva
MET2024-0302,SBGR,2024-07-03 03:00,16.5,1019.7,7072,21,33,3.4,67,Chuva
MET2024-0303,SBGR,2024-07-03 06:00,15.6,1020.1,7072,21,34,3.4,75,Chuva
MET2024-0304,SBGR,2024-07-03 09:00,16.5,1019.7,7072,21,42,3.4,71,Chuva
MET2024-0305,SBGR,2024-07-03 12:00,17.5,1019.2,7072,21,34,3.4,50,Chuva
MET2024-0301,SBGL,2024-07-03 00:00,18.3,1018.0,9053,18,36,1.7,68,Chuva
MET2024-0302,SBGL,2024-07-03 03:00,17.4,1018.4,9053,18,28,1.7,62,Chuva
MET2024-0303,SBGL,2024-07-03 06:00,16.4,1018.9,9053,18,35,1.7,40,Chuva
MET2024-0304,SBGL,2024-07-03 09:00,17.4,1018.4,9053,18,39,1.7,52,Chuva
MET2024-0305,SBGL,2024-07-03 12:00,18.3,1018.0,9053,18,37,1.7,40,Chuva
MET2024-0301,SBBR,2024-07-03 00:00,19.6,1011.0,13096,11,34,0.0,14,Ceu aberto
MET2024-0302,SBBR,2024-07-03 03:00,18.6,1011.5,13096,11,31,0.0,13,Ceu aberto
MET2024-0303,SBBR,2024-07-03 06:00,17.7,1012.0,13096,11,24,0.0,-9,Ceu aberto
MET2024-0304,SBBR,2024-07-03 09:00,18.6,1011.5,13096,11,30,0.0,0,Ceu aberto
MET2024-0305,SBBR,2024-07-03 12:00,19.6,1011.0,13096,11,29,0.0,-8,Ceu aberto
MET2024-0301,SBCF,2024-07-03 00:00,20.4,1011.1,8788,22,36,1.8,33,Chuva
MET2024-0302,SBCF,2024-07-03 03:00,19.5,1011.6,8788,22,46,1.8,51,Chuva
MET2024-0303,SBCF,2024-07-03 06:00,18.5,1012.1,8788,22,40,1.8,46,Chuva
MET2024-0304,SBCF,2024-07-03 09:00,19.5,1011.6,8788,22,42,1.8,36,Chuva
MET2024-0305,SBCF,2024-07-03 12:00,20.4,1011.1,8788,22,38,1.8,48,Chuva
MET2024-0301,SBPA,2024-07-03 00:00,13.5,1014.9,7108,25,41,4.2,78,Chuva
MET2024-0302,SBPA,2024-07-03 03:00,12.5,1015.3,7108,25,49,4.2,76,Chuva
MET2024-0303,SBPA,2024-07-03 06:00,11.6,1015.8,7108,25,43,4.2,99,Chuva
MET2024-0304,SBPA,2024-07-03 09:00,12.5,1015.3,7108,25,36,4.2,89,Chuva
MET2024-0305,SBPA,2024-07-03 12:00,13.5,1014.9,7108,25,37,4.2,66,Chuva
MET2024-0301,SBCT,2024-07-03 00:00,10.3,1019.6,5932,27,51,4.4,100,Chuva
MET2024-0302,SBCT,2024-07-03 03:00,9.3,1020.0,5932,27,39,4.4,73,Chuva
MET2024-0303,SBCT,2024-07-03 06:00,8.4,1020.5,5932,27,52,4.4,77,Chuva
MET2024-0304,SBCT,2024-07-03 09:00,9.3,1020.0,5932,27,43,4.4,94,Chuva
MET2024-0305,SBCT,2024-07-03 12:00,10.3,1019.6,5932,27,41,4.4,96,Chuva
MET2024-0301,SBRF,2024-07-03 00:00,23.1,1010.6,10280,15,30,0.3,27,Ceu aberto
MET2024-0302,SBRF,2024-07-03 03:00,22.2,1011.1,10280,15,25,0.3,34,Ceu aberto
MET2024-0303,SBRF,2024-07-03 06:00,21.2,1011.5,10280,15,27,0.3,30,Ceu aberto
MET2024-0304,SBRF,2024-07-03 09:00,22.2,1011.1,10280,15,27,0.3,30,Ceu aberto
MET2024-0305,SBRF,2024-07-03 12:00,23.1,1010.6,10280,15,25,0.3,37,Ceu aberto
MET2024-0301,SBFL,2024-07-03 00:00,12.7,1020.5,8064,20,45,3.4,83,Chuva
MET2024-0302,SBFL,2024-07-03 03:00,11.8,1021.0,8064,20,37,3.4,70,Chuva
MET2024-0303,SBFL,2024-07-03 06:00,10.8,1021.5,8064,20,44,3.4,86,Chuva
MET2024-0304,SBFL,2024-07-03 09:00,11.8,1021.0,8064,20,44,3.4,75,Chuva
MET2024-0305,SBFL,2024-07-03 12:00,12.7,1020.5,8064,20,33,3.4,76,Chuva
MET2024-0301,SBSV,2024-07-03 00:00,23.1,1014.5,9303,19,39,2.2,65,Chuva
MET2024-0302,SBSV,2024-07-03 03:00,22.1,1015.0,9303,19,29,2.2,60,Chuva
MET2024-0303,SBSV,2024-07-03 06:00,21.2,1015.5,9303,19,39,2.2,54,Chuva
MET2024-0304,SBSV,2024-07-03 09:00,22.1,1015.0,9303,19,41,2.2,53,Chuva
MET2024-0305,SBSV,2024-07-03 12:00,23.1,1014.5,9303,19,36,2.2,50,Chuva
MET2024-0301,SBCG,2024-07-03 00:00,18.4,1014.3,10335,21,34,1.5,58,Chuva
MET2024-0302,SBCG,2024-07-03 03:00,17.5,1014.7,10335,21,41,1.5,43,Chuva
MET2024-0303,SBCG,2024-07-03 06:00,16.6,1015.2,10335,21,41,1.5,41,Chuva
MET2024-0304,SBCG,2024-07-03 09:00,17.5,1014.7,10335,21,34,1.5,42,Chuva
MET2024-0305,SBCG,2024-07-03 12:00,18.4,1014.3,10335,21,33,1.5,48,Chuva
MET2024-0401,SBGR,2024-07-04 00:00,14.5,1018.8,8338,18,35,2.7,65,Chuva
MET2024-0402,SBGR,2024-07-04 03:00,13.6,1019.3,8338,18,40,2.7,62,Chuva
MET2024-0403,SBGR,2024-07-04 06:00,12.7,1019.8,8338,18,37,2.7,50,Chuva
MET2024-0404,SBGR,2024-07-04 09:00,13.6,1019.3,8338,18,30,2.7,71,Chuva
MET2024-0405,SBGR,2024-07-04 12:00,14.5,1018.8,8338,18,41,2.7,58,Chuva
MET2024-0401,SBGL,2024-07-04 00:00,19.3,1013.2,9329,17,32,2.6,50,Chuva
MET2024-0402,SBGL,2024-07-04 03:00,18.4,1013.7,9329,17,39,2.6,65,Chuva
MET2024-0403,SBGL,2024-07-04 06:00,17.5,1014.2,9329,17,30,2.6,46,Chuva
MET2024-0404,SBGL,2024-07-04 09:00,18.4,1013.7,9329,17,37,2.6,61,Chuva
MET2024-0405,SBGL,2024-07-04 12:00,19.3,1013.2,9329,17,29,2.6,68,Chuva
MET2024-0401,SBBR,2024-07-04 00:00,18.5,1013.0,12478,13,35,0.7,20,Chuva
MET2024-0402,SBBR,2024-07-04 03:00,17.6,1013.5,12478,13,37,0.7,36,Chuva
MET2024-0403,SBBR,2024-07-04 06:00,16.6,1013.9,12478,13,31,0.7,30,Chuva
MET2024-0404,SBBR,2024-07-04 09:00,17.6,1013.5,12478,13,29,0.7,30,Chuva
MET2024-0405,SBBR,2024-07-04 12:00,18.5,1013.0,12478,13,30,0.7,42,Chuva
MET2024-0401,SBCF,2024-07-04 00:00,19.3,1012.7,8566,18,37,2.0,28,Chuva
MET2024-0402,SBCF,2024-07-04 03:00,18.4,1013.2,8566,18,32,2.0,49,Chuva
MET2024-0403,SBCF,2024-07-04 06:00,17.5,1013.7,8566,18,33,2.0,64,Chuva
MET2024-0404,SBCF,2024-07-04 09:00,18.4,1013.2,8566,18,30,2.0,41,Chuva
MET2024-0405,SBCF,2024-07-04 12:00,19.3,1012.7,8566,18,35,2.0,44,Chuva
MET2024-0401,SBPA,2024-07-04 00:00,13.6,1011.3,2932,30,45,5.0,94,Chuva intensa
MET2024-0402,SBPA,2024-07-04 03:00,12.7,1011.8,2932,30,44,5.0,92,Chuva intensa
MET2024-0403,SBPA,2024-07-04 06:00,11.8,1012.3,2932,30,51,5.0,79,Chuva intensa
MET2024-0404,SBPA,2024-07-04 09:00,12.7,1011.8,2932,30,43,5.0,100,Chuva intensa
MET2024-0405,SBPA,2024-07-04 12:00,13.6,1011.3,2932,30,45,5.0,91,Chuva intensa
MET2024-0401,SBCT,2024-07-04 00:00,9.9,1018.5,5011,26,46,3.9,87,Chuva
MET2024-0402,SBCT,2024-07-04 03:00,9.0,1018.9,5011,26,40,3.9,78,Chuva
MET2024-0403,SBCT,2024-07-04 06:00,8.0,1019.4,5011,26,37,3.9,65,Chuva
MET2024-0404,SBCT,2024-07-04 09:00,9.0,1018.9,5011,26,39,3.9,85,Chuva
MET2024-0405,SBCT,2024-07-04 12:00,9.9,1018.5,5011,26,44,3.9,76,Chuva
MET2024-0401,SBRF,2024-07-04 00:00,25.3,1009.2,12306,13,31,0.7,36,Chuva
MET2024-0402,SBRF,2024-07-04 03:00,24.4,1009.6,12306,13,28,0.7,25,Chuva
MET2024-0403,SBRF,2024-07-04 06:00,23.5,1010.1,12306,13,29,0.7,22,Chuva
MET2024-0404,SBRF,2024-07-04 09:00,24.4,1009.6,12306,13,35,0.7,22,Chuva
MET2024-0405,SBRF,2024-07-04 12:00,25.3,1009.2,12306,13,24,0.7,31,Chuva
MET2024-0401,SBFL,2024-07-04 00:00,14.4,1014.1,6697,25,40,3.7,90,Chuva
MET2024-0402,SBFL,2024-07-04 03:00,13.5,1014.6,6697,25,36,3.7,79,Chuva
MET2024-0403,SBFL,2024-07-04 06:00,12.6,1015.1,6697,25,37,3.7,79,Chuva
MET2024-0404,SBFL,2024-07-04 09:00,13.5,1014.6,6697,25,42,3.7,99,Chuva
MET2024-0405,SBFL,2024-07-04 12:00,14.4,1014.1,6697,25,49,3.7,73,Chuva
MET2024-0401,SBSV,2024-07-04 00:00,23.9,1020.1,10946,20,32,1.2,35,Chuva
MET2024-0402,SBSV,2024-07-04 03:00,23.0,1020.6,10946,20,34,1.2,30,Chuva
MET2024-0403,SBSV,2024-07-04 06:00,22.0,1021.0,10946,20,33,1.2,23,Chuva
MET2024-0404,SBSV,2024-07-04 09:00,23.0,1020.6,10946,20,37,1.2,39,Chuva
MET2024-0405,SBSV,2024-07-04 12:00,23.9,1020.1,10946,20,30,1.2,36,Chuva
MET2024-0401,SBCG,2024-07-04 00:00,18.5,1014.7,9198,22,35,2.9,75,Chuva
MET2024-0402,SBCG,2024-07-04 03:00,17.6,1015.1,9198,22,35,2.9,72,Chuva
MET2024-0403,SBCG,2024-07-04 06:00,16.7,1015.6,9198,22,35,2.9,47,Chuva
MET2024-0404,SBCG,2024-07-04 09:00,17.6,1015.1,9198,22,34,2.9,69,Chuva
MET2024-0405,SBCG,2024-07-04 12:00,18.5,1014.7,9198,22,37,2.9,70,Chuva
MET2024-0501,SBGR,2024-07-05 00:00,17.9,1019.2,6615,19,32,3.2,62,Chuva
MET2024-0502,SBGR,2024-07-05 03:00,17.0,1019.6,6615,19,30,3.2,59,Chuva
MET2024-0503,SBGR,2024-07-05 06:00,16.1,1020.1,6615,19,43,3.2,83,Chuva
MET2024-0504,SBGR,2024-07-05 09:00,17.0,1019.6,6615,19,39,3.2,59,Chuva
MET2024-0505,SBGR,2024-07-05 12:00,17.9,1019.2,6615,19,35,3.2,55,Chuva
MET2024-0501,SBGL,2024-07-05 00:00,18.2,1012.9,8211,17,39,3.2,60,Chuva
MET2024-0502,SBGL,2024-07-05 03:00,17.3,1013.4,8211,17,29,3.2,53,Chuva
MET2024-0503,SBGL,2024-07-05 06:00,16.4,1013.8,8211,17,29,3.2,53,Chuva
MET2024-0504,SBGL,2024-07-05 09:00,17.3,1013.4,8211,17,39,3.2,58,Chuva
MET2024-0505,SBGL,2024-07-05 12:00,18.2,1012.9,8211,17,32,3.2,73,Chuva
MET2024-0501,SBBR,2024-07-05 00:00,20.4,1010.3,10581,16,34,1.1,38,Chuva
MET2024-0502,SBBR,2024-07-05 03:00,19.5,1010.8,10581,16,28,1.1,47,Chuva
MET2024-0503,SBBR,2024-07-05 06:00,18.6,1011.2,10581,16,35,1.1,33,Chuva
MET2024-0504,SBBR,2024-07-05 09:00,19.5,1010.8,10581,16,35,1.1,53,Chuva
MET2024-0505,SBBR,2024-07-05 12:00,20.4,1010.3,10581,16,37,1.1,39,Chuva
MET2024-0501,SBCF,2024-07-05 00:00,15.6,1015.8,9473,17,30,2.1,42,Chuva
MET2024-0502,SBCF,2024-07-05 03:00,14.7,1016.3,9473,17,32,2.1,50,Chuva
MET2024-0503,SBCF,2024-07-05 06:00,13.8,1016.7,9473,17,36,2.1,49,Chuva
MET2024-0504,SBCF,2024-07-05 09:00,14.7,1016.3,9473,17,37,2.1,61,Chuva
MET2024-0505,SBCF,2024-07-05 12:00,15.6,1015.8,9473,17,31,2.1,56,Chuva
MET2024-0501,SBPA,2024-07-05 00:00,12.7,1021.3,4000,24,35,5.3,97,Chuva intensa
MET2024-0502,SBPA,2024-07-05 03:00,11.8,1021.8,4000,24,42,5.3,100,Chuva intensa
MET2024-0503,SBPA,2024-07-05 06:00,10.9,1022.2,4000,24,38,5.3,100,Chuva intensa
MET2024-0504,SBPA,2024-07-05 09:00,11.8,1021.8,4000,24,39,5.3,95,Chuva intensa
MET2024-0505,SBPA,2024-07-05 12:00,12.7,1021.3,4000,24,46,5.3,100,Chuva intensa
MET2024-0501,SBCT,2024-07-05 00:00,14.1,1016.5,3740,28,45,4.8,94,Chuva
MET2024-0502,SBCT,2024-07-05 03:00,13.2,1017.0,3740,28,53,4.8,80,Chuva
MET2024-0503,SBCT,2024-07-05 06:00,12.3,1017.4,3740,28,44,4.8,90,Chuva
MET2024-0504,SBCT,2024-07-05 09:00,13.2,1017.0,3740,28,52,4.8,100,Chuva
MET2024-0505,SBCT,2024-07-05 12:00,14.1,1016.5,3740,28,51,4.8,88,Chuva
MET2024-0501,SBRF,2024-07-05 00:00,22.7,1013.0,10836,19,37,0.3,38,Ceu aberto
MET2024-0502,SBRF,2024-07-05 03:00,21.8,1013.4,10836,19,41,0.3,14,Ceu aberto
MET2024-0503,SBRF,2024-07-05 06:00,20.9,1013.9,10836,19,35,0.3,3,Ceu aberto
MET2024-0504,SBRF,2024-07-05 09:00,21.8,1013.4,10836,19,35,0.3,37,Ceu aberto
MET2024-0505,SBRF,2024-07-05 12:00,22.7,1013.0,10836,19,35,0.3,25,Ceu aberto
MET2024-0501,SBFL,2024-07-05 00:00,17.6,1016.1,5325,21,39,4.1,83,Chuva
MET2024-0502,SBFL,2024-07-05 03:00,16.7,1016.5,5325,21,40,4.1,81,Chuva
MET2024-0503,SBFL,2024-07-05 06:00,15.8,1017.0,5325,21,38,4.1,77,Chuva
MET2024-0504,SBFL,2024-07-05 09:00,16.7,1016.5,5325,21,39,4.1,74,Chuva
MET2024-0505,SBFL,2024-07-05 12:00,17.6,1016.1,5325,21,34,4.1,78,Chuva
MET2024-0501,SBSV,2024-07-05 00:00,21.7,1015.9,9146,17,31,1.5,73,Chuva
MET2024-0502,SBSV,2024-07-05 03:00,20.8,1016.3,9146,17,39,1.5,38,Chuva
MET2024-0503,SBSV,2024-07-05 06:00,19.9,1016.8,9146,17,34,1.5,37,Chuva
MET2024-0504,SBSV,2024-07-05 09:00,20.8,1016.3,9146,17,32,1.5,49,Chuva
MET2024-0505,SBSV,2024-07-05 12:00,21.7,1015.9,9146,17,37,1.5,29,Chuva
MET2024-0501,SBCG,2024-07-05 00:00,18.6,1017.9,9936,15,36,1.7,48,Chuva
MET2024-0502,SBCG,2024-07-05 03:00,17.7,1018.3,9936,15,25,1.7,40,Chuva
MET2024-0503,SBCG,2024-07-05 06:00,16.8,1018.8,9936,15,34,1.7,46,Chuva
MET2024-0504,SBCG,2024-07-05 09:00,17.7,1018.3,9936,15,39,1.7,46,Chuva
MET2024-0505,SBCG,2024-07-05 12:00,18.6,1017.9,9936,15,32,1.7,51,Chuva
MET2024-0601,SBGR,2024-07-06 00:00,16.5,1016.9,7666,15,32,2.8,46,Chuva
MET2024-0602,SBGR,2024-07-06 03:00,15.6,1017.4,7666,15,34,2.8,52,Chuva
MET2024-0603,SBGR,2024-07-06 06:00,14.7,1017.9,7666,15,33,2.8,58,Chuva
MET2024-0604,SBGR,2024-07-06 09:00,15.6,1017.4,7666,15,37,2.8,50,Chuva
MET2024-0605,SBGR,2024-07-06 12:00,16.5,1016.9,7666,15,39,2.8,75,Chuva
MET2024-0601,SBGL,2024-07-06 00:00,18.4,1017.5,8518,19,38,2.5,41,Chuva
MET2024-0602,SBGL,2024-07-06 03:00,17.5,1017.9,8518,19,37,2.5,48,Chuva
MET2024-0603,SBGL,2024-07-06 06:00,16.6,1018.4,8518,19,37,2.5,67,Chuva
MET2024-0604,SBGL,2024-07-06 09:00,17.5,1017.9,8518,19,30,2.5,72,Chuva
MET2024-0605,SBGL,2024-07-06 12:00,18.4,1017.5,8518,19,39,2.5,52,Chuva
MET2024-0601,SBBR,2024-07-06 00:00,16.8,1014.6,12242,11,24,1.1,39,Chuva
MET2024-0602,SBBR,2024-07-06 03:00,15.9,1015.0,12242,11,34,1.1,24,Chuva
MET2024-0603,SBBR,2024-07-06 06:00,15.0,1015.5,12242,11,29,1.1,25,Chuva
MET2024-0604,SBBR,2024-07-06 09:00,15.9,1015.0,12242,11,35,1.1,35,Chuva
MET2024-0605,SBBR,2024-07-06 12:00,16.8,1014.6,12242,11,34,1.1,32,Chuva
MET2024-0601,SBCF,2024-07-06 00:00,15.3,1013.6,6778,11,29,2.3,56,Chuva
MET2024-0602,SBCF,2024-07-06 03:00,14.4,1014.0,6778,11,36,2.3,47,Chuva
MET2024-0603,SBCF,2024-07-06 06:00,13.4,1014.5,6778,11,25,2.3,53,Chuva
MET2024-0604,SBCF,2024-07-06 09:00,14.4,1014.0,6778,11,28,2.3,46,Chuva
MET2024-0605,SBCF,2024-07-06 12:00,15.3,1013.6,6778,11,30,2.3,63,Chuva
MET2024-0601,SBPA,2024-07-06 00:00,12.9,1017.8,4000,31,50,5.3,100,Chuva intensa
MET2024-0602,SBPA,2024-07-06 03:00,12.0,1018.3,4000,31,43,5.3,100,Chuva intensa
MET2024-0603,SBPA,2024-07-06 06:00,11.1,1018.7,4000,31,45,5.3,88,Chuva intensa
MET2024-0604,SBPA,2024-07-06 09:00,12.0,1018.3,4000,31,42,5.3,100,Chuva intensa
MET2024-0605,SBPA,2024-07-06 12:00,12.9,1017.8,4000,31,56,5.3,100,Chuva intensa
MET2024-0601,SBCT,2024-07-06 00:00,10.6,1017.1,5928,26,39,4.7,88,Chuva
MET2024-0602,SBCT,2024-07-06 03:00,9.7,1017.6,5928,26,46,4.7,85,Chuva
MET2024-0603,SBCT,2024-07-06 06:00,8.8,1018.0,5928,26,42,4.7,89,Chuva
MET2024-0604,SBCT,2024-07-06 09:00,9.7,1017.6,5928,26,40,4.7,93,Chuva
MET2024-0605,SBCT,2024-07-06 12:00,10.6,1017.1,5928,26,41,4.7,92,Chuva
MET2024-0601,SBRF,2024-07-06 00:00,22.3,1014.0,12576,18,39,0.6,29,Chuva
MET2024-0602,SBRF,2024-07-06 03:00,21.4,1014.5,12576,18,42,0.6,18,Chuva
MET2024-0603,SBRF,2024-07-06 06:00,20.5,1014.9,12576,18,36,0.6,28,Chuva
MET2024-0604,SBRF,2024-07-06 09:00,21.4,1014.5,12576,18,30,0.6,23,Chuva
MET2024-0605,SBRF,2024-07-06 12:00,22.3,1014.0,12576,18,37,0.6,53,Chuva
MET2024-0601,SBFL,2024-07-06 00:00,15.4,1016.3,4676,19,33,4.5,100,Chuva
MET2024-0602,SBFL,2024-07-06 03:00,14.5,1016.7,4676,19,35,4.5,84,Chuva
MET2024-0603,SBFL,2024-07-06 06:00,13.6,1017.2,4676,19,29,4.5,77,Chuva
MET2024-0604,SBFL,2024-07-06 09:00,14.5,1016.7,4676,19,32,4.5,80,Chuva
MET2024-0605,SBFL,2024-07-06 12:00,15.4,1016.3,4676,19,30,4.5,93,Chuva
MET2024-0601,SBSV,2024-07-06 00:00,21.3,1014.3,10035,18,28,1.4,49,Chuva
MET2024-0602,SBSV,2024-07-06 03:00,20.4,1014.8,10035,18,39,1.4,44,Chuva
MET2024-0603,SBSV,2024-07-06 06:00,19.5,1015.2,10035,18,35,1.4,45,Chuva
MET2024-0604,SBSV,2024-07-06 09:00,20.4,1014.8,10035,18,31,1.4,45,Chuva
MET2024-0605,SBSV,2024-07-06 12:00,21.3,1014.3,10035,18,42,1.4,48,Chuva
MET2024-0601,SBCG,2024-07-06 00:00,18.3,1012.7,10891,14,36,1.6,53,Chuva
MET2024-0602,SBCG,2024-07-06 03:00,17.4,1013.1,10891,14,32,1.6,51,Chuva
MET2024-0603,SBCG,2024-07-06 06:00,16.5,1013.6,10891,14,37,1.6,31,Chuva
MET2024-0604,SBCG,2024-07-06 09:00,17.4,1013.1,10891,14,31,1.6,31,Chuva
MET2024-0605,SBCG,2024-07-06 12:00,18.3,1012.7,10891,14,36,1.6,47,Chuva
MET2024-0701,SBGR,2024-07-07 00:00,14.9,1016.5,7820,26,41,2.9,52,Chuva
MET2024-0702,SBGR,2024-07-07 03:00,14.0,1017.0,7820,26,44,2.9,62,Chuva
MET2024-0703,SBGR,2024-07-07 06:00,13.1,1017.4,7820,26,47,2.9,63,Chuva
MET2024-0704,SBGR,2024-07-07 09:00,14.0,1017.0,7820,26,47,2.9,58,Chuva
MET2024-0705,SBGR,2024-07-07 12:00,14.9,1016.5,7820,26,47,2.9,61,Chuva
MET2024-0701,SBGL,2024-07-07 00:00,16.5,1014.1,7151,21,39,3.4,60,Chuva
MET2024-0702,SBGL,2024-07-07 03:00,15.6,1014.5,7151,21,37,3.4,86,Chuva
MET2024-0703,SBGL,2024-07-07 06:00,14.7,1015.0,7151,21,31,3.4,50,Chuva
MET2024-0704,SBGL,2024-07-07 09:00,15.6,1014.5,7151,21,32,3.4,75,Chuva
MET2024-0705,SBGL,2024-07-07 12:00,16.5,1014.1,7151,21,35,3.4,72,Chuva
MET2024-0701,SBBR,2024-07-07 00:00,21.4,1006.5,11400,11,28,0.3,41,Ceu aberto
MET2024-0702,SBBR,2024-07-07 03:00,20.5,1006.9,11400,11,21,0.3,29,Ceu aberto
MET2024-0703,SBBR,2024-07-07 06:00,19.6,1007.4,11400,11,28,0.3,18,Ceu aberto
MET2024-0704,SBBR,2024-07-07 09:00,20.5,1006.9,11400,11,25,0.3,34,Ceu aberto
MET2024-0705,SBBR,2024-07-07 12:00,21.4,1006.5,11400,11,32,0.3,20,Ceu aberto
MET2024-0701,SBCF,2024-07-07 00:00,16.2,1013.3,8570,16,34,2.7,85,Chuva
MET2024-0702,SBCF,2024-07-07 03:00,15.3,1013.8,8570,16,31,2.7,62,Chuva
MET2024-0703,SBCF,2024-07-07 06:00,14.4,1014.2,8570,16,27,2.7,75,Chuva
MET2024-0704,SBCF,2024-07-07 09:00,15.3,1013.8,8570,16,27,2.7,68,Chuva
MET2024-0705,SBCF,2024-07-07 12:00,16.2,1013.3,8570,16,30,2.7,61,Chuva
MET2024-0701,SBPA,2024-07-07 00:00,13.1,1018.9,5312,26,43,5.0,82,Chuva
MET2024-0702,SBPA,2024-07-07 03:00,12.2,1019.4,5312,26,47,5.0,92,Chuva
MET2024-0703,SBPA,2024-07-07 06:00,11.3,1019.8,5312,26,43,5.0,85,Chuva
MET2024-0704,SBPA,2024-07-07 09:00,12.2,1019.4,5312,26,44,5.0,90,Chuva
MET2024-0705,SBPA,2024-07-07 12:00,13.1,1018.9,5312,26,48,5.0,98,Chuva
MET2024-0701,SBCT,2024-07-07 00:00,12.5,1021.8,4019,31,49,4.7,81,Chuva
MET2024-0702,SBCT,2024-07-07 03:00,11.6,1022.2,4019,31,50,4.7,96,Chuva
MET2024-0703,SBCT,2024-07-07 06:00,10.7,1022.7,4019,31,50,4.7,87,Chuva
MET2024-0704,SBCT,2024-07-07 09:00,11.6,1022.2,4019,31,42,4.7,100,Chuva
MET2024-0705,SBCT,2024-07-07 12:00,12.5,1021.8,4019,31,53,4.7,87,Chuva
MET2024-0701,SBRF,2024-07-07 00:00,24.9,1012.5,10713,13,24,0.9,37,Chuva
MET2024-0702,SBRF,2024-07-07 03:00,24.0,1013.0,10713,13,36,0.9,23,Chuva
MET2024-0703,SBRF,2024-07-07 06:00,23.1,1013.4,10713,13,26,0.9,27,Chuva
MET2024-0704,SBRF,2024-07-07 09:00,24.0,1013.0,10713,13,29,0.9,24,Chuva
MET2024-0705,SBRF,2024-07-07 12:00,24.9,1012.5,10713,13,25,0.9,21,Chuva
MET2024-0701,SBFL,2024-07-07 00:00,15.3,1011.2,3993,22,43,4.4,89,Chuva
MET2024-0702,SBFL,2024-07-07 03:00,14.4,1011.6,3993,22,37,4.4,79,Chuva
MET2024-0703,SBFL,2024-07-07 06:00,13.5,1012.1,3993,22,34,4.4,90,Chuva
MET2024-0704,SBFL,2024-07-07 09:00,14.4,1011.6,3993,22,37,4.4,80,Chuva
MET2024-0705,SBFL,2024-07-07 12:00,15.3,1011.2,3993,22,33,4.4,93,Chuva
MET2024-0701,SBSV,2024-07-07 00:00,19.6,1017.4,11814,23,46,0.6,35,Chuva
MET2024-0702,SBSV,2024-07-07 03:00,18.7,1017.8,11814,23,38,0.6,14,Chuva
MET2024-0703,SBSV,2024-07-07 06:00,17.8,1018.3,11814,23,42,0.6,16,Chuva
MET2024-0704,SBSV,2024-07-07 09:00,18.7,1017.8,11814,23,35,0.6,22,Chuva
MET2024-0705,SBSV,2024-07-07 12:00,19.6,1017.4,11814,23,44,0.6,35,Chuva
MET2024-0701,SBCG,2024-07-07 00:00,19.3,1017.9,10439,21,35,2.4,50,Chuva
MET2024-0702,SBCG,2024-07-07 03:00,18.4,1018.4,10439,21,39,2.4,48,Chuva
MET2024-0703,SBCG,2024-07-07 06:00,17.5,1018.8,10439,21,35,2.4,69,Chuva
MET2024-0704,SBCG,2024-07-07 09:00,18.4,1018.4,10439,21,38,2.4,75,Chuva
MET2024-0705,SBCG,2024-07-07 12:00,19.3,1017.9,10439,21,44,2.4,60,Chuva
MET2024-0801,SBGR,2024-07-08 00:00,15.9,1015.1,8561,19,30,2.9,73,Chuva
MET2024-0802,SBGR,2024-07-08 03:00,15.0,1015.6,8561,19,35,2.9,55,Chuva
MET2024-0803,SBGR,2024-07-08 06:00,14.1,1016.0,8561,19,40,2.9,53,Chuva
MET2024-0804,SBGR,2024-07-08 09:00,15.0,1015.6,8561,19,30,2.9,60,Chuva
MET2024-0805,SBGR,2024-07-08 12:00,15.9,1015.1,8561,19,38,2.9,75,Chuva
MET2024-0801,SBGL,2024-07-08 00:00,17.6,1013.2,9054,22,40,2.2,48,Chuva
MET2024-0802,SBGL,2024-07-08 03:00,16.7,1013.7,9054,22,46,2.2,54,Chuva
MET2024-0803,SBGL,2024-07-08 06:00,15.8,1014.1,9054,22,45,2.2,43,Chuva
MET2024-0804,SBGL,2024-07-08 09:00,16.7,1013.7,9054,22,39,2.2,37,Chuva
MET2024-0805,SBGL,2024-07-08 12:00,17.6,1013.2,9054,22,40,2.2,46,Chuva
MET2024-0801,SBBR,2024-07-08 00:00,19.0,1012.7,11965,14,26,0.4,20,Ceu aberto
MET2024-0802,SBBR,2024-07-08 03:00,18.1,1013.2,11965,14,28,0.4,21,Ceu aberto
MET2024-0803,SBBR,2024-07-08 06:00,17.2,1013.6,11965,14,26,0.4,33,Ceu aberto
MET2024-0804,SBBR,2024-07-08 09:00,18.1,1013.2,11965,14,37,0.4,14,Ceu aberto
MET2024-0805,SBBR,2024-07-08 12:00,19.0,1012.7,11965,14,30,0.4,29,Ceu aberto
MET2024-0801,SBCF,2024-07-08 00:00,18.6,1010.5,9025,15,32,2.2,47,Chuva
MET2024-0802,SBCF,2024-07-08 03:00,17.7,1010.9,9025,15,32,2.2,63,Chuva
MET2024-0803,SBCF,2024-07-08 06:00,16.8,1011.4,9025,15,38,2.2,43,Chuva
MET2024-0804,SBCF,2024-07-08 09:00,17.7,1010.9,9025,15,39,2.2,56,Chuva
MET2024-0805,SBCF,2024-07-08 12:00,18.6,1010.5,9025,15,33,2.2,56,Chuva
MET2024-0801,SBPA,2024-07-08 00:00,11.8,1020.8,3892,23,48,4.3,82,Chuva
MET2024-0802,SBPA,2024-07-08 03:00,10.9,1021.2,3892,23,38,4.3,85,Chuva
MET2024-0803,SBPA,2024-07-08 06:00,10.0,1021.7,3892,23,34,4.3,75,Chuva
MET2024-0804,SBPA,2024-07-08 09:00,10.9,1021.2,3892,23,35,4.3,83,Chuva
MET2024-0805,SBPA,2024-07-08 12:00,11.8,1020.8,3892,23,40,4.3,70,Chuva
MET2024-0801,SBCT,2024-07-08 00:00,12.7,1018.6,2633,24,35,5.0,88,Chuva intensa
MET2024-0802,SBCT,2024-07-08 03:00,11.8,1019.0,2633,24,34,5.0,94,Chuva intensa
MET2024-0803,SBCT,2024-07-08 06:00,10.9,1019.5,2633,24,36,5.0,100,Chuva intensa
MET2024-0804,SBCT,2024-07-08 09:00,11.8,1019.0,2633,24,38,5.0,93,Chuva intensa
MET2024-0805,SBCT,2024-07-08 12:00,12.7,1018.6,2633,24,42,5.0,100,Chuva intensa
MET2024-0801,SBRF,2024-07-08 00:00,24.3,1011.2,11413,14,38,0.0,36,Ceu aberto
MET2024-0802,SBRF,2024-07-08 03:00,23.4,1011.6,11413,14,25,0.0,28,Ceu aberto
MET2024-0803,SBRF,2024-07-08 06:00,22.5,1012.1,11413,14,37,0.0,20,Ceu aberto
MET2024-0804,SBRF,2024-07-08 09:00,23.4,1011.6,11413,14,26,0.0,33,Ceu aberto
MET2024-0805,SBRF,2024-07-08 12:00,24.3,1011.2,11413,14,26,0.0,4,Ceu aberto
MET2024-0801,SBFL,2024-07-08 00:00,13.9,1013.2,7881,22,36,4.7,76,Chuva
MET2024-0802,SBFL,2024-07-08 03:00,13.0,1013.6,7881,22,45,4.7,84,Chuva
MET2024-0803,SBFL,2024-07-08 06:00,12.1,1014.1,7881,22,45,4.7,93,Chuva
MET2024-0804,SBFL,2024-07-08 09:00,13.0,1013.6,7881,22,46,4.7,91,Chuva
MET2024-0805,SBFL,2024-07-08 12:00,13.9,1013.2,7881,22,36,4.7,83,Chuva
MET2024-0801,SBSV,2024-07-08 00:00,19.8,1013.9,10915,16,36,0.8,31,Chuva
MET2024-0802,SBSV,2024-07-08 03:00,18.9,1014.3,10915,16,31,0.8,29,Chuva
MET2024-0803,SBSV,2024-07-08 06:00,18.0,1014.8,10915,16,29,0.8,42,Chuva
MET2024-0804,SBSV,2024-07-08 09:00,18.9,1014.3,10915,16,29,0.8,23,Chuva
MET2024-0805,SBSV,2024-07-08 12:00,19.8,1013.9,10915,16,38,0.8,40,Chuva
MET2024-0801,SBCG,2024-07-08 00:00,18.0,1011.4,11136,15,33,1.3,35,Chuva
MET2024-0802,SBCG,2024-07-08 03:00,17.1,1011.8,11136,15,32,1.3,37,Chuva
MET2024-0803,SBCG,2024-07-08 06:00,16.2,1012.3,11136,15,38,1.3,15,Chuva
MET2024-0804,SBCG,2024-07-08 09:00,17.1,1011.8,11136,15,37,1.3,25,Chuva
MET2024-0805,SBCG,2024-07-08 12:00,18.0,1011.4,11136,15,28,1.3,35,Chuva
MET2024-0901,SBGR,2024-07-09 00:00,16.5,1014.7,8336,16,32,2.9,75,Chuva
MET2024-0902,SBGR,2024-07-09 03:00,15.6,1015.2,8336,16,40,2.9,58,Chuva
MET2024-0903,SBGR,2024-07-09 06:00,14.7,1015.6,8336,16,30,2.9,57,Chuva
MET2024-0904,SBGR,2024-07-09 09:00,15.6,1015.2,8336,16,28,2.9,71,Chuva
MET2024-0905,SBGR,2024-07-09 12:00,16.5,1014.7,8336,16,35,2.9,61,Chuva
MET2024-0901,SBGL,2024-07-09 00:00,19.1,1014.0,10902,22,42,2.6,54,Chuva
MET2024-0902,SBGL,2024-07-09 03:00,18.2,1014.5,10902,22,43,2.6,45,Chuva
MET2024-0903,SBGL,2024-07-09 06:00,17.3,1014.9,10902,22,34,2.6,70,Chuva
MET2024-0904,SBGL,2024-07-09 09:00,18.2,1014.5,10902,22,39,2.6,39,Chuva
MET2024-0905,SBGL,2024-07-09 12:00,19.1,1014.0,10902,22,44,2.6,56,Chuva
MET2024-0901,SBBR,2024-07-09 00:00,17.0,1014.4,11830,11,30,0.6,29,Chuva
MET2024-0902,SBBR,2024-07-09 03:00,16.1,1014.9,11830,11,33,0.6,24,Chuva
MET2024-0903,SBBR,2024-07-09 06:00,15.2,1015.3,11830,11,35,0.6,23,Chuva
MET2024-0904,SBBR,2024-07-09 09:00,16.1,1014.9,11830,11,22,0.6,26,Chuva
MET2024-0905,SBBR,2024-07-09 12:00,17.0,1014.4,11830,11,28,0.6,45,Chuva
MET2024-0901,SBCF,2024-07-09 00:00,18.1,1007.0,9886,18,34,2.2,59,Chuva
MET2024-0902,SBCF,2024-07-09 03:00,17.2,1007.5,9886,18,42,2.2,39,Chuva
MET2024-0903,SBCF,2024-07-09 06:00,16.3,1007.9,9886,18,30,2.2,63,Chuva
MET2024-0904,SBCF,2024-07-09 09:00,17.2,1007.5,9886,18,41,2.2,67,Chuva
MET2024-0905,SBCF,2024-07-09 12:00,18.1,1007.0,9886,18,35,2.2,41,Chuva
MET2024-0901,SBPA,2024-07-09 00:00,13.3,1013.5,5593,24,45,4.1,97,Chuva
MET2024-0902,SBPA,2024-07-09 03:00,12.4,1014.0,5593,24,46,4.1,83,Chuva
MET2024-0903,SBPA,2024-07-09 06:00,11.5,1014.4,5593,24,48,4.1,67,Chuva
MET2024-0904,SBPA,2024-07-09 09:00,12.4,1014.0,5593,24,46,4.1,76,Chuva
MET2024-0905,SBPA,2024-07-09 12:00,13.3,1013.5,5593,24,40,4.1,89,Chuva
MET2024-0901,SBCT,2024-07-09 00:00,10.0,1017.2,3431,25,49,5.4,100,Chuva intensa
MET2024-0902,SBCT,2024-07-09 03:00,9.0,1017.7,3431,25,40,5.4,96,Chuva intensa
MET2024-0903,SBCT,2024-07-09 06:00,8.1,1018.1,3431,25,38,5.4,100,Chuva intensa
MET2024-0904,SBCT,2024-07-09 09:00,9.0,1017.7,3431,25,47,5.4,93,Chuva intensa
MET2024-0905,SBCT,2024-07-09 12:00,10.0,1017.2,3431,25,41,5.4,100,Chuva intensa
MET2024-0901,SBRF,2024-07-09 00:00,22.4,1011.8,12739,14,31,0.0,14,Ceu aberto
MET2024-0902,SBRF,2024-07-09 03:00,21.5,1012.2,12739,14,37,0.0,18,Ceu aberto
MET2024-0903,SBRF,2024-07-09 06:00,20.6,1012.7,12739,14,29,0.0,19,Ceu aberto
MET2024-0904,SBRF,2024-07-09 09:00,21.5,1012.2,12739,14,35,0.0,33,Ceu aberto
MET2024-0905,SBRF,2024-07-09 12:00,22.4,1011.8,12739,14,38,0.0,22,Ceu aberto
MET2024-0901,SBFL,2024-07-09 00:00,15.2,1020.3,5609,24,36,4.1,83,Chuva
MET2024-0902,SBFL,2024-07-09 03:00,14.3,1020.8,5609,24,44,4.1,88,Chuva
MET2024-0903,SBFL,2024-07-09 06:00,13.4,1021.2,5609,24,43,4.1,65,Chuva
MET2024-0904,SBFL,2024-07-09 09:00,14.3,1020.8,5609,24,40,4.1,77,Chuva
MET2024-0905,SBFL,2024-07-09 12:00,15.2,1020.3,5609,24,40,4.1,89,Chuva
MET2024-0901,SBSV,2024-07-09 00:00,24.8,1014.0,9947,20,44,0.7,34,Chuva
MET2024-0902,SBSV,2024-07-09 03:00,23.9,1014.5,9947,20,36,0.7,29,Chuva
MET2024-0903,SBSV,2024-07-09 06:00,23.0,1014.9,9947,20,43,0.7,16,Chuva
MET2024-0904,SBSV,2024-07-09 09:00,23.9,1014.5,9947,20,38,0.7,30,Chuva
MET2024-0905,SBSV,2024-07-09 12:00,24.8,1014.0,9947,20,37,0.7,38,Chuva
MET2024-0901,SBCG,2024-07-09 00:00,19.3,1013.0,9666,17,39,2.8,64,Chuva
MET2024-0902,SBCG,2024-07-09 03:00,18.4,1013.5,9666,17,29,2.8,57,Chuva
MET2024-0903,SBCG,2024-07-09 06:00,17.5,1013.9,9666,17,35,2.8,62,Chuva
MET2024-0904,SBCG,2024-07-09 09:00,18.4,1013.5,9666,17,30,2.8,57,Chuva
MET2024-0905,SBCG,2024-07-09 12:00,19.3,1013.0,9666,17,34,2.8,50,Chuva
MET2024-1001,SBGR,2024-07-10 00:00,15.5,1016.8,5573,19,38,3.8,87,Chuva
MET2024-1002,SBGR,2024-07-10 03:00,14.6,1017.3,5573,19,40,3.8,89,Chuva
MET2024-1003,SBGR,2024-07-10 06:00,13.6,1017.8,5573,19,36,3.8,70,Chuva
MET2024-1004,SBGR,2024-07-10 09:00,14.6,1017.3,5573,19,37,3.8,89,Chuva
MET2024-1005,SBGR,2024-07-10 12:00,15.5,1016.8,5573,19,34,3.8,93,Chuva
MET2024-1001,SBGL,2024-07-10 00:00,18.6,1016.2,8109,17,28,3.2,71,Chuva
MET2024-1002,SBGL,2024-07-10 03:00,17.7,1016.6,8109,17,31,3.2,53,Chuva
MET2024-1003,SBGL,2024-07-10 06:00,16.8,1017.1,8109,17,28,3.2,74,Chuva
MET2024-1004,SBGL,2024-07-10 09:00,17.7,1016.6,8109,17,28,3.2,72,Chuva
MET2024-1005,SBGL,2024-07-10 12:00,18.6,1016.2,8109,17,33,3.2,64,Chuva
MET2024-1001,SBBR,2024-07-10 00:00,20.8,1013.3,9790,11,33,1.2,37,Chuva
MET2024-1002,SBBR,2024-07-10 03:00,19.8,1013.7,9790,11,22,1.2,44,Chuva
MET2024-1003,SBBR,2024-07-10 06:00,18.9,1014.2,9790,11,34,1.2,55,Chuva
MET2024-1004,SBBR,2024-07-10 09:00,19.8,1013.7,9790,11,23,1.2,47,Chuva
MET2024-1005,SBBR,2024-07-10 12:00,20.8,1013.3,9790,11,27,1.2,38,Chuva
MET2024-1001,SBCF,2024-07-10 00:00,16.2,1014.3,7858,11,28,2.1,53,Chuva
MET2024-1002,SBCF,2024-07-10 03:00,15.3,1014.7,7858,11,31,2.1,51,Chuva
MET2024-1003,SBCF,2024-07-10 06:00,14.4,1015.2,7858,11,32,2.1,39,Chuva
MET2024-1004,SBCF,2024-07-10 09:00,15.3,1014.7,7858,11,34,2.1,66,Chuva
MET2024-1005,SBCF,2024-07-10 12:00,16.2,1014.3,7858,11,23,2.1,63,Chuva
MET2024-1001,SBPA,2024-07-10 00:00,11.7,1020.7,5407,28,44,4.7,97,Chuva
MET2024-1002,SBPA,2024-07-10 03:00,10.8,1021.2,5407,28,47,4.7,86,Chuva
MET2024-1003,SBPA,2024-07-10 06:00,9.9,1021.7,5407,28,52,4.7,92,Chuva
MET2024-1004,SBPA,2024-07-10 09:00,10.8,1021.2,5407,28,51,4.7,98,Chuva
MET2024-1005,SBPA,2024-07-10 12:00,11.7,1020.7,5407,28,46,4.7,84,Chuva
MET2024-1001,SBCT,2024-07-10 00:00,9.0,1016.8,4000,29,49,5.2,86,Chuva intensa
MET2024-1002,SBCT,2024-07-10 03:00,8.1,1017.3,4000,29,49,5.2,81,Chuva intensa
MET2024-1003,SBCT,2024-07-10 06:00,7.2,1017.7,4000,29,42,5.2,95,Chuva intensa
MET2024-1004,SBCT,2024-07-10 09:00,8.1,1017.3,4000,29,46,5.2,95,Chuva intensa
MET2024-1005,SBCT,2024-07-10 12:00,9.0,1016.8,4000,29,50,5.2,100,Chuva intensa
MET2024-1001,SBRF,2024-07-10 00:00,23.7,1010.4,11854,11,33,0.2,8,Ceu aberto
MET2024-1002,SBRF,2024-07-10 03:00,22.8,1010.8,11854,11,33,0.2,5,Ceu aberto
MET2024-1003,SBRF,2024-07-10 06:00,21.9,1011.3,11854,11,29,0.2,36,Ceu aberto
MET2024-1004,SBRF,2024-07-10 09:00,22.8,1010.8,11854,11,31,0.2,16,Ceu aberto
MET2024-1005,SBRF,2024-07-10 12:00,23.7,1010.4,11854,11,29,0.2,51,Ceu aberto
MET2024-1001,SBFL,2024-07-10 00:00,15.3,1014.9,5229,24,36,4.0,84,Chuva
MET2024-1002,SBFL,2024-07-10 03:00,14.4,1015.4,5229,24,42,4.0,73,Chuva
MET2024-1003,SBFL,2024-07-10 06:00,13.5,1015.9,5229,24,40,4.0,72,Chuva
MET2024-1004,SBFL,2024-07-10 09:00,14.4,1015.4,5229,24,40,4.0,77,Chuva
MET2024-1005,SBFL,2024-07-10 12:00,15.3,1014.9,5229,24,36,4.0,93,Chuva
MET2024-1001,SBSV,2024-07-10 00:00,22.1,1008.7,9719,15,39,2.0,55,Chuva
MET2024-1002,SBSV,2024-07-10 03:00,21.2,1009.2,9719,15,39,2.0,46,Chuva
MET2024-1003,SBSV,2024-07-10 06:00,20.2,1009.6,9719,15,39,2.0,42,Chuva
MET2024-1004,SBSV,2024-07-10 09:00,21.2,1009.2,9719,15,40,2.0,49,Chuva
MET2024-1005,SBSV,2024-07-10 12:00,22.1,1008.7,9719,15,26,2.0,56,Chuva
MET2024-1001,SBCG,2024-07-10 00:00,18.3,1014.1,7148,20,43,2.9,58,Chuva
MET2024-1002,SBCG,2024-07-10 03:00,17.4,1014.6,7148,20,40,2.9,76,Chuva
MET2024-1003,SBCG,2024-07-10 06:00,16.5,1015.0,7148,20,44,2.9,61,Chuva
MET2024-1004,SBCG,2024-07-10 09:00,17.4,1014.6,7148,20,32,2.9,45,Chuva
MET2024-1005,SBCG,2024-07-10 12:00,18.3,1014.1,7148,20,31,2.9,66,Chuva
MET2024-1101,SBGR,2024-07-11 00:00,18.0,1016.2,7981,16,31,3.0,62,Chuva
MET2024-1102,SBGR,2024-07-11 03:00,17.1,1016.7,7981,16,35,3.0,60,Chuva
MET2024-1103,SBGR,2024-07-11 06:00,16.1,1017.1,7981,16,30,3.0,82,Chuva
MET2024-1104,SBGR,2024-07-11 09:00,17.1,1016.7,7981,16,29,3.0,60,Chuva
MET2024-1105,SBGR,2024-07-11 12:00,18.0,1016.2,7981,16,34,3.0,53,Chuva
MET2024-1101,SBGL,2024-07-11 00:00,16.5,1012.4,9114,19,43,2.5,53,Chuva
MET2024-1102,SBGL,2024-07-11 03:00,15.6,1012.9,9114,19,34,2.5,59,Chuva
MET2024-1103,SBGL,2024-07-11 06:00,14.6,1013.4,9114,19,39,2.5,53,Chuva
MET2024-1104,SBGL,2024-07-11 09:00,15.6,1012.9,9114,19,38,2.5,44,Chuva
MET2024-1105,SBGL,2024-07-11 12:00,16.5,1012.4,9114,19,37,2.5,62,Chuva
MET2024-1101,SBBR,2024-07-11 00:00,17.8,1015.2,11065,11,24,0.7,20,Chuva
MET2024-1102,SBBR,2024-07-11 03:00,16.8,1015.7,11065,11,36,0.7,29,Chuva
MET2024-1103,SBBR,2024-07-11 06:00,15.9,1016.2,11065,11,27,0.7,18,Chuva
MET2024-1104,SBBR,2024-07-11 09:00,16.8,1015.7,11065,11,31,0.7,28,Chuva
MET2024-1105,SBBR,2024-07-11 12:00,17.8,1015.2,11065,11,26,0.7,19,Chuva
MET2024-1101,SBCF,2024-07-11 00:00,19.1,1010.9,7155,15,40,1.8,45,Chuva
MET2024-1102,SBCF,2024-07-11 03:00,18.1,1011.4,7155,15,25,1.8,39,Chuva
MET2024-1103,SBCF,2024-07-11 06:00,17.2,1011.9,7155,15,39,1.8,66,Chuva
MET2024-1104,SBCF,2024-07-11 09:00,18.1,1011.4,7155,15,29,1.8,31,Chuva
MET2024-1105,SBCF,2024-07-11 12:00,19.1,1010.9,7155,15,35,1.8,75,Chuva
MET2024-1101,SBPA,2024-07-11 00:00,14.0,1014.5,4000,24,48,5.1,93,Chuva intensa
MET2024-1102,SBPA,2024-07-11 03:00,13.1,1014.9,4000,24,42,5.1,84,Chuva intensa
MET2024-1103,SBPA,2024-07-11 06:00,12.2,1015.4,4000,24,35,5.1,89,Chuva intensa
MET2024-1104,SBPA,2024-07-11 09:00,13.1,1014.9,4000,24,38,5.1,100,Chuva intensa
MET2024-1105,SBPA,2024-07-11 12:00,14.0,1014.5,4000,24,48,5.1,100,Chuva intensa
MET2024-1101,SBCT,2024-07-11 00:00,14.5,1012.7,8098,17,34,4.0,63,Chuva
MET2024-1102,SBCT,2024-07-11 03:00,13.5,1013.2,8098,17,38,4.0,78,Chuva
MET2024-1103,SBCT,2024-07-11 06:00,12.6,1013.6,8098,17,28,4.0,84,Chuva
MET2024-1104,SBCT,2024-07-11 09:00,13.5,1013.2,8098,17,35,4.0,67,Chuva
MET2024-1105,SBCT,2024-07-11 12:00,14.5,1012.7,8098,17,39,4.0,82,Chuva
MET2024-1101,SBRF,2024-07-11 00:00,24.6,1012.0,10783,23,40,1.0,36,Chuva
MET2024-1102,SBRF,2024-07-11 03:00,23.6,1012.5,10783,23,39,1.0,62,Chuva
MET2024-1103,SBRF,2024-07-11 06:00,22.7,1012.9,10783,23,36,1.0,32,Chuva
MET2024-1104,SBRF,2024-07-11 09:00,23.6,1012.5,10783,23,46,1.0,46,Chuva
MET2024-1105,SBRF,2024-07-11 12:00,24.6,1012.0,10783,23,34,1.0,49,Chuva
MET2024-1101,SBFL,2024-07-11 00:00,13.4,1018.1,5804,22,34,4.7,73,Chuva
MET2024-1102,SBFL,2024-07-11 03:00,12.5,1018.5,5804,22,39,4.7,100,Chuva
MET2024-1103,SBFL,2024-07-11 06:00,11.6,1019.0,5804,22,37,4.7,96,Chuva
MET2024-1104,SBFL,2024-07-11 09:00,12.5,1018.5,5804,22,34,4.7,100,Chuva
MET2024-1105,SBFL,2024-07-11 12:00,13.4,1018.1,5804,22,33,4.7,80,Chuva
MET2024-1101,SBSV,2024-07-11 00:00,22.5,1017.8,10311,15,26,0.6,36,Chuva
MET2024-1102,SBSV,2024-07-11 03:00,21.6,1018.3,10311,15,36,0.6,9,Chuva
MET2024-1103,SBSV,2024-07-11 06:00,20.6,1018.8,10311,15,31,0.6,42,Chuva
MET2024-1104,SBSV,2024-07-11 09:00,21.6,1018.3,10311,15,29,0.6,32,Chuva
MET2024-1105,SBSV,2024-07-11 12:00,22.5,1017.8,10311,15,32,0.6,16,Chuva
MET2024-1101,SBCG,2024-07-11 00:00,17.0,1013.9,10848,18,31,0.7,35,Chuva
MET2024-1102,SBCG,2024-07-11 03:00,16.1,1014.4,10848,18,29,0.7,22,Chuva
MET2024-1103,SBCG,2024-07-11 06:00,15.2,1014.8,10848,18,38,0.7,37,Chuva
MET2024-1104,SBCG,2024-07-11 09:00,16.1,1014.4,10848,18,34,0.7,22,Chuva
MET2024-1105,SBCG,2024-07-11 12:00,17.0,1013.9,10848,18,33,0.7,6,Chuva
MET2024-1201,SBGR,2024-07-12 00:00,16.5,1013.8,9256,20,33,2.5,39,Chuva
MET2024-1202,SBGR,2024-07-12 03:00,15.6,1014.3,9256,20,33,2.5,50,Chuva
MET2024-1203,SBGR,2024-07-12 06:00,14.6,1014.8,9256,20,34,2.5,50,Chuva
MET2024-1204,SBGR,2024-07-12 09:00,15.6,1014.3,9256,20,32,2.5,50,Chuva
MET2024-1205,SBGR,2024-07-12 12:00,16.5,1013.8,9256,20,32,2.5,59,Chuva
MET2024-1201,SBGL,2024-07-12 00:00,16.8,1019.3,9265,24,36,2.8,48,Chuva
MET2024-1202,SBGL,2024-07-12 03:00,15.9,1019.7,9265,24,42,2.8,45,Chuva
MET2024-1203,SBGL,2024-07-12 06:00,14.9,1020.2,9265,24,43,2.8,57,Chuva
MET2024-1204,SBGL,2024-07-12 09:00,15.9,1019.7,9265,24,47,2.8,47,Chuva
MET2024-1205,SBGL,2024-07-12 12:00,16.8,1019.3,9265,24,38,2.8,56,Chuva
MET2024-1201,SBBR,2024-07-12 00:00,17.3,1013.3,11772,12,34,0.0,4,Ceu aberto
MET2024-1202,SBBR,2024-07-12 03:00,16.4,1013.7,11772,12,31,0.0,4,Ceu aberto
MET2024-1203,SBBR,2024-07-12 06:00,15.5,1014.2,11772,12,34,0.0,30,Ceu aberto
MET2024-1204,SBBR,2024-07-12 09:00,16.4,1013.7,11772,12,22,0.0,20,Ceu aberto
MET2024-1205,SBBR,2024-07-12 12:00,17.3,1013.3,11772,12,28,0.0,30,Ceu aberto
MET2024-1201,SBCF,2024-07-12 00:00,21.1,1011.9,6992,12,30,1.9,37,Chuva
MET2024-1202,SBCF,2024-07-12 03:00,20.1,1012.3,6992,12,28,1.9,40,Chuva
MET2024-1203,SBCF,2024-07-12 06:00,19.2,1012.8,6992,12,37,1.9,66,Chuva
MET2024-1204,SBCF,2024-07-12 09:00,20.1,1012.3,6992,12,31,1.9,47,Chuva
MET2024-1205,SBCF,2024-07-12 12:00,21.1,1011.9,6992,12,28,1.9,49,Chuva
MET2024-1201,SBPA,2024-07-12 00:00,14.4,1011.2,4000,25,37,5.3,100,Chuva intensa
MET2024-1202,SBPA,2024-07-12 03:00,13.5,1011.7,4000,25,37,5.3,100,Chuva intensa
MET2024-1203,SBPA,2024-07-12 06:00,12.5,1012.1,4000,25,41,5.3,99,Chuva intensa
MET2024-1204,SBPA,2024-07-12 09:00,13.5,1011.7,4000,25,40,5.3,100,Chuva intensa
MET2024-1205,SBPA,2024-07-12 12:00,14.4,1011.2,4000,25,47,5.3,100,Chuva intensa
MET2024-1201,SBCT,2024-07-12 00:00,12.6,1013.5,4453,28,39,4.4,78,Chuva
MET2024-1202,SBCT,2024-07-12 03:00,11.7,1014.0,4453,28,43,4.4,100,Chuva
MET2024-1203,SBCT,2024-07-12 06:00,10.8,1014.4,4453,28,49,4.4,88,Chuva
MET2024-1204,SBCT,2024-07-12 09:00,11.7,1014.0,4453,28,43,4.4,98,Chuva
MET2024-1205,SBCT,2024-07-12 12:00,12.6,1013.5,4453,28,46,4.4,100,Chuva
MET2024-1201,SBRF,2024-07-12 00:00,22.5,1016.0,11485,12,34,0.6,37,Chuva
MET2024-1202,SBRF,2024-07-12 03:00,21.6,1016.5,11485,12,27,0.6,12,Chuva
MET2024-1203,SBRF,2024-07-12 06:00,20.6,1017.0,11485,12,25,0.6,14,Chuva
MET2024-1204,SBRF,2024-07-12 09:00,21.6,1016.5,11485,12,23,0.6,31,Chuva
MET2024-1205,SBRF,2024-07-12 12:00,22.5,1016.0,11485,12,25,0.6,29,Chuva
MET2024-1201,SBFL,2024-07-12 00:00,16.1,1014.3,6093,25,42,4.6,78,Chuva
MET2024-1202,SBFL,2024-07-12 03:00,15.2,1014.8,6093,25,44,4.6,75,Chuva
MET2024-1203,SBFL,2024-07-12 06:00,14.3,1015.3,6093,25,43,4.6,86,Chuva
MET2024-1204,SBFL,2024-07-12 09:00,15.2,1014.8,6093,25,43,4.6,94,Chuva
MET2024-1205,SBFL,2024-07-12 12:00,16.1,1014.3,6093,25,45,4.6,96,Chuva
MET2024-1201,SBSV,2024-07-12 00:00,23.1,1011.7,10852,17,30,1.4,19,Chuva
MET2024-1202,SBSV,2024-07-12 03:00,22.2,1012.1,10852,17,39,1.4,57,Chuva
MET2024-1203,SBSV,2024-07-12 06:00,21.3,1012.6,10852,17,41,1.4,47,Chuva
MET2024-1204,SBSV,2024-07-12 09:00,22.2,1012.1,10852,17,38,1.4,31,Chuva
MET2024-1205,SBSV,2024-07-12 12:00,23.1,1011.7,10852,17,27,1.4,57,Chuva
MET2024-1201,SBCG,2024-07-12 00:00,19.9,1010.4,9330,21,32,1.7,62,Chuva
MET2024-1202,SBCG,2024-07-12 03:00,19.0,1010.9,9330,21,34,1.7,50,Chuva
MET2024-1203,SBCG,2024-07-12 06:00,18.1,1011.4,9330,21,45,1.7,52,Chuva
MET2024-1204,SBCG,2024-07-12 09:00,19.0,1010.9,9330,21,33,1.7,54,Chuva
MET2024-1205,SBCG,2024-07-12 12:00,19.9,1010.4,9330,21,34,1.7,32,Chuva
MET2024-1301,SBGR,2024-07-13 00:00,18.6,1015.2,8977,13,28,2.7,49,Chuva
MET2024-1302,SBGR,2024-07-13 03:00,17.6,1015.7,8977,13,26,2.7,51,Chuva
MET2024-1303,SBGR,2024-07-13 06:00,16.7,1016.2,8977,13,37,2.7,55,Chuva
MET2024-1304,SBGR,2024-07-13 09:00,17.6,1015.7,8977,13,29,2.7,57,Chuva
MET2024-1305,SBGR,2024-07-13 12:00,18.6,1015.2,8977,13,28,2.7,44,Chuva
MET2024-1301,SBGL,2024-07-13 00:00,20.9,1013.0,7977,19,39,2.3,74,Chuva
MET2024-1302,SBGL,2024-07-13 03:00,19.9,1013.5,7977,19,42,2.3,63,Chuva
MET2024-1303,SBGL,2024-07-13 06:00,18.9,1014.0,7977,19,40,2.3,53,Chuva
MET2024-1304,SBGL,2024-07-13 09:00,19.9,1013.5,7977,19,36,2.3,38,Chuva
MET2024-1305,SBGL,2024-07-13 12:00,20.9,1013.0,7977,19,44,2.3,64,Chuva
MET2024-1301,SBBR,2024-07-13 00:00,20.7,1013.0,13071,5,22,0.0,14,Ceu aberto
MET2024-1302,SBBR,2024-07-13 03:00,19.7,1013.5,13071,5,19,0.0,25,Ceu aberto
MET2024-1303,SBBR,2024-07-13 06:00,18.7,1014.0,13071,5,23,0.0,11,Ceu aberto
MET2024-1304,SBBR,2024-07-13 09:00,19.7,1013.5,13071,5,18,0.0,28,Ceu aberto
MET2024-1305,SBBR,2024-07-13 12:00,20.7,1013.0,13071,5,16,0.0,3,Ceu aberto
MET2024-1301,SBCF,2024-07-13 00:00,19.1,1015.1,9948,17,36,1.7,66,Chuva
MET2024-1302,SBCF,2024-07-13 03:00,18.2,1015.6,9948,17,27,1.7,58,Chuva
MET2024-1303,SBCF,2024-07-13 06:00,17.2,1016.1,9948,17,34,1.7,51,Chuva
MET2024-1304,SBCF,2024-07-13 09:00,18.2,1015.6,9948,17,32,1.7,54,Chuva
MET2024-1305,SBCF,2024-07-13 12:00,19.1,1015.1,9948,17,37,1.7,32,Chuva
MET2024-1301,SBPA,2024-07-13 00:00,12.9,1020.1,5831,31,49,4.4,96,Chuva
MET2024-1302,SBPA,2024-07-13 03:00,11.9,1020.6,5831,31,49,4.4,86,Chuva
MET2024-1303,SBPA,2024-07-13 06:00,11.0,1021.1,5831,31,50,4.4,93,Chuva
MET2024-1304,SBPA,2024-07-13 09:00,11.9,1020.6,5831,31,48,4.4,87,Chuva
MET2024-1305,SBPA,2024-07-13 12:00,12.9,1020.1,5831,31,52,4.4,83,Chuva
MET2024-1301,SBCT,2024-07-13 00:00,10.8,1013.8,4911,26,46,4.1,82,Chuva
MET2024-1302,SBCT,2024-07-13 03:00,9.8,1014.3,4911,26,42,4.1,70,Chuva
MET2024-1303,SBCT,2024-07-13 06:00,8.9,1014.8,4911,26,40,4.1,93,Chuva
MET2024-1304,SBCT,2024-07-13 09:00,9.8,1014.3,4911,26,51,4.1,88,Chuva
MET2024-1305,SBCT,2024-07-13 12:00,10.8,1013.8,4911,26,42,4.1,93,Chuva
MET2024-1301,SBRF,2024-07-13 00:00,27.3,1012.3,12961,17,30,0.3,21,Ceu aberto
MET2024-1302,SBRF,2024-07-13 03:00,26.3,1012.8,12961,17,33,0.3,27,Ceu aberto
MET2024-1303,SBRF,2024-07-13 06:00,25.4,1013.3,12961,17,35,0.3,24,Ceu aberto
MET2024-1304,SBRF,2024-07-13 09:00,26.3,1012.8,12961,17,41,0.3,23,Ceu aberto
MET2024-1305,SBRF,2024-07-13 12:00,27.3,1012.3,12961,17,41,0.3,16,Ceu aberto
MET2024-1301,SBFL,2024-07-13 00:00,17.8,1022.7,7172,24,35,3.8,65,Chuva
MET2024-1302,SBFL,2024-07-13 03:00,16.9,1023.2,7172,24,43,3.8,81,Chuva
MET2024-1303,SBFL,2024-07-13 06:00,15.9,1023.7,7172,24,38,3.8,69,Chuva
MET2024-1304,SBFL,2024-07-13 09:00,16.9,1023.2,7172,24,41,3.8,65,Chuva
MET2024-1305,SBFL,2024-07-13 12:00,17.8,1022.7,7172,24,45,3.8,80,Chuva
MET2024-1301,SBSV,2024-07-13 00:00,24.6,1008.9,10768,14,27,0.9,23,Chuva
MET2024-1302,SBSV,2024-07-13 03:00,23.7,1009.4,10768,14,35,0.9,38,Chuva
MET2024-1303,SBSV,2024-07-13 06:00,22.7,1009.9,10768,14,37,0.9,29,Chuva
MET2024-1304,SBSV,2024-07-13 09:00,23.7,1009.4,10768,14,27,0.9,25,Chuva
MET2024-1305,SBSV,2024-07-13 12:00,24.6,1008.9,10768,14,30,0.9,35,Chuva
MET2024-1301,SBCG,2024-07-13 00:00,21.6,1016.5,9194,17,38,1.1,33,Chuva
MET2024-1302,SBCG,2024-07-13 03:00,20.6,1017.0,9194,17,35,1.1,26,Chuva
MET2024-1303,SBCG,2024-07-13 06:00,19.7,1017.5,9194,17,32,1.1,44,Chuva
MET2024-1304,SBCG,2024-07-13 09:00,20.6,1017.0,9194,17,32,1.1,36,Chuva
MET2024-1305,SBCG,2024-07-13 12:00,21.6,1016.5,9194,17,35,1.1,36,Chuva
MET2024-1401,SBGR,2024-07-14 00:00,16.9,1015.4,7907,19,29,2.6,56,Chuva
MET2024-1402,SBGR,2024-07-14 03:00,15.9,1015.9,7907,19,37,2.6,44,Chuva
MET2024-1403,SBGR,2024-07-14 06:00,15.0,1016.4,7907,19,35,2.6,61,Chuva
MET2024-1404,SBGR,2024-07-14 09:00,15.9,1015.9,7907,19,39,2.6,51,Chuva
MET2024-1405,SBGR,2024-07-14 12:00,16.9,1015.4,7907,19,29,2.6,50,Chuva
MET2024-1401,SBGL,2024-07-14 00:00,18.5,1013.7,9836,16,26,1.8,54,Chuva
MET2024-1402,SBGL,2024-07-14 03:00,17.5,1014.2,9836,16,29,1.8,32,Chuva
MET2024-1403,SBGL,2024-07-14 06:00,16.6,1014.7,9836,16,33,1.8,43,Chuva
MET2024-1404,SBGL,2024-07-14 09:00,17.5,1014.2,9836,16,29,1.8,28,Chuva
MET2024-1405,SBGL,2024-07-14 12:00,18.5,1013.7,9836,16,31,1.8,56,Chuva
MET2024-1401,SBBR,2024-07-14 00:00,23.9,1009.2,12740,10,28,0.5,31,Ceu aberto
MET2024-1402,SBBR,2024-07-14 03:00,22.9,1009.7,12740,10,21,0.5,23,Ceu aberto
MET2024-1403,SBBR,2024-07-14 06:00,22.0,1010.2,12740,10,23,0.5,14,Ceu aberto
MET2024-1404,SBBR,2024-07-14 09:00,22.9,1009.7,12740,10,33,0.5,25,Ceu aberto
MET2024-1405,SBBR,2024-07-14 12:00,23.9,1009.2,12740,10,29,0.5,15,Ceu aberto
MET2024-1401,SBCF,2024-07-14 00:00,17.2,1018.5,9606,16,33,1.4,39,Chuva
MET2024-1402,SBCF,2024-07-14 03:00,16.2,1019.0,9606,16,39,1.4,51,Chuva
MET2024-1403,SBCF,2024-07-14 06:00,15.3,1019.5,9606,16,34,1.4,44,Chuva
MET2024-1404,SBCF,2024-07-14 09:00,16.2,1019.0,9606,16,28,1.4,50,Chuva
MET2024-1405,SBCF,2024-07-14 12:00,17.2,1018.5,9606,16,31,1.4,47,Chuva
MET2024-1401,SBPA,2024-07-14 00:00,9.6,1018.7,4469,24,35,3.9,74,Chuva
MET2024-1402,SBPA,2024-07-14 03:00,8.7,1019.2,4469,24,37,3.9,72,Chuva
MET2024-1403,SBPA,2024-07-14 06:00,7.7,1019.7,4469,24,39,3.9,67,Chuva
MET2024-1404,SBPA,2024-07-14 09:00,8.7,1019.2,4469,24,34,3.9,100,Chuva
MET2024-1405,SBPA,2024-07-14 12:00,9.6,1018.7,4469,24,44,3.9,96,Chuva
MET2024-1401,SBCT,2024-07-14 00:00,15.1,1011.3,8102,17,33,3.2,73,Chuva
MET2024-1402,SBCT,2024-07-14 03:00,14.1,1011.8,8102,17,32,3.2,57,Chuva
MET2024-1403,SBCT,2024-07-14 06:00,13.1,1012.3,8102,17,35,3.2,64,Chuva
MET2024-1404,SBCT,2024-07-14 09:00,14.1,1011.8,8102,17,39,3.2,63,Chuva
MET2024-1405,SBCT,2024-07-14 12:00,15.1,1011.3,8102,17,40,3.2,39,Chuva
MET2024-1401,SBRF,2024-07-14 00:00,25.3,1018.0,12520,15,29,0.0,23,Ceu aberto
MET2024-1402,SBRF,2024-07-14 03:00,24.4,1018.5,12520,15,37,0.0,22,Ceu aberto
MET2024-1403,SBRF,2024-07-14 06:00,23.4,1018.9,12520,15,30,0.0,16,Ceu aberto
MET2024-1404,SBRF,2024-07-14 09:00,24.4,1018.5,12520,15,32,0.0,17,Ceu aberto
MET2024-1405,SBRF,2024-07-14 12:00,25.3,1018.0,12520,15,33,0.0,29,Ceu aberto
MET2024-1401,SBFL,2024-07-14 00:00,16.9,1012.2,9032,18,29,2.8,67,Chuva
MET2024-1402,SBFL,2024-07-14 03:00,15.9,1012.7,9032,18,42,2.8,68,Chuva
MET2024-1403,SBFL,2024-07-14 06:00,14.9,1013.2,9032,18,41,2.8,57,Chuva
MET2024-1404,SBFL,2024-07-14 09:00,15.9,1012.7,9032,18,39,2.8,65,Chuva
MET2024-1405,SBFL,2024-07-14 12:00,16.9,1012.2,9032,18,39,2.8,57,Chuva
MET2024-1401,SBSV,2024-07-14 00:00,21.0,1017.5,8639,18,33,2.2,56,Chuva
MET2024-1402,SBSV,2024-07-14 03:00,20.0,1018.0,8639,18,35,2.2,67,Chuva
MET2024-1403,SBSV,2024-07-14 06:00,19.0,1018.5,8639,18,41,2.2,40,Chuva
MET2024-1404,SBSV,2024-07-14 09:00,20.0,1018.0,8639,18,30,2.2,43,Chuva
MET2024-1405,SBSV,2024-07-14 12:00,21.0,1017.5,8639,18,37,2.2,50,Chuva
MET2024-1401,SBCG,2024-07-14 00:00,21.0,1013.4,9733,15,38,2.4,59,Chuva
MET2024-1402,SBCG,2024-07-14 03:00,20.0,1013.9,9733,15,28,2.4,48,Chuva
MET2024-1403,SBCG,2024-07-14 06:00,19.0,1014.4,9733,15,32,2.4,52,Chuva
MET2024-1404,SBCG,2024-07-14 09:00,20.0,1013.9,9733,15,34,2.4,55,Chuva
MET2024-1405,SBCG,2024-07-14 12:00,21.0,1013.4,9733,15,39,2.4,51,Chuva
MET2024-1501,SBGR,2024-07-15 00:00,16.2,1016.1,8064,17,30,2.6,68,Chuva
MET2024-1502,SBGR,2024-07-15 03:00,15.2,1016.6,8064,17,30,2.6,48,Chuva
MET2024-1503,SBGR,2024-07-15 06:00,14.2,1017.1,8064,17,34,2.6,65,Chuva
MET2024-1504,SBGR,2024-07-15 09:00,15.2,1016.6,8064,17,39,2.6,56,Chuva
MET2024-1505,SBGR,2024-07-15 12:00,16.2,1016.1,8064,17,39,2.6,73,Chuva
MET2024-1501,SBGL,2024-07-15 00:00,20.7,1016.6,9022,14,28,1.5,39,Chuva
MET2024-1502,SBGL,2024-07-15 03:00,19.7,1017.1,9022,14,27,1.5,51,Chuva
MET2024-1503,SBGL,2024-07-15 06:00,18.7,1017.6,9022,14,25,1.5,41,Chuva
MET2024-1504,SBGL,2024-07-15 09:00,19.7,1017.1,9022,14,35,1.5,36,Chuva
MET2024-1505,SBGL,2024-07-15 12:00,20.7,1016.6,9022,14,38,1.5,45,Chuva
MET2024-1501,SBBR,2024-07-15 00:00,19.1,1016.4,10796,13,36,0.5,27,Ceu aberto
MET2024-1502,SBBR,2024-07-15 03:00,18.1,1016.9,10796,13,30,0.5,14,Ceu aberto
MET2024-1503,SBBR,2024-07-15 06:00,17.1,1017.4,10796,13,33,0.5,33,Ceu aberto
MET2024-1504,SBBR,2024-07-15 09:00,18.1,1016.9,10796,13,35,0.5,50,Ceu aberto
MET2024-1505,SBBR,2024-07-15 12:00,19.1,1016.4,10796,13,30,0.5,22,Ceu aberto
MET2024-1501,SBCF,2024-07-15 00:00,19.0,1015.9,10212,14,30,0.9,28,Chuva
MET2024-1502,SBCF,2024-07-15 03:00,18.0,1016.4,10212,14,36,0.9,34,Chuva
MET2024-1503,SBCF,2024-07-15 06:00,17.0,1016.9,10212,14,36,0.9,17,Chuva
MET2024-1504,SBCF,2024-07-15 09:00,18.0,1016.4,10212,14,29,0.9,20,Chuva
MET2024-1505,SBCF,2024-07-15 12:00,19.0,1015.9,10212,14,25,0.9,40,Chuva
MET2024-1501,SBPA,2024-07-15 00:00,13.8,1017.3,6693,24,48,3.7,75,Chuva
MET2024-1502,SBPA,2024-07-15 03:00,12.8,1017.8,6693,24,38,3.7,66,Chuva
MET2024-1503,SBPA,2024-07-15 06:00,11.8,1018.3,6693,24,44,3.7,75,Chuva
MET2024-1504,SBPA,2024-07-15 09:00,12.8,1017.8,6693,24,34,3.7,74,Chuva
MET2024-1505,SBPA,2024-07-15 12:00,13.8,1017.3,6693,24,48,3.7,74,Chuva
MET2024-1501,SBCT,2024-07-15 00:00,14.5,1017.1,4370,20,38,3.1,50,Chuva
MET2024-1502,SBCT,2024-07-15 03:00,13.5,1017.6,4370,20,39,3.1,66,Chuva
MET2024-1503,SBCT,2024-07-15 06:00,12.5,1018.1,4370,20,35,3.1,62,Chuva
MET2024-1504,SBCT,2024-07-15 09:00,13.5,1017.6,4370,20,36,3.1,49,Chuva
MET2024-1505,SBCT,2024-07-15 12:00,14.5,1017.1,4370,20,36,3.1,85,Chuva
MET2024-1501,SBRF,2024-07-15 00:00,27.3,1014.7,10679,20,35,1.0,53,Chuva
MET2024-1502,SBRF,2024-07-15 03:00,26.3,1015.2,10679,20,37,1.0,26,Chuva
MET2024-1503,SBRF,2024-07-15 06:00,25.3,1015.7,10679,20,33,1.0,30,Chuva
MET2024-1504,SBRF,2024-07-15 09:00,26.3,1015.2,10679,20,31,1.0,46,Chuva
MET2024-1505,SBRF,2024-07-15 12:00,27.3,1014.7,10679,20,44,1.0,47,Chuva
MET2024-1501,SBFL,2024-07-15 00:00,19.1,1010.3,7278,22,41,2.8,48,Chuva
MET2024-1502,SBFL,2024-07-15 03:00,18.1,1010.8,7278,22,45,2.8,49,Chuva
MET2024-1503,SBFL,2024-07-15 06:00,17.1,1011.3,7278,22,40,2.8,66,Chuva
MET2024-1504,SBFL,2024-07-15 09:00,18.1,1010.8,7278,22,44,2.8,62,Chuva
MET2024-1505,SBFL,2024-07-15 12:00,19.1,1010.3,7278,22,37,2.8,77,Chuva
MET2024-1501,SBSV,2024-07-15 00:00,21.6,1012.2,9378,19,33,0.9,20,Chuva
MET2024-1502,SBSV,2024-07-15 03:00,20.6,1012.7,9378,19,38,0.9,36,Chuva
MET2024-1503,SBSV,2024-07-15 06:00,19.6,1013.2,9378,19,33,0.9,25,Chuva
MET2024-1504,SBSV,2024-07-15 09:00,20.6,1012.7,9378,19,29,0.9,29,Chuva
MET2024-1505,SBSV,2024-07-15 12:00,21.6,1012.2,9378,19,40,0.9,38,Chuva
MET2024-1501,SBCG,2024-07-15 00:00,21.5,1013.0,12034,12,36,1.2,31,Chuva
MET2024-1502,SBCG,2024-07-15 03:00,20.5,1013.5,12034,12,30,1.2,31,Chuva
MET2024-1503,SBCG,2024-07-15 06:00,19.5,1014.0,12034,12,32,1.2,34,Chuva
MET2024-1504,SBCG,2024-07-15 09:00,20.5,1013.5,12034,12,31,1.2,42,Chuva
MET2024-1505,SBCG,2024-07-15 12:00,21.5,1013.0,12034,12,22,1.2,36,Chuva
MET2024-1601,SBGR,2024-07-16 00:00,19.1,1013.8,6822,14,26,2.6,59,Chuva
MET2024-1602,SBGR,2024-07-16 03:00,18.1,1014.3,6822,14,38,2.6,52,Chuva
MET2024-1603,SBGR,2024-07-16 06:00,17.1,1014.8,6822,14,35,2.6,63,Chuva
MET2024-1604,SBGR,2024-07-16 09:00,18.1,1014.3,6822,14,30,2.6,71,Chuva
MET2024-1605,SBGR,2024-07-16 12:00,19.1,1013.8,6822,14,39,2.6,53,Chuva
MET2024-1601,SBGL,2024-07-16 00:00,20.1,1010.9,7502,15,36,1.5,40,Chuva
MET2024-1602,SBGL,2024-07-16 03:00,19.1,1011.4,7502,15,32,1.5,47,Chuva
MET2024-1603,SBGL,2024-07-16 06:00,18.0,1011.9,7502,15,37,1.5,36,Chuva
MET2024-1604,SBGL,2024-07-16 09:00,19.1,1011.4,7502,15,33,1.5,51,Chuva
MET2024-1605,SBGL,2024-07-16 12:00,20.1,1010.9,7502,15,30,1.5,27,Chuva
MET2024-1601,SBBR,2024-07-16 00:00,23.6,1008.5,11233,8,31,0.0,23,Ceu aberto
MET2024-1602,SBBR,2024-07-16 03:00,22.6,1009.0,11233,8,24,0.0,9,Ceu aberto
MET2024-1603,SBBR,2024-07-16 06:00,21.6,1009.5,11233,8,24,0.0,13,Ceu aberto
MET2024-1604,SBBR,2024-07-16 09:00,22.6,1009.0,11233,8,23,0.0,8,Ceu aberto
MET2024-1605,SBBR,2024-07-16 12:00,23.6,1008.5,11233,8,27,0.0,29,Ceu aberto
MET2024-1601,SBCF,2024-07-16 00:00,20.4,1011.9,11098,9,20,1.1,33,Chuva
MET2024-1602,SBCF,2024-07-16 03:00,19.3,1012.4,11098,9,24,1.1,33,Chuva
MET2024-1603,SBCF,2024-07-16 06:00,18.3,1012.9,11098,9,31,1.1,33,Chuva
MET2024-1604,SBCF,2024-07-16 09:00,19.3,1012.4,11098,9,20,1.1,16,Chuva
MET2024-1605,SBCF,2024-07-16 12:00,20.4,1011.9,11098,9,27,1.1,47,Chuva
MET2024-1601,SBPA,2024-07-16 00:00,11.5,1020.1,7476,21,33,3.2,70,Chuva
MET2024-1602,SBPA,2024-07-16 03:00,10.5,1020.6,7476,21,45,3.2,74,Chuva
MET2024-1603,SBPA,2024-07-16 06:00,9.5,1021.1,7476,21,37,3.2,47,Chuva
MET2024-1604,SBPA,2024-07-16 09:00,10.5,1020.6,7476,21,33,3.2,75,Chuva
MET2024-1605,SBPA,2024-07-16 12:00,11.5,1020.1,7476,21,34,3.2,92,Chuva
MET2024-1601,SBCT,2024-07-16 00:00,15.4,1014.1,4640,25,46,3.8,80,Chuva
MET2024-1602,SBCT,2024-07-16 03:00,14.4,1014.6,4640,25,44,3.8,81,Chuva
MET2024-1603,SBCT,2024-07-16 06:00,13.3,1015.1,4640,25,45,3.8,68,Chuva
MET2024-1604,SBCT,2024-07-16 09:00,14.4,1014.6,4640,25,35,3.8,58,Chuva
MET2024-1605,SBCT,2024-07-16 12:00,15.4,1014.1,4640,25,45,3.8,67,Chuva
MET2024-1601,SBRF,2024-07-16 00:00,27.2,1007.3,12330,17,28,0.9,38,Chuva
MET2024-1602,SBRF,2024-07-16 03:00,26.2,1007.8,12330,17,29,0.9,21,Chuva
MET2024-1603,SBRF,2024-07-16 06:00,25.1,1008.3,12330,17,36,0.9,48,Chuva
MET2024-1604,SBRF,2024-07-16 09:00,26.2,1007.8,12330,17,37,0.9,26,Chuva
MET2024-1605,SBRF,2024-07-16 12:00,27.2,1007.3,12330,17,28,0.9,30,Chuva
MET2024-1601,SBFL,2024-07-16 00:00,17.2,1023.0,8184,24,34,1.7,31,Chuva
MET2024-1602,SBFL,2024-07-16 03:00,16.2,1023.5,8184,24,39,1.7,54,Chuva
MET2024-1603,SBFL,2024-07-16 06:00,15.2,1024.0,8184,24,47,1.7,28,Chuva
MET2024-1604,SBFL,2024-07-16 09:00,16.2,1023.5,8184,24,41,1.7,50,Chuva
MET2024-1605,SBFL,2024-07-16 12:00,17.2,1023.0,8184,24,44,1.7,46,Chuva
MET2024-1601,SBSV,2024-07-16 00:00,25.4,1013.7,12207,19,40,0.4,34,Ceu aberto
MET2024-1602,SBSV,2024-07-16 03:00,24.3,1014.2,12207,19,32,0.4,21,Ceu aberto
MET2024-1603,SBSV,2024-07-16 06:00,23.3,1014.7,12207,19,35,0.4,16,Ceu aberto
MET2024-1604,SBSV,2024-07-16 09:00,24.3,1014.2,12207,19,37,0.4,8,Ceu aberto
MET2024-1605,SBSV,2024-07-16 12:00,25.4,1013.7,12207,19,30,0.4,24,Ceu aberto
MET2024-1601,SBCG,2024-07-16 00:00,19.1,1018.7,11081,14,32,1.4,45,Chuva
MET2024-1602,SBCG,2024-07-16 03:00,18.1,1019.2,11081,14,26,1.4,31,Chuva
MET2024-1603,SBCG,2024-07-16 06:00,17.1,1019.7,11081,14,31,1.4,48,Chuva
MET2024-1604,SBCG,2024-07-16 09:00,18.1,1019.2,11081,14,25,1.4,40,Chuva
MET2024-1605,SBCG,2024-07-16 12:00,19.1,1018.7,11081,14,38,1.4,42,Chuva
MET2024-1701,SBGR,2024-07-17 00:00,18.5,1018.1,9445,19,41,1.5,56,Chuva
MET2024-1702,SBGR,2024-07-17 03:00,17.5,1018.6,9445,19,36,1.5,43,Chuva
MET2024-1703,SBGR,2024-07-17 06:00,16.5,1019.1,9445,19,36,1.5,50,Chuva
MET2024-1704,SBGR,2024-07-17 09:00,17.5,1018.6,9445,19,41,1.5,45,Chuva
MET2024-1705,SBGR,2024-07-17 12:00,18.5,1018.1,9445,19,32,1.5,56,Chuva
MET2024-1701,SBGL,2024-07-17 00:00,21.5,1013.1,10518,18,38,1.5,37,Chuva
MET2024-1702,SBGL,2024-07-17 03:00,20.5,1013.6,10518,18,41,1.5,28,Chuva
MET2024-1703,SBGL,2024-07-17 06:00,19.5,1014.2,10518,18,33,1.5,44,Chuva
MET2024-1704,SBGL,2024-07-17 09:00,20.5,1013.6,10518,18,33,1.5,36,Chuva
MET2024-1705,SBGL,2024-07-17 12:00,21.5,1013.1,10518,18,31,1.5,43,Chuva
MET2024-1701,SBBR,2024-07-17 00:00,22.4,1012.5,10752,7,24,1.2,39,Chuva
MET2024-1702,SBBR,2024-07-17 03:00,21.4,1013.0,10752,7,29,1.2,29,Chuva
MET2024-1703,SBBR,2024-07-17 06:00,20.4,1013.6,10752,7,20,1.2,41,Chuva
MET2024-1704,SBBR,2024-07-17 09:00,21.4,1013.0,10752,7,24,1.2,53,Chuva
MET2024-1705,SBBR,2024-07-17 12:00,22.4,1012.5,10752,7,26,1.2,32,Chuva
MET2024-1701,SBCF,2024-07-17 00:00,18.0,1012.3,9672,9,22,1.5,16,Chuva
MET2024-1702,SBCF,2024-07-17 03:00,17.0,1012.8,9672,9,29,1.5,38,Chuva
MET2024-1703,SBCF,2024-07-17 06:00,16.0,1013.4,9672,9,27,1.5,49,Chuva
MET2024-1704,SBCF,2024-07-17 09:00,17.0,1012.8,9672,9,34,1.5,52,Chuva
MET2024-1705,SBCF,2024-07-17 12:00,18.0,1012.3,9672,9,21,1.5,26,Chuva
MET2024-1701,SBPA,2024-07-17 00:00,13.4,1017.9,7791,25,48,2.4,77,Chuva
MET2024-1702,SBPA,2024-07-17 03:00,12.3,1018.4,7791,25,49,2.4,63,Chuva
MET2024-1703,SBPA,2024-07-17 06:00,11.3,1019.0,7791,25,44,2.4,55,Chuva
MET2024-1704,SBPA,2024-07-17 09:00,12.3,1018.4,7791,25,43,2.4,41,Chuva
MET2024-1705,SBPA,2024-07-17 12:00,13.4,1017.9,7791,25,35,2.4,53,Chuva
MET2024-1701,SBCT,2024-07-17 00:00,13.6,1010.8,5981,14,25,2.0,48,Chuva
MET2024-1702,SBCT,2024-07-17 03:00,12.6,1011.4,5981,14,36,2.0,65,Chuva
MET2024-1703,SBCT,2024-07-17 06:00,11.5,1011.9,5981,14,26,2.0,54,Chuva
MET2024-1704,SBCT,2024-07-17 09:00,12.6,1011.4,5981,14,33,2.0,41,Chuva
MET2024-1705,SBCT,2024-07-17 12:00,13.6,1010.8,5981,14,24,2.0,42,Chuva
MET2024-1701,SBRF,2024-07-17 00:00,26.4,1009.5,10882,15,26,0.4,13,Ceu aberto
MET2024-1702,SBRF,2024-07-17 03:00,25.4,1010.0,10882,15,38,0.4,22,Ceu aberto
MET2024-1703,SBRF,2024-07-17 06:00,24.4,1010.5,10882,15,35,0.4,26,Ceu aberto
MET2024-1704,SBRF,2024-07-17 09:00,25.4,1010.0,10882,15,31,0.4,18,Ceu aberto
MET2024-1705,SBRF,2024-07-17 12:00,26.4,1009.5,10882,15,35,0.4,20,Ceu aberto
MET2024-1701,SBFL,2024-07-17 00:00,14.8,1015.6,7954,26,38,2.7,71,Chuva
MET2024-1702,SBFL,2024-07-17 03:00,13.7,1016.2,7954,26,47,2.7,67,Chuva
MET2024-1703,SBFL,2024-07-17 06:00,12.7,1016.7,7954,26,38,2.7,59,Chuva
MET2024-1704,SBFL,2024-07-17 09:00,13.7,1016.2,7954,26,46,2.7,65,Chuva
MET2024-1705,SBFL,2024-07-17 12:00,14.8,1015.6,7954,26,41,2.7,59,Chuva
MET2024-1701,SBSV,2024-07-17 00:00,26.2,1010.0,11608,7,24,0.3,15,Ceu aberto
MET2024-1702,SBSV,2024-07-17 03:00,25.2,1010.5,11608,7,20,0.3,28,Ceu aberto
MET2024-1703,SBSV,2024-07-17 06:00,24.1,1011.1,11608,7,18,0.3,31,Ceu aberto
MET2024-1704,SBSV,2024-07-17 09:00,25.2,1010.5,11608,7,27,0.3,28,Ceu aberto
MET2024-1705,SBSV,2024-07-17 12:00,26.2,1010.0,11608,7,17,0.3,26,Ceu aberto
MET2024-1701,SBCG,2024-07-17 00:00,22.0,1012.2,10948,15,33,0.9,35,Chuva
MET2024-1702,SBCG,2024-07-17 03:00,21.0,1012.7,10948,15,29,0.9,38,Chuva
MET2024-1703,SBCG,2024-07-17 06:00,20.0,1013.3,10948,15,27,0.9,28,Chuva
MET2024-1704,SBCG,2024-07-17 09:00,21.0,1012.7,10948,15,32,0.9,20,Chuva
MET2024-1705,SBCG,2024-07-17 12:00,22.0,1012.2,10948,15,30,0.9,35,Chuva
MET2024-1801,SBGR,2024-07-18 00:00,16.4,1013.7,9356,12,25,1.4,45,Chuva
MET2024-1802,SBGR,2024-07-18 03:00,15.3,1014.2,9356,12,32,1.4,50,Chuva
MET2024-1803,SBGR,2024-07-18 06:00,14.3,1014.8,9356,12,27,1.4,52,Chuva
MET2024-1804,SBGR,2024-07-18 09:00,15.3,1014.2,9356,12,26,1.4,52,Chuva
MET2024-1805,SBGR,2024-07-18 12:00,16.4,1013.7,9356,12,29,1.4,39,Chuva
MET2024-1801,SBGL,2024-07-18 00:00,19.4,1013.5,11144,9,31,1.3,36,Chuva
MET2024-1802,SBGL,2024-07-18 03:00,18.3,1014.1,11144,9,29,1.3,47,Chuva
MET2024-1803,SBGL,2024-07-18 06:00,17.3,1014.6,11144,9,19,1.3,42,Chuva
MET2024-1804,SBGL,2024-07-18 09:00,18.3,1014.1,11144,9,27,1.3,42,Chuva
MET2024-1805,SBGL,2024-07-18 12:00,19.4,1013.5,11144,9,24,1.3,54,Chuva
MET2024-1801,SBBR,2024-07-18 00:00,24.8,1010.3,13214,13,29,0.7,40,Chuva
MET2024-1802,SBBR,2024-07-18 03:00,23.8,1010.9,13214,13,31,0.7,24,Chuva
MET2024-1803,SBBR,2024-07-18 06:00,22.7,1011.4,13214,13,29,0.7,41,Chuva
MET2024-1804,SBBR,2024-07-18 09:00,23.8,1010.9,13214,13,25,0.7,19,Chuva
MET2024-1805,SBBR,2024-07-18 12:00,24.8,1010.3,13214,13,29,0.7,47,Chuva
MET2024-1801,SBCF,2024-07-18 00:00,19.4,1013.4,11149,14,37,0.9,37,Chuva
MET2024-1802,SBCF,2024-07-18 03:00,18.3,1013.9,11149,14,34,0.9,33,Chuva
MET2024-1803,SBCF,2024-07-18 06:00,17.3,1014.5,11149,14,32,0.9,44,Chuva
MET2024-1804,SBCF,2024-07-18 09:00,18.3,1013.9,11149,14,38,0.9,32,Chuva
MET2024-1805,SBCF,2024-07-18 12:00,19.4,1013.4,11149,14,28,0.9,43,Chuva
MET2024-1801,SBPA,2024-07-18 00:00,12.4,1013.3,6259,19,34,2.2,57,Chuva
MET2024-1802,SBPA,2024-07-18 03:00,11.4,1013.8,6259,19,30,2.2,61,Chuva
MET2024-1803,SBPA,2024-07-18 06:00,10.3,1014.4,6259,19,42,2.2,44,Chuva
MET2024-1804,SBPA,2024-07-18 09:00,11.4,1013.8,6259,19,32,2.2,33,Chuva
MET2024-1805,SBPA,2024-07-18 12:00,12.4,1013.3,6259,19,42,2.2,28,Chuva
MET2024-1801,SBCT,2024-07-18 00:00,13.9,1020.4,7591,22,46,2.3,53,Chuva
MET2024-1802,SBCT,2024-07-18 03:00,12.8,1020.9,7591,22,43,2.3,71,Chuva
MET2024-1803,SBCT,2024-07-18 06:00,11.7,1021.4,7591,22,38,2.3,78,Chuva
MET2024-1804,SBCT,2024-07-18 09:00,12.8,1020.9,7591,22,40,2.3,44,Chuva
MET2024-1805,SBCT,2024-07-18 12:00,13.9,1020.4,7591,22,43,2.3,72,Chuva
MET2024-1801,SBRF,2024-07-18 00:00,27.4,1011.4,9782,12,32,0.0,28,Ceu aberto
MET2024-1802,SBRF,2024-07-18 03:00,26.4,1011.9,9782,12,35,0.0,28,Ceu aberto
MET2024-1803,SBRF,2024-07-18 06:00,25.3,1012.4,9782,12,37,0.0,18,Ceu aberto
MET2024-1804,SBRF,2024-07-18 09:00,26.4,1011.9,9782,12,24,0.0,32,Ceu aberto
MET2024-1805,SBRF,2024-07-18 12:00,27.4,1011.4,9782,12,22,0.0,20,Ceu aberto
MET2024-1801,SBFL,2024-07-18 00:00,14.6,1018.8,6934,23,36,2.7,72,Chuva
MET2024-1802,SBFL,2024-07-18 03:00,13.6,1019.4,6934,23,34,2.7,43,Chuva
MET2024-1803,SBFL,2024-07-18 06:00,12.5,1019.9,6934,23,45,2.7,53,Chuva
MET2024-1804,SBFL,2024-07-18 09:00,13.6,1019.4,6934,23,45,2.7,82,Chuva
MET2024-1805,SBFL,2024-07-18 12:00,14.6,1018.8,6934,23,42,2.7,51,Chuva
MET2024-1801,SBSV,2024-07-18 00:00,24.9,1016.2,10051,12,28,0.0,36,Ceu aberto
MET2024-1802,SBSV,2024-07-18 03:00,23.9,1016.7,10051,12,23,0.0,10,Ceu aberto
MET2024-1803,SBSV,2024-07-18 06:00,22.8,1017.3,10051,12,25,0.0,26,Ceu aberto
MET2024-1804,SBSV,2024-07-18 09:00,23.9,1016.7,10051,12,28,0.0,24,Ceu aberto
MET2024-1805,SBSV,2024-07-18 12:00,24.9,1016.2,10051,12,27,0.0,5,Ceu aberto
MET2024-1801,SBCG,2024-07-18 00:00,24.7,1004.2,10373,13,29,0.8,42,Chuva
MET2024-1802,SBCG,2024-07-18 03:00,23.7,1004.7,10373,13,23,0.8,62,Chuva
MET2024-1803,SBCG,2024-07-18 06:00,22.6,1005.2,10373,13,31,0.8,31,Chuva
MET2024-1804,SBCG,2024-07-18 09:00,23.7,1004.7,10373,13,34,0.8,26,Chuva
MET2024-1805,SBCG,2024-07-18 12:00,24.7,1004.2,10373,13,35,0.8,25,Chuva
MET2024-1901,SBGR,2024-07-19 00:00,17.1,1015.4,8571,13,31,1.6,36,Chuva
MET2024-1902,SBGR,2024-07-19 03:00,16.0,1016.0,8571,13,25,1.6,47,Chuva
MET2024-1903,SBGR,2024-07-19 06:00,14.9,1016.5,8571,13,28,1.6,31,Chuva
MET2024-1904,SBGR,2024-07-19 09:00,16.0,1016.0,8571,13,32,1.6,37,Chuva
MET2024-1905,SBGR,2024-07-19 12:00,17.1,1015.4,8571,13,27,1.6,40,Chuva
MET2024-1901,SBGL,2024-07-19 00:00,21.0,1009.6,8775,18,38,1.2,35,Chuva
MET2024-1902,SBGL,2024-07-19 03:00,19.9,1010.1,8775,18,43,1.2,30,Chuva
MET2024-1903,SBGL,2024-07-19 06:00,18.9,1010.7,8775,18,37,1.2,62,Chuva
MET2024-1904,SBGL,2024-07-19 09:00,19.9,1010.1,8775,18,42,1.2,33,Chuva
MET2024-1905,SBGL,2024-07-19 12:00,21.0,1009.6,8775,18,32,1.2,47,Chuva
MET2024-1901,SBBR,2024-07-19 00:00,23.6,1006.0,11692,15,37,0.4,23,Ceu aberto
MET2024-1902,SBBR,2024-07-19 03:00,22.6,1006.5,11692,15,30,0.4,17,Ceu aberto
MET2024-1903,SBBR,2024-07-19 06:00,21.5,1007.1,11692,15,39,0.4,44,Ceu aberto
MET2024-1904,SBBR,2024-07-19 09:00,22.6,1006.5,11692,15,38,0.4,45,Ceu aberto
MET2024-1905,SBBR,2024-07-19 12:00,23.6,1006.0,11692,15,39,0.4,28,Ceu aberto
MET2024-1901,SBCF,2024-07-19 00:00,17.4,1013.7,8509,16,37,1.5,39,Chuva
MET2024-1902,SBCF,2024-07-19 03:00,16.3,1014.2,8509,16,32,1.5,36,Chuva
MET2024-1903,SBCF,2024-07-19 06:00,15.3,1014.7,8509,16,30,1.5,30,Chuva
MET2024-1904,SBCF,2024-07-19 09:00,16.3,1014.2,8509,16,28,1.5,33,Chuva
MET2024-1905,SBCF,2024-07-19 12:00,17.4,1013.7,8509,16,32,1.5,51,Chuva
MET2024-1901,SBPA,2024-07-19 00:00,15.3,1016.2,6310,22,41,2.5,48,Chuva
MET2024-1902,SBPA,2024-07-19 03:00,14.2,1016.8,6310,22,38,2.5,50,Chuva
MET2024-1903,SBPA,2024-07-19 06:00,13.2,1017.3,6310,22,40,2.5,55,Chuva
MET2024-1904,SBPA,2024-07-19 09:00,14.2,1016.8,6310,22,39,2.5,44,Chuva
MET2024-1905,SBPA,2024-07-19 12:00,15.3,1016.2,6310,22,36,2.5,61,Chuva
MET2024-1901,SBCT,2024-07-19 00:00,13.3,1017.5,5963,18,38,1.8,47,Chuva
MET2024-1902,SBCT,2024-07-19 03:00,12.3,1018.0,5963,18,36,1.8,53,Chuva
MET2024-1903,SBCT,2024-07-19 06:00,11.2,1018.5,5963,18,30,1.8,53,Chuva
MET2024-1904,SBCT,2024-07-19 09:00,12.3,1018.0,5963,18,34,1.8,42,Chuva
MET2024-1905,SBCT,2024-07-19 12:00,13.3,1017.5,5963,18,32,1.8,40,Chuva
MET2024-1901,SBRF,2024-07-19 00:00,24.7,1016.7,10724,20,39,0.7,18,Chuva
MET2024-1902,SBRF,2024-07-19 03:00,23.6,1017.2,10724,20,38,0.7,48,Chuva
MET2024-1903,SBRF,2024-07-19 06:00,22.6,1017.7,10724,20,32,0.7,30,Chuva
MET2024-1904,SBRF,2024-07-19 09:00,23.6,1017.2,10724,20,40,0.7,35,Chuva
MET2024-1905,SBRF,2024-07-19 12:00,24.7,1016.7,10724,20,37,0.7,23,Chuva
MET2024-1901,SBFL,2024-07-19 00:00,15.6,1015.4,6274,21,35,2.7,58,Chuva
MET2024-1902,SBFL,2024-07-19 03:00,14.5,1015.9,6274,21,38,2.7,57,Chuva
MET2024-1903,SBFL,2024-07-19 06:00,13.5,1016.4,6274,21,42,2.7,71,Chuva
MET2024-1904,SBFL,2024-07-19 09:00,14.5,1015.9,6274,21,32,2.7,57,Chuva
MET2024-1905,SBFL,2024-07-19 12:00,15.6,1015.4,6274,21,37,2.7,57,Chuva
MET2024-1901,SBSV,2024-07-19 00:00,25.1,1015.3,12299,17,36,0.0,30,Ceu aberto
MET2024-1902,SBSV,2024-07-19 03:00,24.0,1015.9,12299,17,33,0.0,16,Ceu aberto
MET2024-1903,SBSV,2024-07-19 06:00,23.0,1016.4,12299,17,37,0.0,27,Ceu aberto
MET2024-1904,SBSV,2024-07-19 09:00,24.0,1015.9,12299,17,32,0.0,5,Ceu aberto
MET2024-1905,SBSV,2024-07-19 12:00,25.1,1015.3,12299,17,33,0.0,13,Ceu aberto
MET2024-1901,SBCG,2024-07-19 00:00,24.9,1009.1,11541,14,33,0.8,26,Chuva
MET2024-1902,SBCG,2024-07-19 03:00,23.8,1009.6,11541,14,38,0.8,33,Chuva
MET2024-1903,SBCG,2024-07-19 06:00,22.8,1010.2,11541,14,37,0.8,26,Chuva
MET2024-1904,SBCG,2024-07-19 09:00,23.8,1009.6,11541,14,28,0.8,34,Chuva
MET2024-1905,SBCG,2024-07-19 12:00,24.9,1009.1,11541,14,34,0.8,33,Chuva
MET2024-2001,SBGR,2024-07-20 00:00,18.7,1014.4,9400,15,29,0.7,29,Chuva
MET2024-2002,SBGR,2024-07-20 03:00,17.6,1015.0,9400,15,26,0.7,49,Chuva
MET2024-2003,SBGR,2024-07-20 06:00,16.5,1015.5,9400,15,33,0.7,41,Chuva
MET2024-2004,SBGR,2024-07-20 09:00,17.6,1015.0,9400,15,38,0.7,33,Chuva
MET2024-2005,SBGR,2024-07-20 12:00,18.7,1014.4,9400,15,26,0.7,40,Chuva
MET2024-2001,SBGL,2024-07-20 00:00,20.6,1018.8,11806,19,31,1.4,38,Chuva
MET2024-2002,SBGL,2024-07-20 03:00,19.5,1019.4,11806,19,39,1.4,29,Chuva
MET2024-2003,SBGL,2024-07-20 06:00,18.5,1019.9,11806,19,32,1.4,26,Chuva
MET2024-2004,SBGL,2024-07-20 09:00,19.5,1019.4,11806,19,38,1.4,36,Chuva
MET2024-2005,SBGL,2024-07-20 12:00,20.6,1018.8,11806,19,34,1.4,40,Chuva
MET2024-2001,SBBR,2024-07-20 00:00,24.7,1013.5,12945,13,27,0.0,17,Ceu aberto
MET2024-2002,SBBR,2024-07-20 03:00,23.7,1014.1,12945,13,35,0.0,19,Ceu aberto
MET2024-2003,SBBR,2024-07-20 06:00,22.6,1014.6,12945,13,23,0.0,23,Ceu aberto
MET2024-2004,SBBR,2024-07-20 09:00,23.7,1014.1,12945,13,25,0.0,27,Ceu aberto
MET2024-2005,SBBR,2024-07-20 12:00,24.7,1013.5,12945,13,24,0.0,2,Ceu aberto
MET2024-2001,SBCF,2024-07-20 00:00,20.4,1013.9,9589,13,33,1.2,52,Chuva
MET2024-2002,SBCF,2024-07-20 03:00,19.3,1014.4,9589,13,33,1.2,46,Chuva
MET2024-2003,SBCF,2024-07-20 06:00,18.2,1015.0,9589,13,38,1.2,58,Chuva
MET2024-2004,SBCF,2024-07-20 09:00,19.3,1014.4,9589,13,34,1.2,42,Chuva
MET2024-2005,SBCF,2024-07-20 12:00,20.4,1013.9,9589,13,26,1.2,41,Chuva
MET2024-2001,SBPA,2024-07-20 00:00,15.1,1013.9,7778,24,42,3.1,50,Chuva
MET2024-2002,SBPA,2024-07-20 03:00,14.1,1014.4,7778,24,35,3.1,78,Chuva
MET2024-2003,SBPA,2024-07-20 06:00,13.0,1015.0,7778,24,36,3.1,71,Chuva
MET2024-2004,SBPA,2024-07-20 09:00,14.1,1014.4,7778,24,43,3.1,55,Chuva
MET2024-2005,SBPA,2024-07-20 12:00,15.1,1013.9,7778,24,36,3.1,70,Chuva
MET2024-2001,SBCT,2024-07-20 00:00,14.0,1016.2,6018,20,39,2.3,71,Chuva
MET2024-2002,SBCT,2024-07-20 03:00,12.9,1016.8,6018,20,31,2.3,52,Chuva
MET2024-2003,SBCT,2024-07-20 06:00,11.8,1017.3,6018,20,34,2.3,63,Chuva
MET2024-2004,SBCT,2024-07-20 09:00,12.9,1016.8,6018,20,37,2.3,65,Chuva
MET2024-2005,SBCT,2024-07-20 12:00,14.0,1016.2,6018,20,44,2.3,52,Chuva
MET2024-2001,SBRF,2024-07-20 00:00,29.4,1009.1,11996,12,22,0.6,23,Chuva
MET2024-2002,SBRF,2024-07-20 03:00,28.3,1009.6,11996,12,31,0.6,15,Chuva
MET2024-2003,SBRF,2024-07-20 06:00,27.2,1010.2,11996,12,32,0.6,17,Chuva
MET2024-2004,SBRF,2024-07-20 09:00,28.3,1009.6,11996,12,35,0.6,39,Chuva
MET2024-2005,SBRF,2024-07-20 12:00,29.4,1009.1,11996,12,26,0.6,31,Chuva
MET2024-2001,SBFL,2024-07-20 00:00,13.2,1020.7,7782,19,40,2.2,70,Chuva
MET2024-2002,SBFL,2024-07-20 03:00,12.1,1021.2,7782,19,38,2.2,37,Chuva
MET2024-2003,SBFL,2024-07-20 06:00,11.0,1021.8,7782,19,30,2.2,59,Chuva
MET2024-2004,SBFL,2024-07-20 09:00,12.1,1021.2,7782,19,36,2.2,33,Chuva
MET2024-2005,SBFL,2024-07-20 12:00,13.2,1020.7,7782,19,40,2.2,58,Chuva
MET2024-2001,SBSV,2024-07-20 00:00,24.0,1016.6,11024,20,30,0.9,53,Chuva
MET2024-2002,SBSV,2024-07-20 03:00,22.9,1017.1,11024,20,40,0.9,38,Chuva
MET2024-2003,SBSV,2024-07-20 06:00,21.8,1017.6,11024,20,42,0.9,31,Chuva
MET2024-2004,SBSV,2024-07-20 09:00,22.9,1017.1,11024,20,39,0.9,25,Chuva
MET2024-2005,SBSV,2024-07-20 12:00,24.0,1016.6,11024,20,35,0.9,26,Chuva
MET2024-2001,SBCG,2024-07-20 00:00,20.0,1012.9,8947,16,32,1.6,46,Chuva
MET2024-2002,SBCG,2024-07-20 03:00,18.9,1013.4,8947,16,35,1.6,31,Chuva
MET2024-2003,SBCG,2024-07-20 06:00,17.8,1014.0,8947,16,35,1.6,33,Chuva
MET2024-2004,SBCG,2024-07-20 09:00,18.9,1013.4,8947,16,33,1.6,27,Chuva
MET2024-2005,SBCG,2024-07-20 12:00,20.0,1012.9,8947,16,31,1.6,50,Chuva
MET2024-2101,SBGR,2024-07-21 00:00,19.4,1013.9,8967,13,31,1.4,37,Chuva
MET2024-2102,SBGR,2024-07-21 03:00,18.3,1014.5,8967,13,28,1.4,17,Chuva
MET2024-2103,SBGR,2024-07-21 06:00,17.2,1015.0,8967,13,32,1.4,44,Chuva
MET2024-2104,SBGR,2024-07-21 09:00,18.3,1014.5,8967,13,25,1.4,54,Chuva
MET2024-2105,SBGR,2024-07-21 12:00,19.4,1013.9,8967,13,29,1.4,31,Chuva
MET2024-2101,SBGL,2024-07-21 00:00,21.6,1016.9,9448,17,30,1.2,45,Chuva
MET2024-2102,SBGL,2024-07-21 03:00,20.5,1017.5,9448,17,29,1.2,35,Chuva
MET2024-2103,SBGL,2024-07-21 06:00,19.4,1018.0,9448,17,27,1.2,21,Chuva
MET2024-2104,SBGL,2024-07-21 09:00,20.5,1017.5,9448,17,33,1.2,44,Chuva
MET2024-2105,SBGL,2024-07-21 12:00,21.6,1016.9,9448,17,35,1.2,39,Chuva
MET2024-2101,SBBR,2024-07-21 00:00,24.4,1014.8,11468,10,33,0.6,29,Chuva
MET2024-2102,SBBR,2024-07-21 03:00,23.3,1015.3,11468,10,24,0.6,22,Chuva
MET2024-2103,SBBR,2024-07-21 06:00,22.2,1015.8,11468,10,34,0.6,22,Chuva
MET2024-2104,SBBR,2024-07-21 09:00,23.3,1015.3,11468,10,33,0.6,23,Chuva
MET2024-2105,SBBR,2024-07-21 12:00,24.4,1014.8,11468,10,28,0.6,42,Chuva
MET2024-2101,SBCF,2024-07-21 00:00,18.3,1012.6,9524,12,29,0.6,44,Chuva
MET2024-2102,SBCF,2024-07-21 03:00,17.2,1013.2,9524,12,27,0.6,37,Chuva
MET2024-2103,SBCF,2024-07-21 06:00,16.1,1013.7,9524,12,33,0.6,35,Chuva
MET2024-2104,SBCF,2024-07-21 09:00,17.2,1013.2,9524,12,33,0.6,22,Chuva
MET2024-2105,SBCF,2024-07-21 12:00,18.3,1012.6,9524,12,29,0.6,17,Chuva
MET2024-2101,SBPA,2024-07-21 00:00,17.1,1013.1,6493,20,34,2.1,50,Chuva
MET2024-2102,SBPA,2024-07-21 03:00,16.0,1013.7,6493,20,40,2.1,43,Chuva
MET2024-2103,SBPA,2024-07-21 06:00,14.9,1014.2,6493,20,38,2.1,49,Chuva
MET2024-2104,SBPA,2024-07-21 09:00,16.0,1013.7,6493,20,41,2.1,61,Chuva
MET2024-2105,SBPA,2024-07-21 12:00,17.1,1013.1,6493,20,35,2.1,51,Chuva
MET2024-2101,SBCT,2024-07-21 00:00,16.0,1008.8,6818,22,37,1.3,43,Chuva
MET2024-2102,SBCT,2024-07-21 03:00,14.9,1009.4,6818,22,34,1.3,33,Chuva
MET2024-2103,SBCT,2024-07-21 06:00,13.8,1009.9,6818,22,43,1.3,45,Chuva
MET2024-2104,SBCT,2024-07-21 09:00,14.9,1009.4,6818,22,46,1.3,64,Chuva
MET2024-2105,SBCT,2024-07-21 12:00,16.0,1008.8,6818,22,39,1.3,56,Chuva
MET2024-2101,SBRF,2024-07-21 00:00,28.0,1004.9,12058,16,36,0.1,31,Ceu aberto
MET2024-2102,SBRF,2024-07-21 03:00,26.9,1005.5,12058,16,39,0.1,26,Ceu aberto
MET2024-2103,SBRF,2024-07-21 06:00,25.8,1006.0,12058,16,32,0.1,20,Ceu aberto
MET2024-2104,SBRF,2024-07-21 09:00,26.9,1005.5,12058,16,35,0.1,23,Ceu aberto
MET2024-2105,SBRF,2024-07-21 12:00,28.0,1004.9,12058,16,30,0.1,22,Ceu aberto
MET2024-2101,SBFL,2024-07-21 00:00,17.7,1020.2,8350,18,33,2.5,64,Chuva
MET2024-2102,SBFL,2024-07-21 03:00,16.6,1020.7,8350,18,36,2.5,44,Chuva
MET2024-2103,SBFL,2024-07-21 06:00,15.5,1021.3,8350,18,31,2.5,74,Chuva
MET2024-2104,SBFL,2024-07-21 09:00,16.6,1020.7,8350,18,43,2.5,75,Chuva
MET2024-2105,SBFL,2024-07-21 12:00,17.7,1020.2,8350,18,35,2.5,58,Chuva
MET2024-2101,SBSV,2024-07-21 00:00,24.6,1007.5,11835,8,20,0.3,56,Ceu aberto
MET2024-2102,SBSV,2024-07-21 03:00,23.5,1008.0,11835,8,26,0.3,24,Ceu aberto
MET2024-2103,SBSV,2024-07-21 06:00,22.4,1008.6,11835,8,32,0.3,24,Ceu aberto
MET2024-2104,SBSV,2024-07-21 09:00,23.5,1008.0,11835,8,27,0.3,14,Ceu aberto
MET2024-2105,SBSV,2024-07-21 12:00,24.6,1007.5,11835,8,32,0.3,41,Ceu aberto
MET2024-2101,SBCG,2024-07-21 00:00,24.9,1013.0,11247,14,26,0.8,35,Chuva
MET2024-2102,SBCG,2024-07-21 03:00,23.8,1013.6,11247,14,28,0.8,22,Chuva
MET2024-2103,SBCG,2024-07-21 06:00,22.7,1014.1,11247,14,37,0.8,22,Chuva
MET2024-2104,SBCG,2024-07-21 09:00,23.8,1013.6,11247,14,24,0.8,30,Chuva
MET2024-2105,SBCG,2024-07-21 12:00,24.9,1013.0,11247,14,27,0.8,28,Chuva
MET2024-2201,SBGR,2024-07-22 00:00,20.8,1011.7,9823,12,23,0.1,6,Ceu aberto
MET2024-2202,SBGR,2024-07-22 03:00,19.7,1012.2,9823,12,32,0.1,31,Ceu aberto
MET2024-2203,SBGR,2024-07-22 06:00,18.6,1012.8,9823,12,33,0.1,30,Ceu aberto
MET2024-2204,SBGR,2024-07-22 09:00,19.7,1012.2,9823,12,22,0.1,28,Ceu aberto
MET2024-2205,SBGR,2024-07-22 12:00,20.8,1011.7,9823,12,36,0.1,39,Ceu aberto
MET2024-2201,SBGL,2024-07-22 00:00,25.1,1007.8,11010,15,36,0.9,25,Chuva
MET2024-2202,SBGL,2024-07-22 03:00,24.0,1008.4,11010,15,37,0.9,42,Chuva
MET2024-2203,SBGL,2024-07-22 06:00,22.9,1008.9,11010,15,39,0.9,35,Chuva
MET2024-2204,SBGL,2024-07-22 09:00,24.0,1008.4,11010,15,26,0.9,30,Chuva
MET2024-2205,SBGL,2024-07-22 12:00,25.1,1007.8,11010,15,30,0.9,33,Chuva
MET2024-2201,SBBR,2024-07-22 00:00,25.5,1010.5,12182,7,30,0.0,22,Ceu aberto
MET2024-2202,SBBR,2024-07-22 03:00,24.4,1011.0,12182,7,31,0.0,29,Ceu aberto
MET2024-2203,SBBR,2024-07-22 06:00,23.3,1011.6,12182,7,23,0.0,17,Ceu aberto
MET2024-2204,SBBR,2024-07-22 09:00,24.4,1011.0,12182,7,28,0.0,9,Ceu aberto
MET2024-2205,SBBR,2024-07-22 12:00,25.5,1010.5,12182,7,31,0.0,19,Ceu aberto
MET2024-2201,SBCF,2024-07-22 00:00,23.4,1009.8,9803,12,32,0.8,22,Chuva
MET2024-2202,SBCF,2024-07-22 03:00,22.3,1010.4,9803,12,27,0.8,42,Chuva
MET2024-2203,SBCF,2024-07-22 06:00,21.2,1010.9,9803,12,33,0.8,42,Chuva
MET2024-2204,SBCF,2024-07-22 09:00,22.3,1010.4,9803,12,29,0.8,31,Chuva
MET2024-2205,SBCF,2024-07-22 12:00,23.4,1009.8,9803,12,29,0.8,40,Chuva
MET2024-2201,SBPA,2024-07-22 00:00,14.4,1013.8,8007,19,41,1.4,30,Chuva
MET2024-2202,SBPA,2024-07-22 03:00,13.3,1014.4,8007,19,34,1.4,34,Chuva
MET2024-2203,SBPA,2024-07-22 06:00,12.2,1014.9,8007,19,41,1.4,35,Chuva
MET2024-2204,SBPA,2024-07-22 09:00,13.3,1014.4,8007,19,31,1.4,45,Chuva
MET2024-2205,SBPA,2024-07-22 12:00,14.4,1013.8,8007,19,39,1.4,10,Chuva
MET2024-2201,SBCT,2024-07-22 00:00,16.0,1016.0,7509,19,33,1.2,33,Chuva
MET2024-2202,SBCT,2024-07-22 03:00,14.9,1016.5,7509,19,33,1.2,58,Chuva
MET2024-2203,SBCT,2024-07-22 06:00,13.8,1017.1,7509,19,34,1.2,40,Chuva
MET2024-2204,SBCT,2024-07-22 09:00,14.9,1016.5,7509,19,39,1.2,25,Chuva
MET2024-2205,SBCT,2024-07-22 12:00,16.0,1016.0,7509,19,37,1.2,28,Chuva
MET2024-2201,SBRF,2024-07-22 00:00,29.5,1009.9,11230,17,36,0.4,32,Ceu aberto
MET2024-2202,SBRF,2024-07-22 03:00,28.4,1010.4,11230,17,39,0.4,12,Ceu aberto
MET2024-2203,SBRF,2024-07-22 06:00,27.3,1011.0,11230,17,35,0.4,21,Ceu aberto
MET2024-2204,SBRF,2024-07-22 09:00,28.4,1010.4,11230,17,35,0.4,49,Ceu aberto
MET2024-2205,SBRF,2024-07-22 12:00,29.5,1009.9,11230,17,41,0.4,39,Ceu aberto
MET2024-2201,SBFL,2024-07-22 00:00,17.2,1014.0,8885,20,32,2.3,54,Chuva
MET2024-2202,SBFL,2024-07-22 03:00,16.1,1014.6,8885,20,34,2.3,46,Chuva
MET2024-2203,SBFL,2024-07-22 06:00,15.0,1015.1,8885,20,35,2.3,59,Chuva
MET2024-2204,SBFL,2024-07-22 09:00,16.1,1014.6,8885,20,34,2.3,67,Chuva
MET2024-2205,SBFL,2024-07-22 12:00,17.2,1014.0,8885,20,36,2.3,44,Chuva
MET2024-2201,SBSV,2024-07-22 00:00,25.0,1012.9,9642,20,33,1.1,44,Chuva
MET2024-2202,SBSV,2024-07-22 03:00,23.9,1013.4,9642,20,43,1.1,24,Chuva
MET2024-2203,SBSV,2024-07-22 06:00,22.8,1014.0,9642,20,33,1.1,55,Chuva
MET2024-2204,SBSV,2024-07-22 09:00,23.9,1013.4,9642,20,44,1.1,28,Chuva
MET2024-2205,SBSV,2024-07-22 12:00,25.0,1012.9,9642,20,35,1.1,42,Chuva
MET2024-2201,SBCG,2024-07-22 00:00,24.0,1014.3,10982,18,31,0.2,38,Ceu aberto
MET2024-2202,SBCG,2024-07-22 03:00,22.9,1014.9,10982,18,37,0.2,43,Ceu aberto
MET2024-2203,SBCG,2024-07-22 06:00,21.8,1015.4,10982,18,36,0.2,18,Ceu aberto
MET2024-2204,SBCG,2024-07-22 09:00,22.9,1014.9,10982,18,40,0.2,27,Ceu aberto
MET2024-2205,SBCG,2024-07-22 12:00,24.0,1014.3,10982,18,40,0.2,32,Ceu aberto
MET2024-2301,SBGR,2024-07-23 00:00,19.3,1011.9,9076,14,37,0.8,35,Chuva
MET2024-2302,SBGR,2024-07-23 03:00,18.2,1012.5,9076,14,34,0.8,45,Chuva
MET2024-2303,SBGR,2024-07-23 06:00,17.1,1013.0,9076,14,30,0.8,33,Chuva
MET2024-2304,SBGR,2024-07-23 09:00,18.2,1012.5,9076,14,27,0.8,33,Chuva
MET2024-2305,SBGR,2024-07-23 12:00,19.3,1011.9,9076,14,32,0.8,14,Chuva
MET2024-2301,SBGL,2024-07-23 00:00,22.8,1014.4,11359,17,33,1.3,29,Chuva
MET2024-2302,SBGL,2024-07-23 03:00,21.7,1014.9,11359,17,40,1.3,46,Chuva
MET2024-2303,SBGL,2024-07-23 06:00,20.6,1015.5,11359,17,33,1.3,22,Chuva
MET2024-2304,SBGL,2024-07-23 09:00,21.7,1014.9,11359,17,35,1.3,36,Chuva
MET2024-2305,SBGL,2024-07-23 12:00,22.8,1014.4,11359,17,36,1.3,22,Chuva
MET2024-2301,SBBR,2024-07-23 00:00,25.4,1007.6,11951,9,29,0.0,20,Ceu aberto
MET2024-2302,SBBR,2024-07-23 03:00,24.3,1008.1,11951,9,23,0.0,2,Ceu aberto
MET2024-2303,SBBR,2024-07-23 06:00,23.2,1008.7,11951,9,21,0.0,25,Ceu aberto
MET2024-2304,SBBR,2024-07-23 09:00,24.3,1008.1,11951,9,25,0.0,22,Ceu aberto
MET2024-2305,SBBR,2024-07-23 12:00,25.4,1007.6,11951,9,22,0.0,4,Ceu aberto
MET2024-2301,SBCF,2024-07-23 00:00,19.1,1013.1,11093,14,25,0.7,20,Chuva
MET2024-2302,SBCF,2024-07-23 03:00,18.0,1013.6,11093,14,33,0.7,32,Chuva
MET2024-2303,SBCF,2024-07-23 06:00,16.9,1014.2,11093,14,32,0.7,13,Chuva
MET2024-2304,SBCF,2024-07-23 09:00,18.0,1013.6,11093,14,38,0.7,52,Chuva
MET2024-2305,SBCF,2024-07-23 12:00,19.1,1013.1,11093,14,30,0.7,43,Chuva
MET2024-2301,SBPA,2024-07-23 00:00,16.6,1014.3,9018,20,40,1.5,47,Chuva
MET2024-2302,SBPA,2024-07-23 03:00,15.5,1014.8,9018,20,34,1.5,32,Chuva
MET2024-2303,SBPA,2024-07-23 06:00,14.4,1015.4,9018,20,41,1.5,32,Chuva
MET2024-2304,SBPA,2024-07-23 09:00,15.5,1014.8,9018,20,33,1.5,36,Chuva
MET2024-2305,SBPA,2024-07-23 12:00,16.6,1014.3,9018,20,37,1.5,29,Chuva
MET2024-2301,SBCT,2024-07-23 00:00,12.8,1019.6,7162,13,26,1.0,38,Chuva
MET2024-2302,SBCT,2024-07-23 03:00,11.7,1020.2,7162,13,36,1.0,28,Chuva
MET2024-2303,SBCT,2024-07-23 06:00,10.6,1020.7,7162,13,36,1.0,20,Chuva
MET2024-2304,SBCT,2024-07-23 09:00,11.7,1020.2,7162,13,33,1.0,47,Chuva
MET2024-2305,SBCT,2024-07-23 12:00,12.8,1019.6,7162,13,23,1.0,23,Chuva
MET2024-2301,SBRF,2024-07-23 00:00,28.5,1016.0,8866,18,42,1.1,33,Chuva
MET2024-2302,SBRF,2024-07-23 03:00,27.4,1016.5,8866,18,31,1.1,31,Chuva
MET2024-2303,SBRF,2024-07-23 06:00,26.3,1017.1,8866,18,30,1.1,33,Chuva
MET2024-2304,SBRF,2024-07-23 09:00,27.4,1016.5,8866,18,33,1.1,48,Chuva
MET2024-2305,SBRF,2024-07-23 12:00,28.5,1016.0,8866,18,42,1.1,41,Chuva
MET2024-2301,SBFL,2024-07-23 00:00,17.6,1008.4,8058,18,35,1.6,33,Chuva
MET2024-2302,SBFL,2024-07-23 03:00,16.5,1008.9,8058,18,35,1.6,50,Chuva
MET2024-2303,SBFL,2024-07-23 06:00,15.4,1009.5,8058,18,31,1.6,43,Chuva
MET2024-2304,SBFL,2024-07-23 09:00,16.5,1008.9,8058,18,35,1.6,48,Chuva
MET2024-2305,SBFL,2024-07-23 12:00,17.6,1008.4,8058,18,42,1.6,61,Chuva
MET2024-2301,SBSV,2024-07-23 00:00,25.4,1005.6,11205,12,30,0.0,15,Ceu aberto
MET2024-2302,SBSV,2024-07-23 03:00,24.3,1006.1,11205,12,30,0.0,22,Ceu aberto
MET2024-2303,SBSV,2024-07-23 06:00,23.2,1006.7,11205,12,32,0.0,15,Ceu aberto
MET2024-2304,SBSV,2024-07-23 09:00,24.3,1006.1,11205,12,25,0.0,37,Ceu aberto
MET2024-2305,SBSV,2024-07-23 12:00,25.4,1005.6,11205,12,30,0.0,17,Ceu aberto
MET2024-2301,SBCG,2024-07-23 00:00,20.7,1010.3,11848,14,31,0.3,27,Ceu aberto
MET2024-2302,SBCG,2024-07-23 03:00,19.6,1010.9,11848,14,37,0.3,23,Ceu aberto
MET2024-2303,SBCG,2024-07-23 06:00,18.5,1011.4,11848,14,36,0.3,30,Ceu aberto
MET2024-2304,SBCG,2024-07-23 09:00,19.6,1010.9,11848,14,30,0.3,45,Ceu aberto
MET2024-2305,SBCG,2024-07-23 12:00,20.7,1010.3,11848,14,35,0.3,15,Ceu aberto
MET2024-2401,SBGR,2024-07-24 00:00,19.9,1012.7,8834,10,25,0.8,10,Chuva
MET2024-2402,SBGR,2024-07-24 03:00,18.8,1013.3,8834,10,21,0.8,38,Chuva
MET2024-2403,SBGR,2024-07-24 06:00,17.7,1013.8,8834,10,22,0.8,31,Chuva
MET2024-2404,SBGR,2024-07-24 09:00,18.8,1013.3,8834,10,34,0.8,39,Chuva
MET2024-2405,SBGR,2024-07-24 12:00,19.9,1012.7,8834,10,30,0.8,45,Chuva
MET2024-2401,SBGL,2024-07-24 00:00,24.8,1011.7,11372,16,34,1.0,30,Chuva
MET2024-2402,SBGL,2024-07-24 03:00,23.7,1012.3,11372,16,32,1.0,46,Chuva
MET2024-2403,SBGL,2024-07-24 06:00,22.6,1012.8,11372,16,40,1.0,19,Chuva
MET2024-2404,SBGL,2024-07-24 09:00,23.7,1012.3,11372,16,34,1.0,31,Chuva
MET2024-2405,SBGL,2024-07-24 12:00,24.8,1011.7,11372,16,28,1.0,47,Chuva
MET2024-2401,SBBR,2024-07-24 00:00,21.8,1008.7,12624,13,25,0.4,9,Ceu aberto
MET2024-2402,SBBR,2024-07-24 03:00,20.7,1009.2,12624,13,25,0.4,22,Ceu aberto
MET2024-2403,SBBR,2024-07-24 06:00,19.6,1009.8,12624,13,28,0.4,14,Ceu aberto
MET2024-2404,SBBR,2024-07-24 09:00,20.7,1009.2,12624,13,35,0.4,15,Ceu aberto
MET2024-2405,SBBR,2024-07-24 12:00,21.8,1008.7,12624,13,34,0.4,26,Ceu aberto
MET2024-2401,SBCF,2024-07-24 00:00,18.6,1011.3,10335,4,20,0.2,14,Ceu aberto
MET2024-2402,SBCF,2024-07-24 03:00,17.5,1011.8,10335,4,14,0.2,16,Ceu aberto
MET2024-2403,SBCF,2024-07-24 06:00,16.4,1012.4,10335,4,14,0.2,27,Ceu aberto
MET2024-2404,SBCF,2024-07-24 09:00,17.5,1011.8,10335,4,24,0.2,28,Ceu aberto
MET2024-2405,SBCF,2024-07-24 12:00,18.6,1011.3,10335,4,21,0.2,27,Ceu aberto
MET2024-2401,SBPA,2024-07-24 00:00,16.3,1013.4,6386,24,45,2.0,51,Chuva
MET2024-2402,SBPA,2024-07-24 03:00,15.3,1013.9,6386,24,37,2.0,41,Chuva
MET2024-2403,SBPA,2024-07-24 06:00,14.2,1014.5,6386,24,40,2.0,48,Chuva
MET2024-2404,SBPA,2024-07-24 09:00,15.3,1013.9,6386,24,45,2.0,33,Chuva
MET2024-2405,SBPA,2024-07-24 12:00,16.3,1013.4,6386,24,43,2.0,38,Chuva
MET2024-2401,SBCT,2024-07-24 00:00,12.6,1015.1,7142,19,32,0.9,43,Chuva
MET2024-2402,SBCT,2024-07-24 03:00,11.5,1015.6,7142,19,43,0.9,32,Chuva
MET2024-2403,SBCT,2024-07-24 06:00,10.4,1016.2,7142,19,30,0.9,30,Chuva
MET2024-2404,SBCT,2024-07-24 09:00,11.5,1015.6,7142,19,36,0.9,13,Chuva
MET2024-2405,SBCT,2024-07-24 12:00,12.6,1015.1,7142,19,31,0.9,33,Chuva
MET2024-2401,SBRF,2024-07-24 00:00,30.8,1006.4,12162,20,34,0.0,23,Ceu aberto
MET2024-2402,SBRF,2024-07-24 03:00,29.7,1006.9,12162,20,32,0.0,11,Ceu aberto
MET2024-2403,SBRF,2024-07-24 06:00,28.6,1007.5,12162,20,38,0.0,12,Ceu aberto
MET2024-2404,SBRF,2024-07-24 09:00,29.7,1006.9,12162,20,38,0.0,31,Ceu aberto
MET2024-2405,SBRF,2024-07-24 12:00,30.8,1006.4,12162,20,38,0.0,24,Ceu aberto
MET2024-2401,SBFL,2024-07-24 00:00,16.3,1013.2,9172,15,36,1.3,54,Chuva
MET2024-2402,SBFL,2024-07-24 03:00,15.2,1013.8,9172,15,31,1.3,36,Chuva
MET2024-2403,SBFL,2024-07-24 06:00,14.1,1014.3,9172,15,34,1.3,28,Chuva
MET2024-2404,SBFL,2024-07-24 09:00,15.2,1013.8,9172,15,39,1.3,39,Chuva
MET2024-2405,SBFL,2024-07-24 12:00,16.3,1013.2,9172,15,30,1.3,31,Chuva
MET2024-2401,SBSV,2024-07-24 00:00,25.7,1012.2,11945,13,27,0.0,40,Ceu aberto
MET2024-2402,SBSV,2024-07-24 03:00,24.6,1012.7,11945,13,27,0.0,31,Ceu aberto
MET2024-2403,SBSV,2024-07-24 06:00,23.5,1013.3,11945,13,37,0.0,16,Ceu aberto
MET2024-2404,SBSV,2024-07-24 09:00,24.6,1012.7,11945,13,29,0.0,30,Ceu aberto
MET2024-2405,SBSV,2024-07-24 12:00,25.7,1012.2,11945,13,29,0.0,16,Ceu aberto
MET2024-2401,SBCG,2024-07-24 00:00,20.7,1014.0,11005,19,33,0.9,39,Chuva
MET2024-2402,SBCG,2024-07-24 03:00,19.7,1014.6,11005,19,40,0.9,27,Chuva
MET2024-2403,SBCG,2024-07-24 06:00,18.6,1015.1,11005,19,32,0.9,44,Chuva
MET2024-2404,SBCG,2024-07-24 09:00,19.7,1014.6,11005,19,29,0.9,12,Chuva
MET2024-2405,SBCG,2024-07-24 12:00,20.7,1014.0,11005,19,38,0.9,26,Chuva
MET2024-2501,SBGR,2024-07-25 00:00,20.1,1013.1,8397,11,24,1.0,-1,Chuva
MET2024-2502,SBGR,2024-07-25 03:00,19.0,1013.6,8397,11,25,1.0,39,Chuva
MET2024-2503,SBGR,2024-07-25 06:00,17.9,1014.2,8397,11,33,1.0,26,Chuva
MET2024-2504,SBGR,2024-07-25 09:00,19.0,1013.6,8397,11,28,1.0,44,Chuva
MET2024-2505,SBGR,2024-07-25 12:00,20.1,1013.1,8397,11,23,1.0,43,Chuva
MET2024-2501,SBGL,2024-07-25 00:00,21.0,1011.9,9751,21,40,1.3,47,Chuva
MET2024-2502,SBGL,2024-07-25 03:00,19.9,1012.5,9751,21,41,1.3,28,Chuva
MET2024-2503,SBGL,2024-07-25 06:00,18.8,1013.0,9751,21,41,1.3,48,Chuva
MET2024-2504,SBGL,2024-07-25 09:00,19.9,1012.5,9751,21,43,1.3,37,Chuva
MET2024-2505,SBGL,2024-07-25 12:00,21.0,1011.9,9751,21,33,1.3,45,Chuva
MET2024-2501,SBBR,2024-07-25 00:00,26.3,1009.7,10927,8,32,0.4,13,Ceu aberto
MET2024-2502,SBBR,2024-07-25 03:00,25.2,1010.2,10927,8,20,0.4,24,Ceu aberto
MET2024-2503,SBBR,2024-07-25 06:00,24.2,1010.8,10927,8,27,0.4,29,Ceu aberto
MET2024-2504,SBBR,2024-07-25 09:00,25.2,1010.2,10927,8,29,0.4,19,Ceu aberto
MET2024-2505,SBBR,2024-07-25 12:00,26.3,1009.7,10927,8,20,0.4,38,Ceu aberto
MET2024-2501,SBCF,2024-07-25 00:00,22.7,1010.0,12682,4,20,0.0,33,Ceu aberto
MET2024-2502,SBCF,2024-07-25 03:00,21.7,1010.6,12682,4,25,0.0,21,Ceu aberto
MET2024-2503,SBCF,2024-07-25 06:00,20.6,1011.1,12682,4,26,0.0,27,Ceu aberto
MET2024-2504,SBCF,2024-07-25 09:00,21.7,1010.6,12682,4,16,0.0,20,Ceu aberto
MET2024-2505,SBCF,2024-07-25 12:00,22.7,1010.0,12682,4,15,0.0,5,Ceu aberto
MET2024-2501,SBPA,2024-07-25 00:00,15.4,1011.3,10139,23,39,2.0,55,Chuva
MET2024-2502,SBPA,2024-07-25 03:00,14.3,1011.8,10139,23,47,2.0,43,Chuva
MET2024-2503,SBPA,2024-07-25 06:00,13.3,1012.4,10139,23,35,2.0,55,Chuva
MET2024-2504,SBPA,2024-07-25 09:00,14.3,1011.8,10139,23,43,2.0,63,Chuva
MET2024-2505,SBPA,2024-07-25 12:00,15.4,1011.3,10139,23,44,2.0,52,Chuva
MET2024-2501,SBCT,2024-07-25 00:00,12.7,1016.4,6374,23,40,2.0,66,Chuva
MET2024-2502,SBCT,2024-07-25 03:00,11.6,1017.0,6374,23,38,2.0,62,Chuva
MET2024-2503,SBCT,2024-07-25 06:00,10.5,1017.5,6374,23,44,2.0,35,Chuva
MET2024-2504,SBCT,2024-07-25 09:00,11.6,1017.0,6374,23,43,2.0,49,Chuva
MET2024-2505,SBCT,2024-07-25 12:00,12.7,1016.4,6374,23,44,2.0,35,Chuva
MET2024-2501,SBRF,2024-07-25 00:00,32.2,1003.7,12209,20,33,0.6,27,Chuva
MET2024-2502,SBRF,2024-07-25 03:00,31.1,1004.3,12209,20,45,0.6,26,Chuva
MET2024-2503,SBRF,2024-07-25 06:00,30.1,1004.8,12209,20,41,0.6,33,Chuva
MET2024-2504,SBRF,2024-07-25 09:00,31.1,1004.3,12209,20,42,0.6,39,Chuva
MET2024-2505,SBRF,2024-07-25 12:00,32.2,1003.7,12209,20,32,0.6,18,Chuva
MET2024-2501,SBFL,2024-07-25 00:00,19.1,1013.6,8631,15,40,2.6,59,Chuva
MET2024-2502,SBFL,2024-07-25 03:00,18.0,1014.1,8631,15,26,2.6,69,Chuva
MET2024-2503,SBFL,2024-07-25 06:00,16.9,1014.7,8631,15,33,2.6,61,Chuva
MET2024-2504,SBFL,2024-07-25 09:00,18.0,1014.1,8631,15,27,2.6,39,Chuva
MET2024-2505,SBFL,2024-07-25 12:00,19.1,1013.6,8631,15,28,2.6,65,Chuva
MET2024-2501,SBSV,2024-07-25 00:00,26.3,1015.4,9261,15,28,0.5,9,Ceu aberto
MET2024-2502,SBSV,2024-07-25 03:00,25.2,1016.0,9261,15,28,0.5,19,Ceu aberto
MET2024-2503,SBSV,2024-07-25 06:00,24.1,1016.5,9261,15,25,0.5,29,Ceu aberto
MET2024-2504,SBSV,2024-07-25 09:00,25.2,1016.0,9261,15,30,0.5,31,Ceu aberto
MET2024-2505,SBSV,2024-07-25 12:00,26.3,1015.4,9261,15,31,0.5,44,Ceu aberto
MET2024-2501,SBCG,2024-07-25 00:00,19.9,1016.4,11920,14,29,0.4,30,Ceu aberto
MET2024-2502,SBCG,2024-07-25 03:00,18.8,1017.0,11920,14,35,0.4,35,Ceu aberto
MET2024-2503,SBCG,2024-07-25 06:00,17.7,1017.5,11920,14,26,0.4,34,Ceu aberto
MET2024-2504,SBCG,2024-07-25 09:00,18.8,1017.0,11920,14,35,0.4,34,Ceu aberto
MET2024-2505,SBCG,2024-07-25 12:00,19.9,1016.4,11920,14,25,0.4,30,Ceu aberto
MET2024-2601,SBGR,2024-07-26 00:00,19.3,1013.7,9347,10,33,1.1,43,Chuva
MET2024-2602,SBGR,2024-07-26 03:00,18.3,1014.2,9347,10,20,1.1,42,Chuva
MET2024-2603,SBGR,2024-07-26 06:00,17.2,1014.7,9347,10,22,1.1,33,Chuva
MET2024-2604,SBGR,2024-07-26 09:00,18.3,1014.2,9347,10,29,1.1,42,Chuva
MET2024-2605,SBGR,2024-07-26 12:00,19.3,1013.7,9347,10,22,1.1,35,Chuva
MET2024-2601,SBGL,2024-07-26 00:00,19.1,1013.0,10192,19,31,1.4,63,Chuva
MET2024-2602,SBGL,2024-07-26 03:00,18.0,1013.5,10192,19,36,1.4,38,Chuva
MET2024-2603,SBGL,2024-07-26 06:00,16.9,1014.0,10192,19,29,1.4,37,Chuva
MET2024-2604,SBGL,2024-07-26 09:00,18.0,1013.5,10192,19,34,1.4,39,Chuva
MET2024-2605,SBGL,2024-07-26 12:00,19.1,1013.0,10192,19,39,1.4,30,Chuva
MET2024-2601,SBBR,2024-07-26 00:00,24.3,1012.5,10999,7,25,0.0,11,Ceu aberto
MET2024-2602,SBBR,2024-07-26 03:00,23.2,1013.0,10999,7,24,0.0,40,Ceu aberto
MET2024-2603,SBBR,2024-07-26 06:00,22.1,1013.6,10999,7,23,0.0,21,Ceu aberto
MET2024-2604,SBBR,2024-07-26 09:00,23.2,1013.0,10999,7,21,0.0,15,Ceu aberto
MET2024-2605,SBBR,2024-07-26 12:00,24.3,1012.5,10999,7,28,0.0,9,Ceu aberto
MET2024-2601,SBCF,2024-07-26 00:00,21.6,1015.2,10529,7,26,0.6,55,Chuva
MET2024-2602,SBCF,2024-07-26 03:00,20.6,1015.7,10529,7,25,0.6,45,Chuva
MET2024-2603,SBCF,2024-07-26 06:00,19.5,1016.3,10529,7,19,0.6,33,Chuva
MET2024-2604,SBCF,2024-07-26 09:00,20.6,1015.7,10529,7,29,0.6,27,Chuva
MET2024-2605,SBCF,2024-07-26 12:00,21.6,1015.2,10529,7,20,0.6,21,Chuva
MET2024-2601,SBPA,2024-07-26 00:00,17.0,1015.3,7061,24,39,2.6,42,Chuva
MET2024-2602,SBPA,2024-07-26 03:00,16.0,1015.9,7061,24,48,2.6,60,Chuva
MET2024-2603,SBPA,2024-07-26 06:00,14.9,1016.4,7061,24,39,2.6,69,Chuva
MET2024-2604,SBPA,2024-07-26 09:00,16.0,1015.9,7061,24,39,2.6,39,Chuva
MET2024-2605,SBPA,2024-07-26 12:00,17.0,1015.3,7061,24,41,2.6,53,Chuva
MET2024-2601,SBCT,2024-07-26 00:00,13.7,1016.1,7212,21,36,1.4,29,Chuva
MET2024-2602,SBCT,2024-07-26 03:00,12.7,1016.6,7212,21,34,1.4,36,Chuva
MET2024-2603,SBCT,2024-07-26 06:00,11.6,1017.2,7212,21,44,1.4,65,Chuva
MET2024-2604,SBCT,2024-07-26 09:00,12.7,1016.6,7212,21,32,1.4,54,Chuva
MET2024-2605,SBCT,2024-07-26 12:00,13.7,1016.1,7212,21,43,1.4,48,Chuva
MET2024-2601,SBRF,2024-07-26 00:00,28.6,1012.4,11784,17,27,0.0,20,Ceu aberto
MET2024-2602,SBRF,2024-07-26 03:00,27.5,1013.0,11784,17,31,0.0,17,Ceu aberto
MET2024-2603,SBRF,2024-07-26 06:00,26.4,1013.5,11784,17,30,0.0,15,Ceu aberto
MET2024-2604,SBRF,2024-07-26 09:00,27.5,1013.0,11784,17,28,0.0,13,Ceu aberto
MET2024-2605,SBRF,2024-07-26 12:00,28.6,1012.4,11784,17,41,0.0,24,Ceu aberto
MET2024-2601,SBFL,2024-07-26 00:00,17.7,1017.4,8205,22,36,2.0,46,Chuva
MET2024-2602,SBFL,2024-07-26 03:00,16.6,1018.0,8205,22,40,2.0,46,Chuva
MET2024-2603,SBFL,2024-07-26 06:00,15.6,1018.5,8205,22,40,2.0,44,Chuva
MET2024-2604,SBFL,2024-07-26 09:00,16.6,1018.0,8205,22,43,2.0,36,Chuva
MET2024-2605,SBFL,2024-07-26 12:00,17.7,1017.4,8205,22,32,2.0,55,Chuva
MET2024-2601,SBSV,2024-07-26 00:00,25.6,1016.3,10810,17,34,0.0,44,Ceu aberto
MET2024-2602,SBSV,2024-07-26 03:00,24.6,1016.8,10810,17,39,0.0,0,Ceu aberto
MET2024-2603,SBSV,2024-07-26 06:00,23.5,1017.3,10810,17,31,0.0,22,Ceu aberto
MET2024-2604,SBSV,2024-07-26 09:00,24.6,1016.8,10810,17,28,0.0,5,Ceu aberto
MET2024-2605,SBSV,2024-07-26 12:00,25.6,1016.3,10810,17,29,0.0,24,Ceu aberto
MET2024-2601,SBCG,2024-07-26 00:00,24.6,1014.5,10767,19,34,0.9,45,Chuva
MET2024-2602,SBCG,2024-07-26 03:00,23.6,1015.1,10767,19,44,0.9,25,Chuva
MET2024-2603,SBCG,2024-07-26 06:00,22.5,1015.6,10767,19,36,0.9,27,Chuva
MET2024-2604,SBCG,2024-07-26 09:00,23.6,1015.1,10767,19,30,0.9,34,Chuva
MET2024-2605,SBCG,2024-07-26 12:00,24.6,1014.5,10767,19,38,0.9,37,Chuva
MET2024-2701,SBGR,2024-07-27 00:00,19.1,1020.9,9323,12,34,1.0,50,Chuva
MET2024-2702,SBGR,2024-07-27 03:00,18.0,1021.5,9323,12,26,1.0,28,Chuva
MET2024-2703,SBGR,2024-07-27 06:00,17.0,1022.0,9323,12,28,1.0,29,Chuva
MET2024-2704,SBGR,2024-07-27 09:00,18.0,1021.5,9323,12,35,1.0,30,Chuva
MET2024-2705,SBGR,2024-07-27 12:00,19.1,1020.9,9323,12,31,1.0,45,Chuva
MET2024-2701,SBGL,2024-07-27 00:00,19.9,1016.5,9759,17,31,1.8,36,Chuva
MET2024-2702,SBGL,2024-07-27 03:00,18.8,1017.0,9759,17,31,1.8,26,Chuva
MET2024-2703,SBGL,2024-07-27 06:00,17.8,1017.5,9759,17,30,1.8,48,Chuva
MET2024-2704,SBGL,2024-07-27 09:00,18.8,1017.0,9759,17,31,1.8,37,Chuva
MET2024-2705,SBGL,2024-07-27 12:00,19.9,1016.5,9759,17,30,1.8,46,Chuva
MET2024-2701,SBBR,2024-07-27 00:00,23.8,1008.6,11835,9,21,0.5,33,Ceu aberto
MET2024-2702,SBBR,2024-07-27 03:00,22.7,1009.1,11835,9,32,0.5,39,Ceu aberto
MET2024-2703,SBBR,2024-07-27 06:00,21.7,1009.6,11835,9,28,0.5,26,Ceu aberto
MET2024-2704,SBBR,2024-07-27 09:00,22.7,1009.1,11835,9,30,0.5,20,Ceu aberto
MET2024-2705,SBBR,2024-07-27 12:00,23.8,1008.6,11835,9,20,0.5,49,Ceu aberto
MET2024-2701,SBCF,2024-07-27 00:00,21.5,1017.5,8930,13,29,1.4,39,Chuva
MET2024-2702,SBCF,2024-07-27 03:00,20.5,1018.0,8930,13,33,1.4,47,Chuva
MET2024-2703,SBCF,2024-07-27 06:00,19.4,1018.6,8930,13,31,1.4,47,Chuva
MET2024-2704,SBCF,2024-07-27 09:00,20.5,1018.0,8930,13,36,1.4,49,Chuva
MET2024-2705,SBCF,2024-07-27 12:00,21.5,1017.5,8930,13,27,1.4,37,Chuva
MET2024-2701,SBPA,2024-07-27 00:00,14.7,1016.5,7130,25,49,1.9,40,Chuva
MET2024-2702,SBPA,2024-07-27 03:00,13.7,1017.0,7130,25,48,1.9,69,Chuva
MET2024-2703,SBPA,2024-07-27 06:00,12.6,1017.5,7130,25,42,1.9,57,Chuva
MET2024-2704,SBPA,2024-07-27 09:00,13.7,1017.0,7130,25,41,1.9,29,Chuva
MET2024-2705,SBPA,2024-07-27 12:00,14.7,1016.5,7130,25,43,1.9,38,Chuva
MET2024-2701,SBCT,2024-07-27 00:00,15.7,1006.2,7291,16,27,1.6,37,Chuva
MET2024-2702,SBCT,2024-07-27 03:00,14.7,1006.7,7291,16,38,1.6,62,Chuva
MET2024-2703,SBCT,2024-07-27 06:00,13.6,1007.3,7291,16,37,1.6,32,Chuva
MET2024-2704,SBCT,2024-07-27 09:00,14.7,1006.7,7291,16,36,1.6,20,Chuva
MET2024-2705,SBCT,2024-07-27 12:00,15.7,1006.2,7291,16,32,1.6,37,Chuva
MET2024-2701,SBRF,2024-07-27 00:00,27.6,1018.0,11797,15,25,0.0,29,Ceu aberto
MET2024-2702,SBRF,2024-07-27 03:00,26.5,1018.5,11797,15,38,0.0,29,Ceu aberto
MET2024-2703,SBRF,2024-07-27 06:00,25.4,1019.0,11797,15,28,0.0,27,Ceu aberto
MET2024-2704,SBRF,2024-07-27 09:00,26.5,1018.5,11797,15,28,0.0,7,Ceu aberto
MET2024-2705,SBRF,2024-07-27 12:00,27.6,1018.0,11797,15,30,0.0,20,Ceu aberto
MET2024-2701,SBFL,2024-07-27 00:00,15.7,1014.7,8595,17,32,1.9,49,Chuva
MET2024-2702,SBFL,2024-07-27 03:00,14.6,1015.3,8595,17,29,1.9,57,Chuva
MET2024-2703,SBFL,2024-07-27 06:00,13.5,1015.8,8595,17,39,1.9,49,Chuva
MET2024-2704,SBFL,2024-07-27 09:00,14.6,1015.3,8595,17,37,1.9,52,Chuva
MET2024-2705,SBFL,2024-07-27 12:00,15.7,1014.7,8595,17,29,1.9,29,Chuva
MET2024-2701,SBSV,2024-07-27 00:00,27.3,1014.1,10247,15,28,1.0,41,Chuva
MET2024-2702,SBSV,2024-07-27 03:00,26.2,1014.7,10247,15,29,1.0,14,Chuva
MET2024-2703,SBSV,2024-07-27 06:00,25.2,1015.2,10247,15,38,1.0,36,Chuva
MET2024-2704,SBSV,2024-07-27 09:00,26.2,1014.7,10247,15,32,1.0,38,Chuva
MET2024-2705,SBSV,2024-07-27 12:00,27.3,1014.1,10247,15,37,1.0,48,Chuva
MET2024-2701,SBCG,2024-07-27 00:00,23.8,1010.1,11291,9,23,0.7,15,Chuva
MET2024-2702,SBCG,2024-07-27 03:00,22.8,1010.6,11291,9,23,0.7,37,Chuva
MET2024-2703,SBCG,2024-07-27 06:00,21.7,1011.2,11291,9,19,0.7,29,Chuva
MET2024-2704,SBCG,2024-07-27 09:00,22.8,1010.6,11291,9,28,0.7,41,Chuva
MET2024-2705,SBCG,2024-07-27 12:00,23.8,1010.1,11291,9,20,0.7,30,Chuva
MET2024-2801,SBGR,2024-07-28 00:00,20.6,1017.2,10250,12,27,0.2,16,Ceu aberto
MET2024-2802,SBGR,2024-07-28 03:00,19.6,1017.7,10250,12,29,0.2,11,Ceu aberto
MET2024-2803,SBGR,2024-07-28 06:00,18.5,1018.2,10250,12,37,0.2,3,Ceu aberto
MET2024-2804,SBGR,2024-07-28 09:00,19.6,1017.7,10250,12,24,0.2,23,Ceu aberto
MET2024-2805,SBGR,2024-07-28 12:00,20.6,1017.2,10250,12,32,0.2,31,Ceu aberto
MET2024-2801,SBGL,2024-07-28 00:00,20.3,1017.0,7778,12,35,1.6,42,Chuva
MET2024-2802,SBGL,2024-07-28 03:00,19.2,1017.6,7778,12,24,1.6,42,Chuva
MET2024-2803,SBGL,2024-07-28 06:00,18.2,1018.1,7778,12,24,1.6,34,Chuva
MET2024-2804,SBGL,2024-07-28 09:00,19.2,1017.6,7778,12,32,1.6,44,Chuva
MET2024-2805,SBGL,2024-07-28 12:00,20.3,1017.0,7778,12,22,1.6,32,Chuva
MET2024-2801,SBBR,2024-07-28 00:00,24.8,1007.1,12266,10,21,0.2,31,Ceu aberto
MET2024-2802,SBBR,2024-07-28 03:00,23.7,1007.6,12266,10,33,0.2,31,Ceu aberto
MET2024-2803,SBBR,2024-07-28 06:00,22.7,1008.1,12266,10,33,0.2,13,Ceu aberto
MET2024-2804,SBBR,2024-07-28 09:00,23.7,1007.6,12266,10,23,0.2,20,Ceu aberto
MET2024-2805,SBBR,2024-07-28 12:00,24.8,1007.1,12266,10,34,0.2,28,Ceu aberto
MET2024-2801,SBCF,2024-07-28 00:00,20.1,1011.8,7539,21,34,1.4,31,Chuva
MET2024-2802,SBCF,2024-07-28 03:00,19.0,1012.3,7539,21,40,1.4,36,Chuva
MET2024-2803,SBCF,2024-07-28 06:00,18.0,1012.9,7539,21,35,1.4,26,Chuva
MET2024-2804,SBCF,2024-07-28 09:00,19.0,1012.3,7539,21,39,1.4,45,Chuva
MET2024-2805,SBCF,2024-07-28 12:00,20.1,1011.8,7539,21,40,1.4,48,Chuva
MET2024-2801,SBPA,2024-07-28 00:00,15.1,1014.8,7668,20,36,2.2,38,Chuva
MET2024-2802,SBPA,2024-07-28 03:00,14.0,1015.3,7668,20,43,2.2,55,Chuva
MET2024-2803,SBPA,2024-07-28 06:00,13.0,1015.8,7668,20,32,2.2,43,Chuva
MET2024-2804,SBPA,2024-07-28 09:00,14.0,1015.3,7668,20,41,2.2,52,Chuva
MET2024-2805,SBPA,2024-07-28 12:00,15.1,1014.8,7668,20,38,2.2,62,Chuva
MET2024-2801,SBCT,2024-07-28 00:00,13.7,1018.0,9732,19,41,1.8,50,Chuva
MET2024-2802,SBCT,2024-07-28 03:00,12.6,1018.5,9732,19,35,1.8,39,Chuva
MET2024-2803,SBCT,2024-07-28 06:00,11.6,1019.1,9732,19,38,1.8,44,Chuva
MET2024-2804,SBCT,2024-07-28 09:00,12.6,1018.5,9732,19,42,1.8,58,Chuva
MET2024-2805,SBCT,2024-07-28 12:00,13.7,1018.0,9732,19,34,1.8,42,Chuva
MET2024-2801,SBRF,2024-07-28 00:00,29.7,1014.8,12757,15,40,0.0,22,Ceu aberto
MET2024-2802,SBRF,2024-07-28 03:00,28.6,1015.3,12757,15,32,0.0,20,Ceu aberto
MET2024-2803,SBRF,2024-07-28 06:00,27.6,1015.8,12757,15,37,0.0,6,Ceu aberto
MET2024-2804,SBRF,2024-07-28 09:00,28.6,1015.3,12757,15,36,0.0,26,Ceu aberto
MET2024-2805,SBRF,2024-07-28 12:00,29.7,1014.8,12757,15,29,0.0,29,Ceu aberto
MET2024-2801,SBFL,2024-07-28 00:00,16.3,1015.1,10252,21,42,1.7,45,Chuva
MET2024-2802,SBFL,2024-07-28 03:00,15.3,1015.6,10252,21,38,1.7,45,Chuva
MET2024-2803,SBFL,2024-07-28 06:00,14.2,1016.1,10252,21,38,1.7,67,Chuva
MET2024-2804,SBFL,2024-07-28 09:00,15.3,1015.6,10252,21,33,1.7,37,Chuva
MET2024-2805,SBFL,2024-07-28 12:00,16.3,1015.1,10252,21,34,1.7,40,Chuva
MET2024-2801,SBSV,2024-07-28 00:00,26.1,1007.3,9215,17,31,0.9,39,Chuva
MET2024-2802,SBSV,2024-07-28 03:00,25.0,1007.8,9215,17,32,0.9,28,Chuva
MET2024-2803,SBSV,2024-07-28 06:00,24.0,1008.3,9215,17,34,0.9,35,Chuva
MET2024-2804,SBSV,2024-07-28 09:00,25.0,1007.8,9215,17,36,0.9,31,Chuva
MET2024-2805,SBSV,2024-07-28 12:00,26.1,1007.3,9215,17,36,0.9,19,Chuva
MET2024-2801,SBCG,2024-07-28 00:00,23.7,1009.6,10442,17,28,0.7,33,Chuva
MET2024-2802,SBCG,2024-07-28 03:00,22.6,1010.2,10442,17,36,0.7,39,Chuva
MET2024-2803,SBCG,2024-07-28 06:00,21.6,1010.7,10442,17,32,0.7,30,Chuva
MET2024-2804,SBCG,2024-07-28 09:00,22.6,1010.2,10442,17,31,0.7,0,Chuva
MET2024-2805,SBCG,2024-07-28 12:00,23.7,1009.6,10442,17,32,0.7,31,Chuva
MET2024-2901,SBGR,2024-07-29 00:00,20.1,1016.3,8983,13,31,2.4,46,Chuva
MET2024-2902,SBGR,2024-07-29 03:00,19.1,1016.8,8983,13,38,2.4,54,Chuva
MET2024-2903,SBGR,2024-07-29 06:00,18.1,1017.3,8983,13,27,2.4,69,Chuva
MET2024-2904,SBGR,2024-07-29 09:00,19.1,1016.8,8983,13,29,2.4,56,Chuva
MET2024-2905,SBGR,2024-07-29 12:00,20.1,1016.3,8983,13,31,2.4,52,Chuva
MET2024-2901,SBGL,2024-07-29 00:00,21.3,1013.4,8279,12,30,2.0,44,Chuva
MET2024-2902,SBGL,2024-07-29 03:00,20.3,1013.9,8279,12,30,2.0,53,Chuva
MET2024-2903,SBGL,2024-07-29 06:00,19.2,1014.5,8279,12,24,2.0,54,Chuva
MET2024-2904,SBGL,2024-07-29 09:00,20.3,1013.9,8279,12,33,2.0,32,Chuva
MET2024-2905,SBGL,2024-07-29 12:00,21.3,1013.4,8279,12,23,2.0,44,Chuva
MET2024-2901,SBBR,2024-07-29 00:00,19.3,1012.7,12815,6,17,0.0,28,Ceu aberto
MET2024-2902,SBBR,2024-07-29 03:00,18.3,1013.3,12815,6,29,0.0,5,Ceu aberto
MET2024-2903,SBBR,2024-07-29 06:00,17.3,1013.8,12815,6,20,0.0,30,Ceu aberto
MET2024-2904,SBBR,2024-07-29 09:00,18.3,1013.3,12815,6,16,0.0,15,Ceu aberto
MET2024-2905,SBBR,2024-07-29 12:00,19.3,1012.7,12815,6,26,0.0,16,Ceu aberto
MET2024-2901,SBCF,2024-07-29 00:00,19.7,1008.8,7476,16,33,1.7,39,Chuva
MET2024-2902,SBCF,2024-07-29 03:00,18.7,1009.4,7476,16,33,1.7,64,Chuva
MET2024-2903,SBCF,2024-07-29 06:00,17.7,1009.9,7476,16,30,1.7,46,Chuva
MET2024-2904,SBCF,2024-07-29 09:00,18.7,1009.4,7476,16,28,1.7,26,Chuva
MET2024-2905,SBCF,2024-07-29 12:00,19.7,1008.8,7476,16,33,1.7,51,Chuva
MET2024-2901,SBPA,2024-07-29 00:00,14.3,1023.5,7204,31,49,3.3,79,Chuva
MET2024-2902,SBPA,2024-07-29 03:00,13.3,1024.0,7204,31,51,3.3,66,Chuva
MET2024-2903,SBPA,2024-07-29 06:00,12.2,1024.5,7204,31,47,3.3,79,Chuva
MET2024-2904,SBPA,2024-07-29 09:00,13.3,1024.0,7204,31,52,3.3,61,Chuva
MET2024-2905,SBPA,2024-07-29 12:00,14.3,1023.5,7204,31,54,3.3,70,Chuva
MET2024-2901,SBCT,2024-07-29 00:00,13.6,1013.9,4681,19,36,2.5,48,Chuva
MET2024-2902,SBCT,2024-07-29 03:00,12.6,1014.5,4681,19,31,2.5,71,Chuva
MET2024-2903,SBCT,2024-07-29 06:00,11.5,1015.0,4681,19,41,2.5,63,Chuva
MET2024-2904,SBCT,2024-07-29 09:00,12.6,1014.5,4681,19,43,2.5,62,Chuva
MET2024-2905,SBCT,2024-07-29 12:00,13.6,1013.9,4681,19,42,2.5,56,Chuva
MET2024-2901,SBRF,2024-07-29 00:00,25.5,1010.8,9074,14,35,1.1,53,Chuva
MET2024-2902,SBRF,2024-07-29 03:00,24.5,1011.3,9074,14,31,1.1,35,Chuva
MET2024-2903,SBRF,2024-07-29 06:00,23.5,1011.8,9074,14,25,1.1,34,Chuva
MET2024-2904,SBRF,2024-07-29 09:00,24.5,1011.3,9074,14,34,1.1,35,Chuva
MET2024-2905,SBRF,2024-07-29 12:00,25.5,1010.8,9074,14,38,1.1,48,Chuva
MET2024-2901,SBFL,2024-07-29 00:00,19.1,1018.1,6935,23,47,2.6,56,Chuva
MET2024-2902,SBFL,2024-07-29 03:00,18.1,1018.6,6935,23,48,2.6,55,Chuva
MET2024-2903,SBFL,2024-07-29 06:00,17.1,1019.1,6935,23,48,2.6,71,Chuva
MET2024-2904,SBFL,2024-07-29 09:00,18.1,1018.6,6935,23,40,2.6,73,Chuva
MET2024-2905,SBFL,2024-07-29 12:00,19.1,1018.1,6935,23,38,2.6,84,Chuva
MET2024-2901,SBSV,2024-07-29 00:00,24.2,1013.9,11583,18,41,0.0,14,Ceu aberto
MET2024-2902,SBSV,2024-07-29 03:00,23.1,1014.4,11583,18,39,0.0,41,Ceu aberto
MET2024-2903,SBSV,2024-07-29 06:00,22.1,1014.9,11583,18,30,0.0,29,Ceu aberto
MET2024-2904,SBSV,2024-07-29 09:00,23.1,1014.4,11583,18,35,0.0,14,Ceu aberto
MET2024-2905,SBSV,2024-07-29 12:00,24.2,1013.9,11583,18,38,0.0,14,Ceu aberto
MET2024-2901,SBCG,2024-07-29 00:00,21.3,1015.2,11168,11,34,1.2,42,Chuva
MET2024-2902,SBCG,2024-07-29 03:00,20.3,1015.7,11168,11,29,1.2,31,Chuva
MET2024-2903,SBCG,2024-07-29 06:00,19.3,1016.3,11168,11,27,1.2,41,Chuva
MET2024-2904,SBCG,2024-07-29 09:00,20.3,1015.7,11168,11,27,1.2,45,Chuva
MET2024-2905,SBCG,2024-07-29 12:00,21.3,1015.2,11168,11,34,1.2,37,Chuva
MET2024-3001,SBGR,2024-07-30 00:00,17.9,1014.4,6872,13,38,2.2,55,Chuva
MET2024-3002,SBGR,2024-07-30 03:00,16.9,1014.9,6872,13,33,2.2,53,Chuva
MET2024-3003,SBGR,2024-07-30 06:00,15.9,1015.4,6872,13,26,2.2,65,Chuva
MET2024-3004,SBGR,2024-07-30 09:00,16.9,1014.9,6872,13,31,2.2,69,Chuva
MET2024-3005,SBGR,2024-07-30 12:00,17.9,1014.4,6872,13,26,2.2,56,Chuva
MET2024-3001,SBGL,2024-07-30 00:00,18.1,1010.8,9313,19,33,2.0,58,Chuva
MET2024-3002,SBGL,2024-07-30 03:00,17.1,1011.4,9313,19,38,2.0,49,Chuva
MET2024-3003,SBGL,2024-07-30 06:00,16.1,1011.9,9313,19,43,2.0,60,Chuva
MET2024-3004,SBGL,2024-07-30 09:00,17.1,1011.4,9313,19,32,2.0,54,Chuva
MET2024-3005,SBGL,2024-07-30 12:00,18.1,1010.8,9313,19,42,2.0,52,Chuva
MET2024-3001,SBBR,2024-07-30 00:00,22.6,1015.2,11724,11,28,1.1,13,Chuva
MET2024-3002,SBBR,2024-07-30 03:00,21.6,1015.7,11724,11,30,1.1,30,Chuva
MET2024-3003,SBBR,2024-07-30 06:00,20.6,1016.2,11724,11,34,1.1,36,Chuva
MET2024-3004,SBBR,2024-07-30 09:00,21.6,1015.7,11724,11,28,1.1,26,Chuva
MET2024-3005,SBBR,2024-07-30 12:00,22.6,1015.2,11724,11,21,1.1,39,Chuva
MET2024-3001,SBCF,2024-07-30 00:00,20.4,1009.2,8602,12,31,1.6,46,Chuva
MET2024-3002,SBCF,2024-07-30 03:00,19.4,1009.7,8602,12,25,1.6,41,Chuva
MET2024-3003,SBCF,2024-07-30 06:00,18.4,1010.2,8602,12,36,1.6,25,Chuva
MET2024-3004,SBCF,2024-07-30 09:00,19.4,1009.7,8602,12,26,1.6,39,Chuva
MET2024-3005,SBCF,2024-07-30 12:00,20.4,1009.2,8602,12,26,1.6,60,Chuva
MET2024-3001,SBPA,2024-07-30 00:00,13.0,1017.3,5960,26,50,3.0,66,Chuva
MET2024-3002,SBPA,2024-07-30 03:00,12.0,1017.8,5960,26,39,3.0,66,Chuva
MET2024-3003,SBPA,2024-07-30 06:00,11.0,1018.3,5960,26,50,3.0,67,Chuva
MET2024-3004,SBPA,2024-07-30 09:00,12.0,1017.8,5960,26,43,3.0,57,Chuva
MET2024-3005,SBPA,2024-07-30 12:00,13.0,1017.3,5960,26,38,3.0,79,Chuva
MET2024-3001,SBCT,2024-07-30 00:00,11.3,1016.2,7294,28,39,3.7,80,Chuva
MET2024-3002,SBCT,2024-07-30 03:00,10.3,1016.7,7294,28,46,3.7,78,Chuva
MET2024-3003,SBCT,2024-07-30 06:00,9.3,1017.2,7294,28,49,3.7,74,Chuva
MET2024-3004,SBCT,2024-07-30 09:00,10.3,1016.7,7294,28,52,3.7,83,Chuva
MET2024-3005,SBCT,2024-07-30 12:00,11.3,1016.2,7294,28,41,3.7,64,Chuva
MET2024-3001,SBRF,2024-07-30 00:00,27.8,1011.2,11135,20,33,0.0,-1,Ceu aberto
MET2024-3002,SBRF,2024-07-30 03:00,26.8,1011.7,11135,20,40,0.0,29,Ceu aberto
MET2024-3003,SBRF,2024-07-30 06:00,25.8,1012.2,11135,20,42,0.0,16,Ceu aberto
MET2024-3004,SBRF,2024-07-30 09:00,26.8,1011.7,11135,20,39,0.0,7,Ceu aberto
MET2024-3005,SBRF,2024-07-30 12:00,27.8,1011.2,11135,20,42,0.0,14,Ceu aberto
MET2024-3001,SBFL,2024-07-30 00:00,13.8,1016.8,7301,19,36,2.2,59,Chuva
MET2024-3002,SBFL,2024-07-30 03:00,12.8,1017.4,7301,19,35,2.2,62,Chuva
MET2024-3003,SBFL,2024-07-30 06:00,11.8,1017.9,7301,19,42,2.2,54,Chuva
MET2024-3004,SBFL,2024-07-30 09:00,12.8,1017.4,7301,19,35,2.2,52,Chuva
MET2024-3005,SBFL,2024-07-30 12:00,13.8,1016.8,7301,19,38,2.2,49,Chuva
MET2024-3001,SBSV,2024-07-30 00:00,27.2,1013.7,10613,14,29,1.0,27,Chuva
MET2024-3002,SBSV,2024-07-30 03:00,26.2,1014.2,10613,14,34,1.0,33,Chuva
MET2024-3003,SBSV,2024-07-30 06:00,25.2,1014.7,10613,14,34,1.0,29,Chuva
MET2024-3004,SBSV,2024-07-30 09:00,26.2,1014.2,10613,14,27,1.0,40,Chuva
MET2024-3005,SBSV,2024-07-30 12:00,27.2,1013.7,10613,14,32,1.0,47,Chuva
MET2024-3001,SBCG,2024-07-30 00:00,20.8,1006.5,10185,21,34,0.8,49,Chuva
MET2024-3002,SBCG,2024-07-30 03:00,19.8,1007.0,10185,21,35,0.8,39,Chuva
MET2024-3003,SBCG,2024-07-30 06:00,18.8,1007.5,10185,21,34,0.8,38,Chuva
MET2024-3004,SBCG,2024-07-30 09:00,19.8,1007.0,10185,21,46,0.8,40,Chuva
MET2024-3005,SBCG,2024-07-30 12:00,20.8,1006.5,10185,21,42,0.8,31,Chuva
MET2024-3101,SBGR,2024-07-31 00:00,17.2,1016.1,7726,19,41,1.7,56,Chuva
MET2024-3102,SBGR,2024-07-31 03:00,16.2,1016.6,7726,19,31,1.7,40,Chuva
MET2024-3103,SBGR,2024-07-31 06:00,15.2,1017.1,7726,19,35,1.7,35,Chuva
MET2024-3104,SBGR,2024-07-31 09:00,16.2,1016.6,7726,19,34,1.7,42,Chuva
MET2024-3105,SBGR,2024-07-31 12:00,17.2,1016.1,7726,19,34,1.7,47,Chuva
MET2024-3101,SBGL,2024-07-31 00:00,19.4,1012.8,10153,17,38,2.7,71,Chuva
MET2024-3102,SBGL,2024-07-31 03:00,18.4,1013.3,10153,17,29,2.7,65,Chuva
MET2024-3103,SBGL,2024-07-31 06:00,17.4,1013.8,10153,17,36,2.7,68,Chuva
MET2024-3104,SBGL,2024-07-31 09:00,18.4,1013.3,10153,17,40,2.7,50,Chuva
MET2024-3105,SBGL,2024-07-31 12:00,19.4,1012.8,10153,17,33,2.7,66,Chuva
MET2024-3101,SBBR,2024-07-31 00:00,20.8,1012.6,11628,16,30,0.5,39,Chuva
MET2024-3102,SBBR,2024-07-31 03:00,19.8,1013.1,11628,16,28,0.5,14,Chuva
MET2024-3103,SBBR,2024-07-31 06:00,18.8,1013.6,11628,16,34,0.5,20,Chuva
MET2024-3104,SBBR,2024-07-31 09:00,19.8,1013.1,11628,16,41,0.5,37,Chuva
MET2024-3105,SBBR,2024-07-31 12:00,20.8,1012.6,11628,16,36,0.5,29,Chuva
MET2024-3101,SBCF,2024-07-31 00:00,20.6,1012.0,10675,13,35,1.2,33,Chuva
MET2024-3102,SBCF,2024-07-31 03:00,19.6,1012.5,10675,13,31,1.2,37,Chuva
MET2024-3103,SBCF,2024-07-31 06:00,18.6,1013.0,10675,13,28,1.2,30,Chuva
MET2024-3104,SBCF,2024-07-31 09:00,19.6,1012.5,10675,13,32,1.2,30,Chuva
MET2024-3105,SBCF,2024-07-31 12:00,20.6,1012.0,10675,13,31,1.2,46,Chuva
MET2024-3101,SBPA,2024-07-31 00:00,12.8,1018.8,6668,28,40,3.4,75,Chuva
MET2024-3102,SBPA,2024-07-31 03:00,11.8,1019.3,6668,28,46,3.4,48,Chuva
MET2024-3103,SBPA,2024-07-31 06:00,10.8,1019.8,6668,28,39,3.4,75,Chuva
MET2024-3104,SBPA,2024-07-31 09:00,11.8,1019.3,6668,28,47,3.4,55,Chuva
MET2024-3105,SBPA,2024-07-31 12:00,12.8,1018.8,6668,28,52,3.4,77,Chuva
MET2024-3101,SBCT,2024-07-31 00:00,12.2,1010.9,5244,23,34,2.9,69,Chuva
MET2024-3102,SBCT,2024-07-31 03:00,11.2,1011.4,5244,23,38,2.9,67,Chuva
MET2024-3103,SBCT,2024-07-31 06:00,10.2,1011.9,5244,23,43,2.9,88,Chuva
MET2024-3104,SBCT,2024-07-31 09:00,11.2,1011.4,5244,23,33,2.9,72,Chuva
MET2024-3105,SBCT,2024-07-31 12:00,12.2,1010.9,5244,23,34,2.9,57,Chuva
MET2024-3101,SBRF,2024-07-31 00:00,25.1,1015.6,10845,17,34,0.1,13,Ceu aberto
MET2024-3102,SBRF,2024-07-31 03:00,24.1,1016.1,10845,17,36,0.1,27,Ceu aberto
MET2024-3103,SBRF,2024-07-31 06:00,23.1,1016.6,10845,17,36,0.1,32,Ceu aberto
MET2024-3104,SBRF,2024-07-31 09:00,24.1,1016.1,10845,17,33,0.1,-3,Ceu aberto
MET2024-3105,SBRF,2024-07-31 12:00,25.1,1015.6,10845,17,39,0.1,13,Ceu aberto
MET2024-3101,SBFL,2024-07-31 00:00,14.1,1018.7,9343,22,41,3.3,59,Chuva
MET2024-3102,SBFL,2024-07-31 03:00,13.1,1019.2,9343,22,37,3.3,74,Chuva
MET2024-3103,SBFL,2024-07-31 06:00,12.2,1019.6,9343,22,38,3.3,64,Chuva
MET2024-3104,SBFL,2024-07-31 09:00,13.1,1019.2,9343,22,40,3.3,56,Chuva
MET2024-3105,SBFL,2024-07-31 12:00,14.1,1018.7,9343,22,43,3.3,63,Chuva
MET2024-3101,SBSV,2024-07-31 00:00,21.8,1013.3,12320,18,34,0.2,11,Ceu aberto
MET2024-3102,SBSV,2024-07-31 03:00,20.8,1013.7,12320,18,39,0.2,28,Ceu aberto
MET2024-3103,SBSV,2024-07-31 06:00,19.8,1014.2,12320,18,32,0.2,17,Ceu aberto
MET2024-3104,SBSV,2024-07-31 09:00,20.8,1013.7,12320,18,30,0.2,39,Ceu aberto
MET2024-3105,SBSV,2024-07-31 12:00,21.8,1013.3,12320,18,37,0.2,15,Ceu aberto
MET2024-3101,SBCG,2024-07-31 00:00,20.1,1016.0,8435,24,37,1.6,40,Chuva
MET2024-3102,SBCG,2024-07-31 03:00,19.1,1016.5,8435,24,37,1.6,62,Chuva
MET2024-3103,SBCG,2024-07-31 06:00,18.1,1017.0,8435,24,37,1.6,52,Chuva
MET2024-3104,SBCG,2024-07-31 09:00,19.1,1016.5,8435,24,40,1.6,55,Chuva
MET2024-3105,SBCG,2024-07-31 12:00,20.1,1016.0,8435,24,41,1.6,52,Chuva