id_registro_meteo,aeroporto,data_hora,temperatura_c,pressao_hpa,visibilidade_m,vento_kmh,rajada_kmh,precipitacao_mm,cobertura_nuvens_pct,condicao_meteorologica
MET2025-0101,SBGR,2025-07-01 00:00,17.6,1015.6,10226,13,36,2.6,75,Chuva
MET2025-0102,SBGR,2025-07-01 03:00,16.6,1016.1,10226,13,28,2.6,49,Chuva
MET2025-0103,SBGR,2025-07-01 06:00,15.6,1016.6,10226,13,23,2.6,52,Chuva
MET2025-0104,SBGR,2025-07-01 09:00,16.6,1016.1,10226,13,23,2.6,62,Chuva
MET2025-0105,SBGR,2025-07-01 12:00,17.6,1015.6,10226,13,32,2.6,66,Chuva
MET2025-0101,SBGL,2025-07-01 00:00,21.0,1014.5,10257,18,38,2.3,52,Chuva
MET2025-0102,SBGL,2025-07-01 03:00,20.0,1015.0,10257,18,32,2.3,67,Chuva
MET2025-0103,SBGL,2025-07-01 06:00,19.0,1015.5,10257,18,30,2.3,79,Chuva
MET2025-0104,SBGL,2025-07-01 09:00,20.0,1015.0,10257,18,37,2.3,51,Chuva
MET2025-0105,SBGL,2025-07-01 12:00,21.0,1014.5,10257,18,42,2.3,53,Chuva
MET2025-0101,SBBR,2025-07-01 00:00,22.6,1012.7,9623,17,41,1.6,45,Chuva
MET2025-0102,SBBR,2025-07-01 03:00,21.7,1013.1,9623,17,31,1.6,48,Chuva
MET2025-0103,SBBR,2025-07-01 06:00,20.7,1013.6,9623,17,33,1.6,45,Chuva
MET2025-0104,SBBR,2025-07-01 09:00,21.7,1013.1,9623,17,41,1.6,43,Chuva
MET2025-0105,SBBR,2025-07-01 12:00,22.6,1012.7,9623,17,34,1.6,52,Chuva
MET2025-0101,SBCF,2025-07-01 00:00,16.7,1014.8,10111,14,38,2.1,57,Chuva
MET2025-0102,SBCF,2025-07-01 03:00,15.7,1015.3,10111,14,33,2.1,53,Chuva
MET2025-0103,SBCF,2025-07-01 06:00,14.8,1015.8,10111,14,36,2.1,49,Chuva
MET2025-0104,SBCF,2025-07-01 09:00,15.7,1015.3,10111,14,33,2.1,55,Chuva
MET2025-0105,SBCF,2025-07-01 12:00,16.7,1014.8,10111,14,35,2.1,53,Chuva
MET2025-0101,SBPA,2025-07-01 00:00,15.7,1013.5,6273,23,33,3.3,65,Chuva
MET2025-0102,SBPA,2025-07-01 03:00,14.7,1014.0,6273,23,35,3.3,80,Chuva
MET2025-0103,SBPA,2025-07-01 06:00,13.8,1014.5,6273,23,48,3.3,74,Chuva
MET2025-0104,SBPA,2025-07-01 09:00,14.7,1014.0,6273,23,38,3.3,75,Chuva
MET2025-0105,SBPA,2025-07-01 12:00,15.7,1013.5,6273,23,35,3.3,70,Chuva
MET2025-0101,SBCT,2025-07-01 00:00,14.1,1017.9,6665,15,39,2.4,59,Chuva
MET2025-0102,SBCT,2025-07-01 03:00,13.1,1018.4,6665,15,31,2.4,55,Chuva
MET2025-0103,SBCT,2025-07-01 06:00,12.1,1018.9,6665,15,33,2.4,55,Chuva
MET2025-0104,SBCT,2025-07-01 09:00,13.1,1018.4,6665,15,31,2.4,50,Chuva
MET2025-0105,SBCT,2025-07-01 12:00,14.1,1017.9,6665,15,37,2.4,52,Chuva
MET2025-0101,SBRF,2025-07-01 00:00,27.4,1006.8,10932,21,38,0.4,34,Ceu aberto
MET2025-0102,SBRF,2025-07-01 03:00,26.5,1007.3,10932,21,41,0.4,24,Ceu aberto
MET2025-0103,SBRF,2025-07-01 06:00,25.5,1007.8,10932,21,38,0.4,23,Ceu aberto
MET2025-0104,SBRF,2025-07-01 09:00,26.5,1007.3,10932,21,36,0.4,34,Ceu aberto
MET2025-0105,SBRF,2025-07-01 12:00,27.4,1006.8,10932,21,42,0.4,31,Ceu aberto
MET2025-0101,SBFL,2025-07-01 00:00,16.0,1017.4,8314,19,37,3.2,65,Chuva
MET2025-0102,SBFL,2025-07-01 03:00,15.1,1017.9,8314,19,34,3.2,79,Chuva
MET2025-0103,SBFL,2025-07-01 06:00,14.1,1018.4,8314,19,33,3.2,81,Chuva
MET2025-0104,SBFL,2025-07-01 09:00,15.1,1017.9,8314,19,30,3.2,86,Chuva
MET2025-0105,SBFL,2025-07-01 12:00,16.0,1017.4,8314,19,43,3.2,49,Chuva
MET2025-0101,SBSV,2025-07-01 00:00,23.4,1015.7,10235,20,36,0.5,33,Ceu aberto
MET2025-0102,SBSV,2025-07-01 03:00,22.4,1016.1,10235,20,40,0.5,23,Ceu aberto
MET2025-0103,SBSV,2025-07-01 06:00,21.4,1016.6,10235,20,37,0.5,38,Ceu aberto
MET2025-0104,SBSV,2025-07-01 09:00,22.4,1016.1,10235,20,43,0.5,19,Ceu aberto
MET2025-0105,SBSV,2025-07-01 12:00,23.4,1015.7,10235,20,35,0.5,36,Ceu aberto
MET2025-0101,SBCG,2025-07-01 00:00,21.4,1018.4,9828,13,38,1.5,48,Chuva
MET2025-0102,SBCG,2025-07-01 03:00,20.4,1018.9,9828,13,34,1.5,38,Chuva
MET2025-0103,SBCG,2025-07-01 06:00,19.4,1019.4,9828,13,28,1.5,62,Chuva
MET2025-0104,SBCG,2025-07-01 09:00,20.4,1018.9,9828,13,36,1.5,26,Chuva
MET2025-0105,SBCG,2025-07-01 12:00,21.4,1018.4,9828,13,29,1.5,55,Chuva
MET2025-0201,SBGR,2025-07-02 00:00,16.4,1018.5,9667,19,42,2.0,38,Chuva
MET2025-0202,SBGR,2025-07-02 03:00,15.4,1019.0,9667,19,40,2.0,53,Chuva
MET2025-0203,SBGR,2025-07-02 06:00,14.5,1019.5,9667,19,30,2.0,29,Chuva
MET2025-0204,SBGR,2025-07-02 09:00,15.4,1019.0,9667,19,32,2.0,41,Chuva
MET2025-0205,SBGR,2025-07-02 12:00,16.4,1018.5,9667,19,42,2.0,49,Chuva
MET2025-0201,SBGL,2025-07-02 00:00,19.3,1014.6,8781,20,45,3.2,79,Chuva
MET2025-0202,SBGL,2025-07-02 03:00,18.4,1015.1,8781,20,40,3.2,85,Chuva
MET2025-0203,SBGL,2025-07-02 06:00,17.4,1015.6,8781,20,45,3.2,76,Chuva
MET2025-0204,SBGL,2025-07-02 09:00,18.4,1015.1,8781,20,32,3.2,56,Chuva
MET2025-0205,SBGL,2025-07-02 12:00,19.3,1014.6,8781,20,40,3.2,77,Chuva
MET2025-0201,SBBR,2025-07-02 00:00,19.3,1014.4,12190,7,29,0.4,20,Ceu aberto
MET2025-0202,SBBR,2025-07-02 03:00,18.4,1014.8,12190,7,21,0.4,33,Ceu aberto
MET2025-0203,SBBR,2025-07-02 06:00,17.4,1015.3,12190,7,20,0.4,25,Ceu aberto
MET2025-0204,SBBR,2025-07-02 09:00,18.4,1014.8,12190,7,22,0.4,40,Ceu aberto
MET2025-0205,SBBR,2025-07-02 12:00,19.3,1014.4,12190,7,30,0.4,32,Ceu aberto
MET2025-0201,SBCF,2025-07-02 00:00,18.1,1013.6,7664,14,25,2.3,66,Chuva
MET2025-0202,SBCF,2025-07-02 03:00,17.2,1014.1,7664,14,37,2.3,49,Chuva
MET2025-0203,SBCF,2025-07-02 06:00,16.2,1014.6,7664,14,34,2.3,38,Chuva
MET2025-0204,SBCF,2025-07-02 09:00,17.2,1014.1,7664,14,31,2.3,47,Chuva
MET2025-0205,SBCF,2025-07-02 12:00,18.1,1013.6,7664,14,30,2.3,53,Chuva
MET2025-0201,SBPA,2025-07-02 00:00,13.6,1017.6,3926,21,35,4.3,86,Chuva
MET2025-0202,SBPA,2025-07-02 03:00,12.7,1018.1,3926,21,37,4.3,89,Chuva
MET2025-0203,SBPA,2025-07-02 06:00,11.7,1018.5,3926,21,32,4.3,97,Chuva
MET2025-0204,SBPA,2025-07-02 09:00,12.7,1018.1,3926,21,40,4.3,85,Chuva
MET2025-0205,SBPA,2025-07-02 12:00,13.6,1017.6,3926,21,39,4.3,71,Chuva
MET2025-0201,SBCT,2025-07-02 00:00,12.2,1019.6,4726,21,38,3.6,74,Chuva
MET2025-0202,SBCT,2025-07-02 03:00,11.3,1020.0,4726,21,34,3.6,71,Chuva
MET2025-0203,SBCT,2025-07-02 06:00,10.3,1020.5,4726,21,37,3.6,88,Chuva
MET2025-0204,SBCT,2025-07-02 09:00,11.3,1020.0,4726,21,37,3.6,75,Chuva
MET2025-0205,SBCT,2025-07-02 12:00,12.2,1019.6,4726,21,42,3.6,84,Chuva
MET2025-0201,SBRF,2025-07-02 00:00,25.2,1012.0,11765,15,29,0.2,28,Ceu aberto
MET2025-0202,SBRF,2025-07-02 03:00,24.3,1012.5,11765,15,30,0.2,11,Ceu aberto
MET2025-0203,SBRF,2025-07-02 06:00,23.3,1012.9,11765,15,36,0.2,43,Ceu aberto
MET2025-0204,SBRF,2025-07-02 09:00,24.3,1012.5,11765,15,39,0.2,12,Ceu aberto
MET2025-0205,SBRF,2025-07-02 12:00,25.2,1012.0,11765,15,39,0.2,29,Ceu aberto
MET2025-0201,SBFL,2025-07-02 00:00,14.2,1015.5,7377,19,38,2.8,52,Chuva
MET2025-0202,SBFL,2025-07-02 03:00,13.2,1016.0,7377,19,41,2.8,54,Chuva
MET2025-0203,SBFL,2025-07-02 06:00,12.3,1016.5,7377,19,32,2.8,71,Chuva
MET2025-0204,SBFL,2025-07-02 09:00,13.2,1016.0,7377,19,43,2.8,54,Chuva
MET2025-0205,SBFL,2025-07-02 12:00,14.2,1015.5,7377,19,39,2.8,42,Chuva
MET2025-0201,SBSV,2025-07-02 00:00,20.3,1017.3,12352,17,36,0.4,24,Ceu aberto
MET2025-0202,SBSV,2025-07-02 03:00,19.3,1017.8,12352,17,30,0.4,12,Ceu aberto
MET2025-0203,SBSV,2025-07-02 06:00,18.4,1018.3,12352,17,35,0.4,23,Ceu aberto
MET2025-0204,SBSV,2025-07-02 09:00,19.3,1017.8,12352,17,28,0.4,22,Ceu aberto
MET2025-0205,SBSV,2025-07-02 12:00,20.3,1017.3,12352,17,28,0.4,27,Ceu aberto
MET2025-0201,SBCG,2025-07-02 00:00,15.3,1018.2,11680,17,42,0.4,19,Ceu aberto
MET2025-0202,SBCG,2025-07-02 03:00,14.3,1018.7,11680,17,36,0.4,11,Ceu aberto
MET2025-0203,SBCG,2025-07-02 06:00,13.4,1019.2,11680,17,28,0.4,30,Ceu aberto
MET2025-0204,SBCG,2025-07-02 09:00,14.3,1018.7,11680,17,42,0.4,20,Ceu aberto
MET2025-0205,SBCG,2025-07-02 12:00,15.3,1018.2,11680,17,29,0.4,7,Ceu aberto
MET2025-0301,SBGR,2025-07-03 00:00,16.5,1016.3,8180,19,33,2.7,48,Chuva
MET2025-0302,SBGR,2025-07-03 03:00,15.6,1016.8,8180,19,31,2.7,57,Chuva
MET2025-0303,SBGR,2025-07-03 06:00,14.7,1017.2,8180,19,35,2.7,70,Chuva
MET2025-0304,SBGR,2025-07-03 09:00,15.6,1016.8,8180,19,31,2.7,69,Chuva
MET2025-0305,SBGR,2025-07-03 12:00,16.5,1016.3,8180,19,34,2.7,57,Chuva
MET2025-0301,SBGL,2025-07-03 00:00,18.3,1014.0,8331,22,34,3.0,68,Chuva
MET2025-0302,SBGL,2025-07-03 03:00,17.4,1014.4,8331,22,34,3.0,65,Chuva
MET2025-0303,SBGL,2025-07-03 06:00,16.4,1014.9,8331,22,41,3.0,66,Chuva
MET2025-0304,SBGL,2025-07-03 09:00,17.4,1014.4,8331,22,44,3.0,79,Chuva
MET2025-0305,SBGL,2025-07-03 12:00,18.3,1014.0,8331,22,38,3.0,60,Chuva
MET2025-0301,SBBR,2025-07-03 00:00,21.8,1009.4,11542,11,35,1.0,32,Chuva
MET2025-0302,SBBR,2025-07-03 03:00,20.9,1009.8,11542,11,25,1.0,31,Chuva
MET2025-0303,SBBR,2025-07-03 06:00,19.9,1010.3,11542,11,35,1.0,48,Chuva
MET2025-0304,SBBR,2025-07-03 09:00,20.9,1009.8,11542,11,28,1.0,32,Chuva
MET2025-0305,SBBR,2025-07-03 12:00,21.8,1009.4,11542,11,25,1.0,51,Chuva
MET2025-0301,SBCF,2025-07-03 00:00,17.3,1009.8,9992,18,35,1.4,50,Chuva
MET2025-0302,SBCF,2025-07-03 03:00,16.3,1010.3,9992,18,28,1.4,39,Chuva
MET2025-0303,SBCF,2025-07-03 06:00,15.4,1010.8,9992,18,30,1.4,40,Chuva
MET2025-0304,SBCF,2025-07-03 09:00,16.3,1010.3,9992,18,37,1.4,53,Chuva
MET2025-0305,SBCF,2025-07-03 12:00,17.3,1009.8,9992,18,31,1.4,45,Chuva
MET2025-0301,SBPA,2025-07-03 00:00,14.2,1020.1,5961,21,44,4.4,74,Chuva
MET2025-0302,SBPA,2025-07-03 03:00,13.3,1020.6,5961,21,37,4.4,89,Chuva
MET2025-0303,SBPA,2025-07-03 06:00,12.4,1021.0,5961,21,33,4.4,97,Chuva
MET2025-0304,SBPA,2025-07-03 09:00,13.3,1020.6,5961,21,39,4.4,61,Chuva
MET2025-0305,SBPA,2025-07-03 12:00,14.2,1020.1,5961,21,32,4.4,87,Chuva
MET2025-0301,SBCT,2025-07-03 00:00,11.1,1016.5,5044,22,38,4.1,79,Chuva
MET2025-0302,SBCT,2025-07-03 03:00,10.1,1017.0,5044,22,43,4.1,99,Chuva
MET2025-0303,SBCT,2025-07-03 06:00,9.2,1017.5,5044,22,36,4.1,84,Chuva
MET2025-0304,SBCT,2025-07-03 09:00,10.1,1017.0,5044,22,46,4.1,94,Chuva
MET2025-0305,SBCT,2025-07-03 12:00,11.1,1016.5,5044,22,38,4.1,82,Chuva
MET2025-0301,SBRF,2025-07-03 00:00,24.7,1010.6,11483,16,41,0.6,17,Chuva
MET2025-0302,SBRF,2025-07-03 03:00,23.8,1011.1,11483,16,33,0.6,29,Chuva
MET2025-0303,SBRF,2025-07-03 06:00,22.9,1011.5,11483,16,33,0.6,42,Chuva
MET2025-0304,SBRF,2025-07-03 09:00,23.8,1011.1,11483,16,40,0.6,31,Chuva
MET2025-0305,SBRF,2025-07-03 12:00,24.7,1010.6,11483,16,30,0.6,32,Chuva
MET2025-0301,SBFL,2025-07-03 00:00,12.7,1018.4,5938,14,37,3.5,71,Chuva
MET2025-0302,SBFL,2025-07-03 03:00,11.8,1018.9,5938,14,27,3.5,69,Chuva
MET2025-0303,SBFL,2025-07-03 06:00,10.8,1019.3,5938,14,30,3.5,72,Chuva
MET2025-0304,SBFL,2025-07-03 09:00,11.8,1018.9,5938,14,39,3.5,70,Chuva
MET2025-0305,SBFL,2025-07-03 12:00,12.7,1018.4,5938,14,29,3.5,62,Chuva
MET2025-0301,SBSV,2025-07-03 00:00,22.2,1013.6,8735,20,32,1.0,35,Chuva
MET2025-0302,SBSV,2025-07-03 03:00,21.2,1014.0,8735,20,40,1.0,39,Chuva
MET2025-0303,SBSV,2025-07-03 06:00,20.3,1014.5,8735,20,31,1.0,30,Chuva
MET2025-0304,SBSV,2025-07-03 09:00,21.2,1014.0,8735,20,33,1.0,25,Chuva
MET2025-0305,SBSV,2025-07-03 12:00,22.2,1013.6,8735,20,39,1.0,40,Chuva
MET2025-0301,SBCG,2025-07-03 00:00,18.2,1017.8,10197,20,39,2.1,30,Chuva
MET2025-0302,SBCG,2025-07-03 03:00,17.3,1018.2,10197,20,33,2.1,34,Chuva
MET2025-0303,SBCG,2025-07-03 06:00,16.4,1018.7,10197,20,36,2.1,40,Chuva
MET2025-0304,SBCG,2025-07-03 09:00,17.3,1018.2,10197,20,42,2.1,58,Chuva
MET2025-0305,SBCG,2025-07-03 12:00,18.2,1017.8,10197,20,35,2.1,51,Chuva
MET2025-0401,SBGR,2025-07-04 00:00,18.6,1013.5,9908,23,37,2.7,54,Chuva
MET2025-0402,SBGR,2025-07-04 03:00,17.7,1013.9,9908,23,48,2.7,66,Chuva
MET2025-0403,SBGR,2025-07-04 06:00,16.8,1014.4,9908,23,43,2.7,56,Chuva
MET2025-0404,SBGR,2025-07-04 09:00,17.7,1013.9,9908,23,38,2.7,72,Chuva
MET2025-0405,SBGR,2025-07-04 12:00,18.6,1013.5,9908,23,46,2.7,61,Chuva
MET2025-0401,SBGL,2025-07-04 00:00,17.7,1012.2,8302,19,35,3.0,67,Chuva
MET2025-0402,SBGL,2025-07-04 03:00,16.8,1012.7,8302,19,40,3.0,50,Chuva
MET2025-0403,SBGL,2025-07-04 06:00,15.9,1013.2,8302,19,31,3.0,79,Chuva
MET2025-0404,SBGL,2025-07-04 09:00,16.8,1012.7,8302,19,40,3.0,69,Chuva
MET2025-0405,SBGL,2025-07-04 12:00,17.7,1012.2,8302,19,29,3.0,73,Chuva
MET2025-0401,SBBR,2025-07-04 00:00,22.6,1013.0,12878,14,37,1.2,34,Chuva
MET2025-0402,SBBR,2025-07-04 03:00,21.6,1013.4,12878,14,31,1.2,54,Chuva
MET2025-0403,SBBR,2025-07-04 06:00,20.7,1013.9,12878,14,36,1.2,45,Chuva
MET2025-0404,SBBR,2025-07-04 09:00,21.6,1013.4,12878,14,25,1.2,37,Chuva
MET2025-0405,SBBR,2025-07-04 12:00,22.6,1013.0,12878,14,30,1.2,51,Chuva
MET2025-0401,SBCF,2025-07-04 00:00,18.0,1005.3,8603,17,38,2.5,62,Chuva
MET2025-0402,SBCF,2025-07-04 03:00,17.1,1005.8,8603,17,37,2.5,67,Chuva
MET2025-0403,SBCF,2025-07-04 06:00,16.1,1006.3,8603,17,40,2.5,58,Chuva
MET2025-0404,SBCF,2025-07-04 09:00,17.1,1005.8,8603,17,29,2.5,54,Chuva
MET2025-0405,SBCF,2025-07-04 12:00,18.0,1005.3,8603,17,31,2.5,68,Chuva
MET2025-0401,SBPA,2025-07-04 00:00,12.6,1020.8,4574,29,41,4.8,89,Chuva
MET2025-0402,SBPA,2025-07-04 03:00,11.7,1021.3,4574,29,51,4.8,87,Chuva
MET2025-0403,SBPA,2025-07-04 06:00,10.8,1021.8,4574,29,41,4.8,74,Chuva
MET2025-0404,SBPA,2025-07-04 09:00,11.7,1021.3,4574,29,44,4.8,86,Chuva
MET2025-0405,SBPA,2025-07-04 12:00,12.6,1020.8,4574,29,49,4.8,95,Chuva
MET2025-0401,SBCT,2025-07-04 00:00,12.3,1018.0,5010,25,46,4.3,81,Chuva
MET2025-0402,SBCT,2025-07-04 03:00,11.4,1018.5,5010,25,45,4.3,75,Chuva
MET2025-0403,SBCT,2025-07-04 06:00,10.5,1019.0,5010,25,36,4.3,100,Chuva
MET2025-0404,SBCT,2025-07-04 09:00,11.4,1018.5,5010,25,47,4.3,81,Chuva
MET2025-0405,SBCT,2025-07-04 12:00,12.3,1018.0,5010,25,49,4.3,100,Chuva
MET2025-0401,SBRF,2025-07-04 00:00,22.1,1011.0,12272,17,30,0.0,20,Ceu aberto
MET2025-0402,SBRF,2025-07-04 03:00,21.1,1011.4,12272,17,36,0.0,31,Ceu aberto
MET2025-0403,SBRF,2025-07-04 06:00,20.2,1011.9,12272,17,41,0.0,16,Ceu aberto
MET2025-0404,SBRF,2025-07-04 09:00,21.1,1011.4,12272,17,39,0.0,32,Ceu aberto
MET2025-0405,SBRF,2025-07-04 12:00,22.1,1011.0,12272,17,32,0.0,14,Ceu aberto
MET2025-0401,SBFL,2025-07-04 00:00,15.9,1015.3,5980,21,31,3.5,82,Chuva
MET2025-0402,SBFL,2025-07-04 03:00,15.0,1015.8,5980,21,44,3.5,73,Chuva
MET2025-0403,SBFL,2025-07-04 06:00,14.1,1016.3,5980,21,35,3.5,61,Chuva
MET2025-0404,SBFL,2025-07-04 09:00,15.0,1015.8,5980,21,31,3.5,50,Chuva
MET2025-0405,SBFL,2025-07-04 12:00,15.9,1015.3,5980,21,37,3.5,70,Chuva
MET2025-0401,SBSV,2025-07-04 00:00,23.0,1014.5,8504,14,31,1.9,62,Chuva
MET2025-0402,SBSV,2025-07-04 03:00,22.1,1015.0,8504,14,30,1.9,64,Chuva
MET2025-0403,SBSV,2025-07-04 06:00,21.2,1015.4,8504,14,28,1.9,43,Chuva
MET2025-0404,SBSV,2025-07-04 09:00,22.1,1015.0,8504,14,25,1.9,36,Chuva
MET2025-0405,SBSV,2025-07-04 12:00,23.0,1014.5,8504,14,24,1.9,30,Chuva
MET2025-0401,SBCG,2025-07-04 00:00,18.6,1017.5,9235,17,42,1.9,49,Chuva
MET2025-0402,SBCG,2025-07-04 03:00,17.7,1018.0,9235,17,32,1.9,56,Chuva
MET2025-0403,SBCG,2025-07-04 06:00,16.8,1018.5,9235,17,42,1.9,44,Chuva
MET2025-0404,SBCG,2025-07-04 09:00,17.7,1018.0,9235,17,36,1.9,54,Chuva
MET2025-0405,SBCG,2025-07-04 12:00,18.6,1017.5,9235,17,32,1.9,55,Chuva
MET2025-0501,SBGR,2025-07-05 00:00,18.2,1015.7,6706,16,27,3.0,62,Chuva
MET2025-0502,SBGR,2025-07-05 03:00,17.3,1016.2,6706,16,30,3.0,74,Chuva
MET2025-0503,SBGR,2025-07-05 06:00,16.4,1016.6,6706,16,34,3.0,49,Chuva
MET2025-0504,SBGR,2025-07-05 09:00,17.3,1016.2,6706,16,30,3.0,59,Chuva
MET2025-0505,SBGR,2025-07-05 12:00,18.2,1015.7,6706,16,34,3.0,58,Chuva
MET2025-0501,SBGL,2025-07-05 00:00,17.2,1015.2,8572,21,39,1.9,57,Chuva
MET2025-0502,SBGL,2025-07-05 03:00,16.3,1015.7,8572,21,43,1.9,47,Chuva
MET2025-0503,SBGL,2025-07-05 06:00,15.3,1016.2,8572,21,36,1.9,51,Chuva
MET2025-0504,SBGL,2025-07-05 09:00,16.3,1015.7,8572,21,38,1.9,38,Chuva
MET2025-0505,SBGL,2025-07-05 12:00,17.2,1015.2,8572,21,36,1.9,48,Chuva
MET2025-0501,SBBR,2025-07-05 00:00,20.6,1009.7,13082,5,18,0.3,41,Ceu aberto
MET2025-0502,SBBR,2025-07-05 03:00,19.7,1010.2,13082,5,21,0.3,26,Ceu aberto
MET2025-0503,SBBR,2025-07-05 06:00,18.8,1010.6,13082,5,19,0.3,19,Ceu aberto
MET2025-0504,SBBR,2025-07-05 09:00,19.7,1010.2,13082,5,20,0.3,52,Ceu aberto
MET2025-0505,SBBR,2025-07-05 12:00,20.6,1009.7,13082,5,24,0.3,22,Ceu aberto
MET2025-0501,SBCF,2025-07-05 00:00,15.4,1013.7,8103,16,29,2.3,48,Chuva
MET2025-0502,SBCF,2025-07-05 03:00,14.5,1014.1,8103,16,31,2.3,27,Chuva
MET2025-0503,SBCF,2025-07-05 06:00,13.6,1014.6,8103,16,37,2.3,41,Chuva
MET2025-0504,SBCF,2025-07-05 09:00,14.5,1014.1,8103,16,36,2.3,67,Chuva
MET2025-0505,SBCF,2025-07-05 12:00,15.4,1013.7,8103,16,31,2.3,63,Chuva
MET2025-0501,SBPA,2025-07-05 00:00,11.8,1012.5,4772,28,46,4.8,88,Chuva
MET2025-0502,SBPA,2025-07-05 03:00,10.9,1013.0,4772,28,51,4.8,82,Chuva
MET2025-0503,SBPA,2025-07-05 06:00,9.9,1013.4,4772,28,44,4.8,98,Chuva
MET2025-0504,SBPA,2025-07-05 09:00,10.9,1013.0,4772,28,46,4.8,95,Chuva
MET2025-0505,SBPA,2025-07-05 12:00,11.8,1012.5,4772,28,52,4.8,95,Chuva
MET2025-0501,SBCT,2025-07-05 00:00,14.7,1015.4,5413,22,41,4.1,65,Chuva
MET2025-0502,SBCT,2025-07-05 03:00,13.8,1015.9,5413,22,36,4.1,78,Chuva
MET2025-0503,SBCT,2025-07-05 06:00,12.9,1016.3,5413,22,35,4.1,76,Chuva
MET2025-0504,SBCT,2025-07-05 09:00,13.8,1015.9,5413,22,47,4.1,73,Chuva
MET2025-0505,SBCT,2025-07-05 12:00,14.7,1015.4,5413,22,40,4.1,77,Chuva
MET2025-0501,SBRF,2025-07-05 00:00,24.3,1015.4,11794,12,32,0.9,43,Chuva
MET2025-0502,SBRF,2025-07-05 03:00,23.4,1015.8,11794,12,35,0.9,36,Chuva
MET2025-0503,SBRF,2025-07-05 06:00,22.5,1016.3,11794,12,28,0.9,44,Chuva
MET2025-0504,SBRF,2025-07-05 09:00,23.4,1015.8,11794,12,32,0.9,44,Chuva
MET2025-0505,SBRF,2025-07-05 12:00,24.3,1015.4,11794,12,25,0.9,33,Chuva
MET2025-0501,SBFL,2025-07-05 00:00,12.9,1017.3,5667,21,46,3.3,55,Chuva
MET2025-0502,SBFL,2025-07-05 03:00,12.0,1017.8,5667,21,46,3.3,73,Chuva
MET2025-0503,SBFL,2025-07-05 06:00,11.1,1018.2,5667,21,32,3.3,63,Chuva
MET2025-0504,SBFL,2025-07-05 09:00,12.0,1017.8,5667,21,31,3.3,64,Chuva
MET2025-0505,SBFL,2025-07-05 12:00,12.9,1017.3,5667,21,39,3.3,63,Chuva
MET2025-0501,SBSV,2025-07-05 00:00,19.7,1016.2,9200,20,37,1.3,44,Chuva
MET2025-0502,SBSV,2025-07-05 03:00,18.8,1016.7,9200,20,42,1.3,33,Chuva
MET2025-0503,SBSV,2025-07-05 06:00,17.9,1017.2,9200,20,35,1.3,47,Chuva
MET2025-0504,SBSV,2025-07-05 09:00,18.8,1016.7,9200,20,44,1.3,52,Chuva
MET2025-0505,SBSV,2025-07-05 12:00,19.7,1016.2,9200,20,42,1.3,36,Chuva
MET2025-0501,SBCG,2025-07-05 00:00,19.2,1016.4,10405,13,26,1.6,45,Chuva
MET2025-0502,SBCG,2025-07-05 03:00,18.3,1016.8,10405,13,23,1.6,53,Chuva
MET2025-0503,SBCG,2025-07-05 06:00,17.4,1017.3,10405,13,33,1.6,46,Chuva
MET2025-0504,SBCG,2025-07-05 09:00,18.3,1016.8,10405,13,38,1.6,38,Chuva
MET2025-0505,SBCG,2025-07-05 12:00,19.2,1016.4,10405,13,38,1.6,53,Chuva
MET2025-0601,SBGR,2025-07-06 00:00,17.2,1014.4,8377,18,36,2.4,58,Chuva
MET2025-0602,SBGR,2025-07-06 03:00,16.3,1014.9,8377,18,33,2.4,63,Chuva
MET2025-0603,SBGR,2025-07-06 06:00,15.4,1015.3,8377,18,41,2.4,63,Chuva
MET2025-0604,SBGR,2025-07-06 09:00,16.3,1014.9,8377,18,28,2.4,52,Chuva
MET2025-0605,SBGR,2025-07-06 12:00,17.2,1014.4,8377,18,29,2.4,59,Chuva
MET2025-0601,SBGL,2025-07-06 00:00,18.1,1014.4,6783,17,41,3.2,72,Chuva
MET2025-0602,SBGL,2025-07-06 03:00,17.2,1014.9,6783,17,39,3.2,87,Chuva
MET2025-0603,SBGL,2025-07-06 06:00,16.3,1015.3,6783,17,40,3.2,57,Chuva
MET2025-0604,SBGL,2025-07-06 09:00,17.2,1014.9,6783,17,34,3.2,62,Chuva
MET2025-0605,SBGL,2025-07-06 12:00,18.1,1014.4,6783,17,27,3.2,63,Chuva
MET2025-0601,SBBR,2025-07-06 00:00,19.0,1014.5,11190,6,27,0.0,32,Ceu aberto
MET2025-0602,SBBR,2025-07-06 03:00,18.1,1015.0,11190,6,17,0.0,19,Ceu aberto
MET2025-0603,SBBR,2025-07-06 06:00,17.2,1015.4,11190,6,21,0.0,9,Ceu aberto
MET2025-0604,SBBR,2025-07-06 09:00,18.1,1015.0,11190,6,21,0.0,12,Ceu aberto
MET2025-0605,SBBR,2025-07-06 12:00,19.0,1014.5,11190,6,17,0.0,23,Ceu aberto
MET2025-0601,SBCF,2025-07-06 00:00,19.7,1010.6,10567,14,25,0.9,24,Chuva
MET2025-0602,SBCF,2025-07-06 03:00,18.8,1011.0,10567,14,38,0.9,20,Chuva
MET2025-0603,SBCF,2025-07-06 06:00,17.9,1011.5,10567,14,38,0.9,37,Chuva
MET2025-0604,SBCF,2025-07-06 09:00,18.8,1011.0,10567,14,38,0.9,36,Chuva
MET2025-0605,SBCF,2025-07-06 12:00,19.7,1010.6,10567,14,28,0.9,36,Chuva
MET2025-0601,SBPA,2025-07-06 00:00,13.7,1016.0,3050,28,39,5.5,100,Chuva intensa
MET2025-0602,SBPA,2025-07-06 03:00,12.8,1016.4,3050,28,40,5.5,89,Chuva intensa
MET2025-0603,SBPA,2025-07-06 06:00,11.9,1016.9,3050,28,50,5.5,97,Chuva intensa
MET2025-0604,SBPA,2025-07-06 09:00,12.8,1016.4,3050,28,44,5.5,100,Chuva intensa
MET2025-0605,SBPA,2025-07-06 12:00,13.7,1016.0,3050,28,39,5.5,92,Chuva intensa
MET2025-0601,SBCT,2025-07-06 00:00,11.2,1015.4,4320,29,49,4.6,71,Chuva
MET2025-0602,SBCT,2025-07-06 03:00,10.3,1015.8,4320,29,54,4.6,97,Chuva
MET2025-0603,SBCT,2025-07-06 06:00,9.4,1016.3,4320,29,51,4.6,94,Chuva
MET2025-0604,SBCT,2025-07-06 09:00,10.3,1015.8,4320,29,49,4.6,89,Chuva
MET2025-0605,SBCT,2025-07-06 12:00,11.2,1015.4,4320,29,52,4.6,95,Chuva
MET2025-0601,SBRF,2025-07-06 00:00,22.0,1012.2,9323,23,35,0.9,24,Chuva
MET2025-0602,SBRF,2025-07-06 03:00,21.1,1012.6,9323,23,38,0.9,48,Chuva
MET2025-0603,SBRF,2025-07-06 06:00,20.2,1013.1,9323,23,36,0.9,18,Chuva
MET2025-0604,SBRF,2025-07-06 09:00,21.1,1012.6,9323,23,46,0.9,41,Chuva
MET2025-0605,SBRF,2025-07-06 12:00,22.0,1012.2,9323,23,40,0.9,32,Chuva
MET2025-0601,SBFL,2025-07-06 00:00,13.4,1016.0,6315,23,42,4.0,71,Chuva
MET2025-0602,SBFL,2025-07-06 03:00,12.5,1016.4,6315,23,37,4.0,85,Chuva
MET2025-0603,SBFL,2025-07-06 06:00,11.6,1016.9,6315,23,47,4.0,73,Chuva
MET2025-0604,SBFL,2025-07-06 09:00,12.5,1016.4,6315,23,35,4.0,83,Chuva
MET2025-0605,SBFL,2025-07-06 12:00,13.4,1016.0,6315,23,38,4.0,78,Chuva
MET2025-0601,SBSV,2025-07-06 00:00,20.7,1015.3,10525,15,32,1.6,44,Chuva
MET2025-0602,SBSV,2025-07-06 03:00,19.8,1015.8,10525,15,38,1.6,47,Chuva
MET2025-0603,SBSV,2025-07-06 06:00,18.9,1016.2,10525,15,40,1.6,43,Chuva
MET2025-0604,SBSV,2025-07-06 09:00,19.8,1015.8,10525,15,30,1.6,48,Chuva
MET2025-0605,SBSV,2025-07-06 12:00,20.7,1015.3,10525,15,27,1.6,30,Chuva
MET2025-0601,SBCG,2025-07-06 00:00,18.4,1015.4,9486,15,40,2.3,57,Chuva
MET2025-0602,SBCG,2025-07-06 03:00,17.5,1015.8,9486,15,32,2.3,38,Chuva
MET2025-0603,SBCG,2025-07-06 06:00,16.6,1016.3,9486,15,30,2.3,75,Chuva
MET2025-0604,SBCG,2025-07-06 09:00,17.5,1015.8,9486,15,33,2.3,66,Chuva
MET2025-0605,SBCG,2025-07-06 12:00,18.4,1015.4,9486,15,33,2.3,47,Chuva
MET2025-0701,SBGR,2025-07-07 00:00,16.4,1018.9,8756,15,34,2.3,57,Chuva
MET2025-0702,SBGR,2025-07-07 03:00,15.5,1019.4,8756,15,30,2.3,52,Chuva
MET2025-0703,SBGR,2025-07-07 06:00,14.6,1019.8,8756,15,36,2.3,66,Chuva
MET2025-0704,SBGR,2025-07-07 09:00,15.5,1019.4,8756,15,26,2.3,56,Chuva
MET2025-0705,SBGR,2025-07-07 12:00,16.4,1018.9,8756,15,37,2.3,53,Chuva
MET2025-0701,SBGL,2025-07-07 00:00,17.3,1013.1,9702,16,33,3.1,74,Chuva
MET2025-0702,SBGL,2025-07-07 03:00,16.4,1013.5,9702,16,38,3.1,56,Chuva
MET2025-0703,SBGL,2025-07-07 06:00,15.5,1014.0,9702,16,34,3.1,64,Chuva
MET2025-0704,SBGL,2025-07-07 09:00,16.4,1013.5,9702,16,40,3.1,70,Chuva
MET2025-0705,SBGL,2025-07-07 12:00,17.3,1013.1,9702,16,35,3.1,80,Chuva
MET2025-0701,SBBR,2025-07-07 00:00,19.6,1015.4,11596,12,24,0.0,9,Ceu aberto
MET2025-0702,SBBR,2025-07-07 03:00,18.7,1015.8,11596,12,36,0.0,29,Ceu aberto
MET2025-0703,SBBR,2025-07-07 06:00,17.8,1016.3,11596,12,25,0.0,17,Ceu aberto
MET2025-0704,SBBR,2025-07-07 09:00,18.7,1015.8,11596,12,30,0.0,38,Ceu aberto
MET2025-0705,SBBR,2025-07-07 12:00,19.6,1015.4,11596,12,23,0.0,31,Ceu aberto
MET2025-0701,SBCF,2025-07-07 00:00,18.4,1009.0,11389,17,30,1.4,44,Chuva
MET2025-0702,SBCF,2025-07-07 03:00,17.5,1009.4,11389,17,29,1.4,44,Chuva
MET2025-0703,SBCF,2025-07-07 06:00,16.6,1009.9,11389,17,30,1.4,51,Chuva
MET2025-0704,SBCF,2025-07-07 09:00,17.5,1009.4,11389,17,29,1.4,44,Chuva
MET2025-0705,SBCF,2025-07-07 12:00,18.4,1009.0,11389,17,37,1.4,46,Chuva
MET2025-0701,SBPA,2025-07-07 00:00,10.3,1017.1,5955,26,42,4.8,100,Chuva
MET2025-0702,SBPA,2025-07-07 03:00,9.4,1017.5,5955,26,39,4.8,95,Chuva
MET2025-0703,SBPA,2025-07-07 06:00,8.5,1018.0,5955,26,40,4.8,86,Chuva
MET2025-0704,SBPA,2025-07-07 09:00,9.4,1017.5,5955,26,48,4.8,100,Chuva
MET2025-0705,SBPA,2025-07-07 12:00,10.3,1017.1,5955,26,48,4.8,91,Chuva
MET2025-0701,SBCT,2025-07-07 00:00,10.6,1020.9,7230,22,47,4.4,89,Chuva
MET2025-0702,SBCT,2025-07-07 03:00,9.7,1021.3,7230,22,42,4.4,100,Chuva
MET2025-0703,SBCT,2025-07-07 06:00,8.8,1021.8,7230,22,36,4.4,78,Chuva
MET2025-0704,SBCT,2025-07-07 09:00,9.7,1021.3,7230,22,36,4.4,98,Chuva
MET2025-0705,SBCT,2025-07-07 12:00,10.6,1020.9,7230,22,41,4.4,78,Chuva
MET2025-0701,SBRF,2025-07-07 00:00,24.1,1013.3,9792,20,31,1.5,39,Chuva
MET2025-0702,SBRF,2025-07-07 03:00,23.2,1013.7,9792,20,30,1.5,39,Chuva
MET2025-0703,SBRF,2025-07-07 06:00,22.3,1014.2,9792,20,37,1.5,37,Chuva
MET2025-0704,SBRF,2025-07-07 09:00,23.2,1013.7,9792,20,37,1.5,46,Chuva
MET2025-0705,SBRF,2025-07-07 12:00,24.1,1013.3,9792,20,39,1.5,34,Chuva
MET2025-0701,SBFL,2025-07-07 00:00,14.1,1014.8,5465,22,35,4.6,100,Chuva
MET2025-0702,SBFL,2025-07-07 03:00,13.2,1015.2,5465,22,37,4.6,98,Chuva
MET2025-0703,SBFL,2025-07-07 06:00,12.3,1015.7,5465,22,43,4.6,91,Chuva
MET2025-0704,SBFL,2025-07-07 09:00,13.2,1015.2,5465,22,40,4.6,75,Chuva
MET2025-0705,SBFL,2025-07-07 12:00,14.1,1014.8,5465,22,45,4.6,74,Chuva
MET2025-0701,SBSV,2025-07-07 00:00,23.5,1016.7,10535,15,29,0.7,30,Chuva
MET2025-0702,SBSV,2025-07-07 03:00,22.6,1017.1,10535,15,38,0.7,8,Chuva
MET2025-0703,SBSV,2025-07-07 06:00,21.7,1017.6,10535,15,26,0.7,43,Chuva
MET2025-0704,SBSV,2025-07-07 09:00,22.6,1017.1,10535,15,35,0.7,39,Chuva
MET2025-0705,SBSV,2025-07-07 12:00,23.5,1016.7,10535,15,32,0.7,45,Chuva
MET2025-0701,SBCG,2025-07-07 00:00,21.9,1008.3,7827,20,32,2.5,54,Chuva
MET2025-0702,SBCG,2025-07-07 03:00,21.0,1008.8,7827,20,34,2.5,45,Chuva
MET2025-0703,SBCG,2025-07-07 06:00,20.1,1009.2,7827,20,42,2.5,68,Chuva
MET2025-0704,SBCG,2025-07-07 09:00,21.0,1008.8,7827,20,32,2.5,38,Chuva
MET2025-0705,SBCG,2025-07-07 12:00,21.9,1008.3,7827,20,33,2.5,67,Chuva
MET2025-0801,SBGR,2025-07-08 00:00,16.5,1023.0,5936,26,37,4.0,79,Chuva
MET2025-0802,SBGR,2025-07-08 03:00,15.6,1023.4,5936,26,41,4.0,79,Chuva
MET2025-0803,SBGR,2025-07-08 06:00,14.7,1023.9,5936,26,47,4.0,65,Chuva
MET2025-0804,SBGR,2025-07-08 09:00,15.6,1023.4,5936,26,43,4.0,73,Chuva
MET2025-0805,SBGR,2025-07-08 12:00,16.5,1023.0,5936,26,44,4.0,77,Chuva
MET2025-0801,SBGL,2025-07-08 00:00,19.1,1010.1,8821,14,39,2.6,65,Chuva
MET2025-0802,SBGL,2025-07-08 03:00,18.2,1010.5,8821,14,26,2.6,56,Chuva
MET2025-0803,SBGL,2025-07-08 06:00,17.3,1011.0,8821,14,39,2.6,56,Chuva
MET2025-0804,SBGL,2025-07-08 09:00,18.2,1010.5,8821,14,34,2.6,65,Chuva
MET2025-0805,SBGL,2025-07-08 12:00,19.1,1010.1,8821,14,32,2.6,65,Chuva
MET2025-0801,SBBR,2025-07-08 00:00,20.5,1016.7,11485,7,32,1.4,42,Chuva
MET2025-0802,SBBR,2025-07-08 03:00,19.6,1017.1,11485,7,23,1.4,37,Chuva
MET2025-0803,SBBR,2025-07-08 06:00,18.7,1017.6,11485,7,28,1.4,43,Chuva
MET2025-0804,SBBR,2025-07-08 09:00,19.6,1017.1,11485,7,22,1.4,39,Chuva
MET2025-0805,SBBR,2025-07-08 12:00,20.5,1016.7,11485,7,26,1.4,37,Chuva
MET2025-0801,SBCF,2025-07-08 00:00,15.6,1018.3,9494,15,31,3.1,75,Chuva
MET2025-0802,SBCF,2025-07-08 03:00,14.7,1018.8,9494,15,32,3.1,49,Chuva
MET2025-0803,SBCF,2025-07-08 06:00,13.8,1019.3,9494,15,36,3.1,59,Chuva
MET2025-0804,SBCF,2025-07-08 09:00,14.7,1018.8,9494,15,36,3.1,61,Chuva
MET2025-0805,SBCF,2025-07-08 12:00,15.6,1018.3,9494,15,25,3.1,63,Chuva
MET2025-0801,SBPA,2025-07-08 00:00,9.8,1014.5,4000,29,47,5.5,99,Chuva intensa
MET2025-0802,SBPA,2025-07-08 03:00,8.9,1015.0,4000,29,48,5.5,100,Chuva intensa
MET2025-0803,SBPA,2025-07-08 06:00,8.0,1015.4,4000,29,54,5.5,94,Chuva intensa
MET2025-0804,SBPA,2025-07-08 09:00,8.9,1015.0,4000,29,48,5.5,100,Chuva intensa
MET2025-0805,SBPA,2025-07-08 12:00,9.8,1014.5,4000,29,53,5.5,87,Chuva intensa
MET2025-0801,SBCT,2025-07-08 00:00,11.8,1011.3,6121,29,44,3.9,92,Chuva
MET2025-0802,SBCT,2025-07-08 03:00,10.9,1011.7,6121,29,49,3.9,75,Chuva
MET2025-0803,SBCT,2025-07-08 06:00,10.0,1012.2,6121,29,42,3.9,65,Chuva
MET2025-0804,SBCT,2025-07-08 09:00,10.9,1011.7,6121,29,39,3.9,78,Chuva
MET2025-0805,SBCT,2025-07-08 12:00,11.8,1011.3,6121,29,53,3.9,83,Chuva
MET2025-0801,SBRF,2025-07-08 00:00,23.8,1009.9,12364,14,38,0.3,26,Ceu aberto
MET2025-0802,SBRF,2025-07-08 03:00,22.9,1010.3,12364,14,27,0.3,25,Ceu aberto
MET2025-0803,SBRF,2025-07-08 06:00,22.0,1010.8,12364,14,37,0.3,24,Ceu aberto
MET2025-0804,SBRF,2025-07-08 09:00,22.9,1010.3,12364,14,39,0.3,16,Ceu aberto
MET2025-0805,SBRF,2025-07-08 12:00,23.8,1009.9,12364,14,27,0.3,21,Ceu aberto
MET2025-0801,SBFL,2025-07-08 00:00,16.6,1015.7,7028,20,40,3.6,61,Chuva
MET2025-0802,SBFL,2025-07-08 03:00,15.7,1016.2,7028,20,37,3.6,70,Chuva
MET2025-0803,SBFL,2025-07-08 06:00,14.8,1016.6,7028,20,42,3.6,77,Chuva
MET2025-0804,SBFL,2025-07-08 09:00,15.7,1016.2,7028,20,31,3.6,79,Chuva
MET2025-0805,SBFL,2025-07-08 12:00,16.6,1015.7,7028,20,43,3.6,63,Chuva
MET2025-0801,SBSV,2025-07-08 00:00,20.4,1011.3,8351,18,30,1.5,48,Chuva
MET2025-0802,SBSV,2025-07-08 03:00,19.5,1011.8,8351,18,35,1.5,35,Chuva
MET2025-0803,SBSV,2025-07-08 06:00,18.6,1012.2,8351,18,38,1.5,53,Chuva
MET2025-0804,SBSV,2025-07-08 09:00,19.5,1011.8,8351,18,29,1.5,31,Chuva
MET2025-0805,SBSV,2025-07-08 12:00,20.4,1011.3,8351,18,40,1.5,45,Chuva
MET2025-0801,SBCG,2025-07-08 00:00,16.9,1012.4,8225,13,34,2.0,48,Chuva
MET2025-0802,SBCG,2025-07-08 03:00,16.0,1012.8,8225,13,24,2.0,52,Chuva
MET2025-0803,SBCG,2025-07-08 06:00,15.1,1013.3,8225,13,36,2.0,68,Chuva
MET2025-0804,SBCG,2025-07-08 09:00,16.0,1012.8,8225,13,27,2.0,50,Chuva
MET2025-0805,SBCG,2025-07-08 12:00,16.9,1012.4,8225,13,30,2.0,78,Chuva
MET2025-0901,SBGR,2025-07-09 00:00,14.2,1016.3,7163,23,43,3.2,69,Chuva
MET2025-0902,SBGR,2025-07-09 03:00,13.3,1016.7,7163,23,46,3.2,62,Chuva
MET2025-0903,SBGR,2025-07-09 06:00,12.4,1017.2,7163,23,42,3.2,78,Chuva
MET2025-0904,SBGR,2025-07-09 09:00,13.3,1016.7,7163,23,35,3.2,52,Chuva
MET2025-0905,SBGR,2025-07-09 12:00,14.2,1016.3,7163,23,44,3.2,69,Chuva
MET2025-0901,SBGL,2025-07-09 00:00,14.4,1019.1,8023,21,37,3.4,74,Chuva
MET2025-0902,SBGL,2025-07-09 03:00,13.5,1019.6,8023,21,46,3.4,59,Chuva
MET2025-0903,SBGL,2025-07-09 06:00,12.6,1020.0,8023,21,38,3.4,68,Chuva
MET2025-0904,SBGL,2025-07-09 09:00,13.5,1019.6,8023,21,42,3.4,69,Chuva
MET2025-0905,SBGL,2025-07-09 12:00,14.4,1019.1,8023,21,40,3.4,83,Chuva
MET2025-0901,SBBR,2025-07-09 00:00,21.2,1008.5,12157,12,25,0.0,17,Ceu aberto
MET2025-0902,SBBR,2025-07-09 03:00,20.3,1008.9,12157,12,26,0.0,23,Ceu aberto
MET2025-0903,SBBR,2025-07-09 06:00,19.4,1009.4,12157,12,36,0.0,31,Ceu aberto
MET2025-0904,SBBR,2025-07-09 09:00,20.3,1008.9,12157,12,26,0.0,21,Ceu aberto
MET2025-0905,SBBR,2025-07-09 12:00,21.2,1008.5,12157,12,33,0.0,20,Ceu aberto
MET2025-0901,SBCF,2025-07-09 00:00,18.3,1012.2,8314,17,34,2.0,44,Chuva
MET2025-0902,SBCF,2025-07-09 03:00,17.4,1012.7,8314,17,34,2.0,41,Chuva
MET2025-0903,SBCF,2025-07-09 06:00,16.5,1013.1,8314,17,39,2.0,44,Chuva
MET2025-0904,SBCF,2025-07-09 09:00,17.4,1012.7,8314,17,42,2.0,43,Chuva
MET2025-0905,SBCF,2025-07-09 12:00,18.3,1012.2,8314,17,31,2.0,60,Chuva
MET2025-0901,SBPA,2025-07-09 00:00,12.0,1016.9,4000,32,46,5.7,100,Chuva intensa
MET2025-0902,SBPA,2025-07-09 03:00,11.1,1017.4,4000,32,47,5.7,94,Chuva intensa
MET2025-0903,SBPA,2025-07-09 06:00,10.2,1017.8,4000,32,45,5.7,100,Chuva intensa
MET2025-0904,SBPA,2025-07-09 09:00,11.1,1017.4,4000,32,48,5.7,100,Chuva intensa
MET2025-0905,SBPA,2025-07-09 12:00,12.0,1016.9,4000,32,55,5.7,100,Chuva intensa
MET2025-0901,SBCT,2025-07-09 00:00,11.2,1018.4,5212,24,35,4.2,70,Chuva
MET2025-0902,SBCT,2025-07-09 03:00,10.3,1018.9,5212,24,38,4.2,89,Chuva
MET2025-0903,SBCT,2025-07-09 06:00,9.4,1019.3,5212,24,38,4.2,88,Chuva
MET2025-0904,SBCT,2025-07-09 09:00,10.3,1018.9,5212,24,40,4.2,98,Chuva
MET2025-0905,SBCT,2025-07-09 12:00,11.2,1018.4,5212,24,47,4.2,85,Chuva
MET2025-0901,SBRF,2025-07-09 00:00,24.4,1009.6,11630,17,30,0.6,30,Chuva
MET2025-0902,SBRF,2025-07-09 03:00,23.5,1010.1,11630,17,40,0.6,29,Chuva
MET2025-0903,SBRF,2025-07-09 06:00,22.5,1010.5,11630,17,39,0.6,16,Chuva
MET2025-0904,SBRF,2025-07-09 09:00,23.5,1010.1,11630,17,33,0.6,32,Chuva
MET2025-0905,SBRF,2025-07-09 12:00,24.4,1009.6,11630,17,33,0.6,28,Chuva
MET2025-0901,SBFL,2025-07-09 00:00,13.6,1017.6,6697,27,45,4.0,80,Chuva
MET2025-0902,SBFL,2025-07-09 03:00,12.7,1018.0,6697,27,37,4.0,75,Chuva
MET2025-0903,SBFL,2025-07-09 06:00,11.8,1018.5,6697,27,46,4.0,75,Chuva
MET2025-0904,SBFL,2025-07-09 09:00,12.7,1018.0,6697,27,37,4.0,72,Chuva
MET2025-0905,SBFL,2025-07-09 12:00,13.6,1017.6,6697,27,45,4.0,76,Chuva
MET2025-0901,SBSV,2025-07-09 00:00,23.6,1015.9,9741,16,40,1.1,29,Chuva
MET2025-0902,SBSV,2025-07-09 03:00,22.7,1016.4,9741,16,29,1.1,32,Chuva
MET2025-0903,SBSV,2025-07-09 06:00,21.8,1016.8,9741,16,35,1.1,34,Chuva
MET2025-0904,SBSV,2025-07-09 09:00,22.7,1016.4,9741,16,36,1.1,46,Chuva
MET2025-0905,SBSV,2025-07-09 12:00,23.6,1015.9,9741,16,33,1.1,40,Chuva
MET2025-0901,SBCG,2025-07-09 00:00,18.4,1012.2,10390,23,42,2.8,64,Chuva
MET2025-0902,SBCG,2025-07-09 03:00,17.5,1012.6,10390,23,46,2.8,75,Chuva
MET2025-0903,SBCG,2025-07-09 06:00,16.6,1013.1,10390,23,36,2.8,65,Chuva
MET2025-0904,SBCG,2025-07-09 09:00,17.5,1012.6,10390,23,43,2.8,59,Chuva
MET2025-0905,SBCG,2025-07-09 12:00,18.4,1012.2,10390,23,44,2.8,69,Chuva
MET2025-1001,SBGR,2025-07-10 00:00,16.2,1016.2,7339,16,27,2.0,61,Chuva
MET2025-1002,SBGR,2025-07-10 03:00,15.3,1016.6,7339,16,34,2.0,42,Chuva
MET2025-1003,SBGR,2025-07-10 06:00,14.4,1017.1,7339,16,38,2.0,48,Chuva
MET2025-1004,SBGR,2025-07-10 09:00,15.3,1016.6,7339,16,40,2.0,57,Chuva
MET2025-1005,SBGR,2025-07-10 12:00,16.2,1016.2,7339,16,30,2.0,56,Chuva
MET2025-1001,SBGL,2025-07-10 00:00,17.1,1013.4,10052,19,35,2.0,65,Chuva
MET2025-1002,SBGL,2025-07-10 03:00,16.1,1013.9,10052,19,30,2.0,67,Chuva
MET2025-1003,SBGL,2025-07-10 06:00,15.2,1014.4,10052,19,37,2.0,28,Chuva
MET2025-1004,SBGL,2025-07-10 09:00,16.1,1013.9,10052,19,33,2.0,24,Chuva
MET2025-1005,SBGL,2025-07-10 12:00,17.1,1013.4,10052,19,34,2.0,29,Chuva
MET2025-1001,SBBR,2025-07-10 00:00,19.8,1017.0,12644,11,34,0.3,14,Ceu aberto
MET2025-1002,SBBR,2025-07-10 03:00,18.9,1017.4,12644,11,30,0.3,28,Ceu aberto
MET2025-1003,SBBR,2025-07-10 06:00,18.0,1017.9,12644,11,32,0.3,13,Ceu aberto
MET2025-1004,SBBR,2025-07-10 09:00,18.9,1017.4,12644,11,34,0.3,13,Ceu aberto
MET2025-1005,SBBR,2025-07-10 12:00,19.8,1017.0,12644,11,26,0.3,16,Ceu aberto
MET2025-1001,SBCF,2025-07-10 00:00,17.6,1016.1,7979,22,35,3.1,68,Chuva
MET2025-1002,SBCF,2025-07-10 03:00,16.7,1016.6,7979,22,43,3.1,62,Chuva
MET2025-1003,SBCF,2025-07-10 06:00,15.8,1017.1,7979,22,43,3.1,78,Chuva
MET2025-1004,SBCF,2025-07-10 09:00,16.7,1016.6,7979,22,38,3.1,77,Chuva
MET2025-1005,SBCF,2025-07-10 12:00,17.6,1016.1,7979,22,47,3.1,73,Chuva
MET2025-1001,SBPA,2025-07-10 00:00,11.3,1013.1,4000,27,43,5.3,100,Chuva intensa
MET2025-1002,SBPA,2025-07-10 03:00,10.4,1013.5,4000,27,39,5.3,96,Chuva intensa
MET2025-1003,SBPA,2025-07-10 06:00,9.5,1014.0,4000,27,41,5.3,82,Chuva intensa
MET2025-1004,SBPA,2025-07-10 09:00,10.4,1013.5,4000,27,40,5.3,100,Chuva intensa
MET2025-1005,SBPA,2025-07-10 12:00,11.3,1013.1,4000,27,41,5.3,100,Chuva intensa
MET2025-1001,SBCT,2025-07-10 00:00,14.4,1018.3,3926,32,54,4.8,88,Chuva
MET2025-1002,SBCT,2025-07-10 03:00,13.4,1018.8,3926,32,47,4.8,94,Chuva
MET2025-1003,SBCT,2025-07-10 06:00,12.5,1019.2,3926,32,43,4.8,84,Chuva
MET2025-1004,SBCT,2025-07-10 09:00,13.4,1018.8,3926,32,47,4.8,84,Chuva
MET2025-1005,SBCT,2025-07-10 12:00,14.4,1018.3,3926,32,54,4.8,100,Chuva
MET2025-1001,SBRF,2025-07-10 00:00,22.5,1016.2,12921,18,36,0.0,15,Ceu aberto
MET2025-1002,SBRF,2025-07-10 03:00,21.6,1016.7,12921,18,42,0.0,9,Ceu aberto
MET2025-1003,SBRF,2025-07-10 06:00,20.7,1017.1,12921,18,38,0.0,24,Ceu aberto
MET2025-1004,SBRF,2025-07-10 09:00,21.6,1016.7,12921,18,34,0.0,35,Ceu aberto
MET2025-1005,SBRF,2025-07-10 12:00,22.5,1016.2,12921,18,36,0.0,26,Ceu aberto
MET2025-1001,SBFL,2025-07-10 00:00,15.5,1018.7,5215,25,39,4.0,69,Chuva
MET2025-1002,SBFL,2025-07-10 03:00,14.6,1019.2,5215,25,46,4.0,73,Chuva
MET2025-1003,SBFL,2025-07-10 06:00,13.7,1019.7,5215,25,48,4.0,84,Chuva
MET2025-1004,SBFL,2025-07-10 09:00,14.6,1019.2,5215,25,37,4.0,78,Chuva
MET2025-1005,SBFL,2025-07-10 12:00,15.5,1018.7,5215,25,40,4.0,94,Chuva
MET2025-1001,SBSV,2025-07-10 00:00,21.5,1013.3,10641,23,44,1.2,36,Chuva
MET2025-1002,SBSV,2025-07-10 03:00,20.6,1013.8,10641,23,34,1.2,30,Chuva
MET2025-1003,SBSV,2025-07-10 06:00,19.7,1014.2,10641,23,46,1.2,39,Chuva
MET2025-1004,SBSV,2025-07-10 09:00,20.6,1013.8,10641,23,47,1.2,42,Chuva
MET2025-1005,SBSV,2025-07-10 12:00,21.5,1013.3,10641,23,45,1.2,40,Chuva
MET2025-1001,SBCG,2025-07-10 00:00,19.6,1017.4,8656,15,28,2.3,39,Chuva
MET2025-1002,SBCG,2025-07-10 03:00,18.7,1017.9,8656,15,29,2.3,38,Chuva
MET2025-1003,SBCG,2025-07-10 06:00,17.8,1018.3,8656,15,34,2.3,52,Chuva
MET2025-1004,SBCG,2025-07-10 09:00,18.7,1017.9,8656,15,39,2.3,62,Chuva
MET2025-1005,SBCG,2025-07-10 12:00,19.6,1017.4,8656,15,34,2.3,66,Chuva
MET2025-1101,SBGR,2025-07-11 00:00,14.6,1016.5,7404,19,31,2.9,59,Chuva
MET2025-1102,SBGR,2025-07-11 03:00,13.7,1017.0,7404,19,34,2.9,73,Chuva
MET2025-1103,SBGR,2025-07-11 06:00,12.8,1017.4,7404,19,34,2.9,68,Chuva
MET2025-1104,SBGR,2025-07-11 09:00,13.7,1017.0,7404,19,42,2.9,56,Chuva
MET2025-1105,SBGR,2025-07-11 12:00,14.6,1016.5,7404,19,31,2.9,52,Chuva
MET2025-1101,SBGL,2025-07-11 00:00,16.7,1021.2,9505,22,46,3.6,81,Chuva
MET2025-1102,SBGL,2025-07-11 03:00,15.8,1021.7,9505,22,37,3.6,87,Chuva
MET2025-1103,SBGL,2025-07-11 06:00,14.8,1022.1,9505,22,42,3.6,65,Chuva
MET2025-1104,SBGL,2025-07-11 09:00,15.8,1021.7,9505,22,35,3.6,67,Chuva
MET2025-1105,SBGL,2025-07-11 12:00,16.7,1021.2,9505,22,39,3.6,51,Chuva
MET2025-1101,SBBR,2025-07-11 00:00,20.2,1017.7,12275,11,30,0.5,21,Ceu aberto
MET2025-1102,SBBR,2025-07-11 03:00,19.3,1018.1,12275,11,33,0.5,6,Ceu aberto
MET2025-1103,SBBR,2025-07-11 06:00,18.4,1018.6,12275,11,26,0.5,20,Ceu aberto
MET2025-1104,SBBR,2025-07-11 09:00,19.3,1018.1,12275,11,24,0.5,33,Ceu aberto
MET2025-1105,SBBR,2025-07-11 12:00,20.2,1017.7,12275,11,34,0.5,26,Ceu aberto
MET2025-1101,SBCF,2025-07-11 00:00,20.7,1011.5,10535,9,20,2.2,49,Chuva
MET2025-1102,SBCF,2025-07-11 03:00,19.8,1012.0,10535,9,31,2.2,47,Chuva
MET2025-1103,SBCF,2025-07-11 06:00,18.8,1012.4,10535,9,24,2.2,59,Chuva
MET2025-1104,SBCF,2025-07-11 09:00,19.8,1012.0,10535,9,26,2.2,36,Chuva
MET2025-1105,SBCF,2025-07-11 12:00,20.7,1011.5,10535,9,28,2.2,59,Chuva
MET2025-1101,SBPA,2025-07-11 00:00,12.6,1017.3,5499,19,31,5.0,83,Chuva
MET2025-1102,SBPA,2025-07-11 03:00,11.6,1017.8,5499,19,38,5.0,85,Chuva
MET2025-1103,SBPA,2025-07-11 06:00,10.7,1018.3,5499,19,35,5.0,91,Chuva
MET2025-1104,SBPA,2025-07-11 09:00,11.6,1017.8,5499,19,32,5.0,82,Chuva
MET2025-1105,SBPA,2025-07-11 12:00,12.6,1017.3,5499,19,34,5.0,76,Chuva
MET2025-1101,SBCT,2025-07-11 00:00,13.0,1016.7,3617,24,43,4.5,83,Chuva
MET2025-1102,SBCT,2025-07-11 03:00,12.1,1017.2,3617,24,41,4.5,86,Chuva
MET2025-1103,SBCT,2025-07-11 06:00,11.1,1017.6,3617,24,39,4.5,76,Chuva
MET2025-1104,SBCT,2025-07-11 09:00,12.1,1017.2,3617,24,48,4.5,72,Chuva
MET2025-1105,SBCT,2025-07-11 12:00,13.0,1016.7,3617,24,41,4.5,88,Chuva
MET2025-1101,SBRF,2025-07-11 00:00,24.2,1016.1,10366,15,32,0.7,42,Chuva
MET2025-1102,SBRF,2025-07-11 03:00,23.3,1016.5,10366,15,28,0.7,32,Chuva
MET2025-1103,SBRF,2025-07-11 06:00,22.4,1017.0,10366,15,33,0.7,29,Chuva
MET2025-1104,SBRF,2025-07-11 09:00,23.3,1016.5,10366,15,31,0.7,45,Chuva
MET2025-1105,SBRF,2025-07-11 12:00,24.2,1016.1,10366,15,30,0.7,31,Chuva
MET2025-1101,SBFL,2025-07-11 00:00,15.3,1012.6,7735,26,37,3.8,85,Chuva
MET2025-1102,SBFL,2025-07-11 03:00,14.4,1013.1,7735,26,50,3.8,96,Chuva
MET2025-1103,SBFL,2025-07-11 06:00,13.5,1013.6,7735,26,46,3.8,65,Chuva
MET2025-1104,SBFL,2025-07-11 09:00,14.4,1013.1,7735,26,44,3.8,82,Chuva
MET2025-1105,SBFL,2025-07-11 12:00,15.3,1012.6,7735,26,48,3.8,68,Chuva
MET2025-1101,SBSV,2025-07-11 00:00,21.3,1023.1,8736,14,26,1.2,59,Chuva
MET2025-1102,SBSV,2025-07-11 03:00,20.4,1023.5,8736,14,38,1.2,30,Chuva
MET2025-1103,SBSV,2025-07-11 06:00,19.5,1024.0,8736,14,31,1.2,35,Chuva
MET2025-1104,SBSV,2025-07-11 09:00,20.4,1023.5,8736,14,37,1.2,35,Chuva
MET2025-1105,SBSV,2025-07-11 12:00,21.3,1023.1,8736,14,24,1.2,44,Chuva
MET2025-1101,SBCG,2025-07-11 00:00,21.7,1018.3,10654,18,42,1.7,55,Chuva
MET2025-1102,SBCG,2025-07-11 03:00,20.7,1018.8,10654,18,43,1.7,21,Chuva
MET2025-1103,SBCG,2025-07-11 06:00,19.8,1019.2,10654,18,37,1.7,46,Chuva
MET2025-1104,SBCG,2025-07-11 09:00,20.7,1018.8,10654,18,29,1.7,57,Chuva
MET2025-1105,SBCG,2025-07-11 12:00,21.7,1018.3,10654,18,31,1.7,46,Chuva
MET2025-1201,SBGR,2025-07-12 00:00,18.0,1014.7,5606,15,34,3.1,39,Chuva
MET2025-1202,SBGR,2025-07-12 03:00,17.0,1015.1,5606,15,37,3.1,79,Chuva
MET2025-1203,SBGR,2025-07-12 06:00,16.1,1015.6,5606,15,33,3.1,64,Chuva
MET2025-1204,SBGR,2025-07-12 09:00,17.0,1015.1,5606,15,30,3.1,79,Chuva
MET2025-1205,SBGR,2025-07-12 12:00,18.0,1014.7,5606,15,33,3.1,75,Chuva
MET2025-1201,SBGL,2025-07-12 00:00,17.4,1012.4,8160,21,34,2.5,38,Chuva
MET2025-1202,SBGL,2025-07-12 03:00,16.4,1012.8,8160,21,44,2.5,56,Chuva
MET2025-1203,SBGL,2025-07-12 06:00,15.5,1013.3,8160,21,44,2.5,49,Chuva
MET2025-1204,SBGL,2025-07-12 09:00,16.4,1012.8,8160,21,40,2.5,51,Chuva
MET2025-1205,SBGL,2025-07-12 12:00,17.4,1012.4,8160,21,42,2.5,41,Chuva
MET2025-1201,SBBR,2025-07-12 00:00,20.0,1014.5,13621,8,25,0.0,26,Ceu aberto
MET2025-1202,SBBR,2025-07-12 03:00,19.1,1015.0,13621,8,32,0.0,14,Ceu aberto
MET2025-1203,SBBR,2025-07-12 06:00,18.1,1015.5,13621,8,33,0.0,29,Ceu aberto
MET2025-1204,SBBR,2025-07-12 09:00,19.1,1015.0,13621,8,29,0.0,25,Ceu aberto
MET2025-1205,SBBR,2025-07-12 12:00,20.0,1014.5,13621,8,21,0.0,12,Ceu aberto
MET2025-1201,SBCF,2025-07-12 00:00,16.6,1014.3,8686,16,27,2.0,47,Chuva
MET2025-1202,SBCF,2025-07-12 03:00,15.6,1014.8,8686,16,40,2.0,41,Chuva
MET2025-1203,SBCF,2025-07-12 06:00,14.7,1015.2,8686,16,28,2.0,50,Chuva
MET2025-1204,SBCF,2025-07-12 09:00,15.6,1014.8,8686,16,32,2.0,51,Chuva
MET2025-1205,SBCF,2025-07-12 12:00,16.6,1014.3,8686,16,39,2.0,53,Chuva
MET2025-1201,SBPA,2025-07-12 00:00,12.6,1017.3,5286,28,46,4.5,82,Chuva
MET2025-1202,SBPA,2025-07-12 03:00,11.6,1017.8,5286,28,47,4.5,79,Chuva
MET2025-1203,SBPA,2025-07-12 06:00,10.7,1018.3,5286,28,52,4.5,92,Chuva
MET2025-1204,SBPA,2025-07-12 09:00,11.6,1017.8,5286,28,48,4.5,88,Chuva
MET2025-1205,SBPA,2025-07-12 12:00,12.6,1017.3,5286,28,44,4.5,98,Chuva
MET2025-1201,SBCT,2025-07-12 00:00,12.3,1017.4,6077,30,44,3.7,70,Chuva
MET2025-1202,SBCT,2025-07-12 03:00,11.4,1017.9,6077,30,44,3.7,65,Chuva
MET2025-1203,SBCT,2025-07-12 06:00,10.5,1018.3,6077,30,41,3.7,57,Chuva
MET2025-1204,SBCT,2025-07-12 09:00,11.4,1017.9,6077,30,40,3.7,79,Chuva
MET2025-1205,SBCT,2025-07-12 12:00,12.3,1017.4,6077,30,46,3.7,95,Chuva
MET2025-1201,SBRF,2025-07-12 00:00,26.1,1013.3,12834,15,28,1.3,30,Chuva
MET2025-1202,SBRF,2025-07-12 03:00,25.2,1013.7,12834,15,34,1.3,40,Chuva
MET2025-1203,SBRF,2025-07-12 06:00,24.3,1014.2,12834,15,39,1.3,43,Chuva
MET2025-1204,SBRF,2025-07-12 09:00,25.2,1013.7,12834,15,31,1.3,41,Chuva
MET2025-1205,SBRF,2025-07-12 12:00,26.1,1013.3,12834,15,29,1.3,34,Chuva
MET2025-1201,SBFL,2025-07-12 00:00,16.4,1013.8,5661,21,40,3.7,77,Chuva
MET2025-1202,SBFL,2025-07-12 03:00,15.4,1014.3,5661,21,40,3.7,83,Chuva
MET2025-1203,SBFL,2025-07-12 06:00,14.5,1014.8,5661,21,41,3.7,76,Chuva
MET2025-1204,SBFL,2025-07-12 09:00,15.4,1014.3,5661,21,37,3.7,72,Chuva
MET2025-1205,SBFL,2025-07-12 12:00,16.4,1013.8,5661,21,39,3.7,78,Chuva
MET2025-1201,SBSV,2025-07-12 00:00,22.8,1015.1,10977,19,36,0.7,24,Chuva
MET2025-1202,SBSV,2025-07-12 03:00,21.9,1015.5,10977,19,40,0.7,32,Chuva
MET2025-1203,SBSV,2025-07-12 06:00,21.0,1016.0,10977,19,39,0.7,29,Chuva
MET2025-1204,SBSV,2025-07-12 09:00,21.9,1015.5,10977,19,35,0.7,24,Chuva
MET2025-1205,SBSV,2025-07-12 12:00,22.8,1015.1,10977,19,32,0.7,18,Chuva
MET2025-1201,SBCG,2025-07-12 00:00,19.6,1012.5,9182,14,36,1.1,30,Chuva
MET2025-1202,SBCG,2025-07-12 03:00,18.6,1013.0,9182,14,35,1.1,23,Chuva
MET2025-1203,SBCG,2025-07-12 06:00,17.7,1013.4,9182,14,38,1.1,52,Chuva
MET2025-1204,SBCG,2025-07-12 09:00,18.6,1013.0,9182,14,39,1.1,31,Chuva
MET2025-1205,SBCG,2025-07-12 12:00,19.6,1012.5,9182,14,32,1.1,30,Chuva
MET2025-1301,SBGR,2025-07-13 00:00,17.1,1012.9,8506,25,49,2.7,41,Chuva
MET2025-1302,SBGR,2025-07-13 03:00,16.1,1013.4,8506,25,38,2.7,57,Chuva
MET2025-1303,SBGR,2025-07-13 06:00,15.2,1013.8,8506,25,36,2.7,62,Chuva
MET2025-1304,SBGR,2025-07-13 09:00,16.1,1013.4,8506,25,43,2.7,63,Chuva
MET2025-1305,SBGR,2025-07-13 12:00,17.1,1012.9,8506,25,45,2.7,48,Chuva
MET2025-1301,SBGL,2025-07-13 00:00,20.1,1010.7,8925,16,41,3.1,56,Chuva
MET2025-1302,SBGL,2025-07-13 03:00,19.2,1011.2,8925,16,40,3.1,58,Chuva
MET2025-1303,SBGL,2025-07-13 06:00,18.2,1011.7,8925,16,28,3.1,52,Chuva
MET2025-1304,SBGL,2025-07-13 09:00,19.2,1011.2,8925,16,28,3.1,67,Chuva
MET2025-1305,SBGL,2025-07-13 12:00,20.1,1010.7,8925,16,35,3.1,67,Chuva
MET2025-1301,SBBR,2025-07-13 00:00,22.6,1014.1,10391,13,31,1.8,56,Chuva
MET2025-1302,SBBR,2025-07-13 03:00,21.6,1014.6,10391,13,24,1.8,43,Chuva
MET2025-1303,SBBR,2025-07-13 06:00,20.7,1015.0,10391,13,29,1.8,45,Chuva
MET2025-1304,SBBR,2025-07-13 09:00,21.6,1014.6,10391,13,25,1.8,65,Chuva
MET2025-1305,SBBR,2025-07-13 12:00,22.6,1014.1,10391,13,31,1.8,52,Chuva
MET2025-1301,SBCF,2025-07-13 00:00,15.2,1011.4,8207,17,33,2.3,62,Chuva
MET2025-1302,SBCF,2025-07-13 03:00,14.3,1011.9,8207,17,31,2.3,45,Chuva
MET2025-1303,SBCF,2025-07-13 06:00,13.3,1012.3,8207,17,27,2.3,53,Chuva
MET2025-1304,SBCF,2025-07-13 09:00,14.3,1011.9,8207,17,28,2.3,54,Chuva
MET2025-1305,SBCF,2025-07-13 12:00,15.2,1011.4,8207,17,39,2.3,40,Chuva
MET2025-1301,SBPA,2025-07-13 00:00,12.8,1020.7,5179,25,50,4.9,95,Chuva
MET2025-1302,SBPA,2025-07-13 03:00,11.9,1021.2,5179,25,43,4.9,83,Chuva
MET2025-1303,SBPA,2025-07-13 06:00,10.9,1021.7,5179,25,35,4.9,88,Chuva
MET2025-1304,SBPA,2025-07-13 09:00,11.9,1021.2,5179,25,43,4.9,100,Chuva
MET2025-1305,SBPA,2025-07-13 12:00,12.8,1020.7,5179,25,43,4.9,96,Chuva
MET2025-1301,SBCT,2025-07-13 00:00,12.8,1018.2,5136,25,38,3.9,87,Chuva
MET2025-1302,SBCT,2025-07-13 03:00,11.9,1018.7,5136,25,38,3.9,59,Chuva
MET2025-1303,SBCT,2025-07-13 06:00,10.9,1019.2,5136,25,45,3.9,75,Chuva
MET2025-1304,SBCT,2025-07-13 09:00,11.9,1018.7,5136,25,48,3.9,69,Chuva
MET2025-1305,SBCT,2025-07-13 12:00,12.8,1018.2,5136,25,50,3.9,60,Chuva
MET2025-1301,SBRF,2025-07-13 00:00,25.4,1012.9,9538,17,28,1.2,31,Chuva
MET2025-1302,SBRF,2025-07-13 03:00,24.4,1013.3,9538,17,31,1.2,36,Chuva
MET2025-1303,SBRF,2025-07-13 06:00,23.4,1013.8,9538,17,39,1.2,31,Chuva
MET2025-1304,SBRF,2025-07-13 09:00,24.4,1013.3,9538,17,27,1.2,42,Chuva
MET2025-1305,SBRF,2025-07-13 12:00,25.4,1012.9,9538,17,30,1.2,39,Chuva
MET2025-1301,SBFL,2025-07-13 00:00,17.0,1018.4,5421,27,44,3.6,62,Chuva
MET2025-1302,SBFL,2025-07-13 03:00,16.0,1018.8,5421,27,47,3.6,54,Chuva
MET2025-1303,SBFL,2025-07-13 06:00,15.0,1019.3,5421,27,41,3.6,67,Chuva
MET2025-1304,SBFL,2025-07-13 09:00,16.0,1018.8,5421,27,40,3.6,69,Chuva
MET2025-1305,SBFL,2025-07-13 12:00,17.0,1018.4,5421,27,42,3.6,71,Chuva
MET2025-1301,SBSV,2025-07-13 00:00,21.8,1017.6,11218,20,30,1.3,39,Chuva
MET2025-1302,SBSV,2025-07-13 03:00,20.9,1018.0,11218,20,41,1.3,33,Chuva
MET2025-1303,SBSV,2025-07-13 06:00,19.9,1018.5,11218,20,32,1.3,29,Chuva
MET2025-1304,SBSV,2025-07-13 09:00,20.9,1018.0,11218,20,39,1.3,28,Chuva
MET2025-1305,SBSV,2025-07-13 12:00,21.8,1017.6,11218,20,38,1.3,50,Chuva
MET2025-1301,SBCG,2025-07-13 00:00,19.1,1019.2,10649,17,31,1.6,37,Chuva
MET2025-1302,SBCG,2025-07-13 03:00,18.1,1019.6,10649,17,36,1.6,27,Chuva
MET2025-1303,SBCG,2025-07-13 06:00,17.2,1020.1,10649,17,31,1.6,36,Chuva
MET2025-1304,SBCG,2025-07-13 09:00,18.1,1019.6,10649,17,35,1.6,44,Chuva
MET2025-1305,SBCG,2025-07-13 12:00,19.1,1019.2,10649,17,27,1.6,33,Chuva
MET2025-1401,SBGR,2025-07-14 00:00,16.0,1013.9,8049,14,32,1.6,44,Chuva
MET2025-1402,SBGR,2025-07-14 03:00,15.0,1014.4,8049,14,36,1.6,58,Chuva
MET2025-1403,SBGR,2025-07-14 06:00,14.0,1014.9,8049,14,32,1.6,56,Chuva
MET2025-1404,SBGR,2025-07-14 09:00,15.0,1014.4,8049,14,38,1.6,43,Chuva
MET2025-1405,SBGR,2025-07-14 12:00,16.0,1013.9,8049,14,28,1.6,50,Chuva
MET2025-1401,SBGL,2025-07-14 00:00,17.6,1014.7,9369,24,42,2.0,49,Chuva
MET2025-1402,SBGL,2025-07-14 03:00,16.6,1015.2,9369,24,48,2.0,68,Chuva
MET2025-1403,SBGL,2025-07-14 06:00,15.6,1015.7,9369,24,40,2.0,57,Chuva
MET2025-1404,SBGL,2025-07-14 09:00,16.6,1015.2,9369,24,43,2.0,70,Chuva
MET2025-1405,SBGL,2025-07-14 12:00,17.6,1014.7,9369,24,35,2.0,44,Chuva
MET2025-1401,SBBR,2025-07-14 00:00,18.7,1013.5,11993,10,27,0.3,14,Ceu aberto
MET2025-1402,SBBR,2025-07-14 03:00,17.7,1013.9,11993,10,33,0.3,39,Ceu aberto
MET2025-1403,SBBR,2025-07-14 06:00,16.8,1014.4,11993,10,33,0.3,19,Ceu aberto
MET2025-1404,SBBR,2025-07-14 09:00,17.7,1013.9,11993,10,24,0.3,8,Ceu aberto
MET2025-1405,SBBR,2025-07-14 12:00,18.7,1013.5,11993,10,32,0.3,12,Ceu aberto
MET2025-1401,SBCF,2025-07-14 00:00,18.5,1012.7,9207,21,34,2.5,33,Chuva
MET2025-1402,SBCF,2025-07-14 03:00,17.5,1013.2,9207,21,37,2.5,66,Chuva
MET2025-1403,SBCF,2025-07-14 06:00,16.5,1013.6,9207,21,35,2.5,56,Chuva
MET2025-1404,SBCF,2025-07-14 09:00,17.5,1013.2,9207,21,44,2.5,46,Chuva
MET2025-1405,SBCF,2025-07-14 12:00,18.5,1012.7,9207,21,37,2.5,48,Chuva
MET2025-1401,SBPA,2025-07-14 00:00,11.8,1013.7,6680,21,43,4.2,79,Chuva
MET2025-1402,SBPA,2025-07-14 03:00,10.8,1014.2,6680,21,38,4.2,78,Chuva
MET2025-1403,SBPA,2025-07-14 06:00,9.8,1014.7,6680,21,32,4.2,88,Chuva
MET2025-1404,SBPA,2025-07-14 09:00,10.8,1014.2,6680,21,41,4.2,100,Chuva
MET2025-1405,SBPA,2025-07-14 12:00,11.8,1013.7,6680,21,45,4.2,68,Chuva
MET2025-1401,SBCT,2025-07-14 00:00,12.9,1016.9,5338,24,41,3.7,68,Chuva
MET2025-1402,SBCT,2025-07-14 03:00,11.9,1017.4,5338,24,41,3.7,84,Chuva
MET2025-1403,SBCT,2025-07-14 06:00,10.9,1017.9,5338,24,37,3.7,59,Chuva
MET2025-1404,SBCT,2025-07-14 09:00,11.9,1017.4,5338,24,44,3.7,64,Chuva
MET2025-1405,SBCT,2025-07-14 12:00,12.9,1016.9,5338,24,48,3.7,68,Chuva
MET2025-1401,SBRF,2025-07-14 00:00,23.8,1021.5,11512,9,29,0.0,7,Ceu aberto
MET2025-1402,SBRF,2025-07-14 03:00,22.9,1022.0,11512,9,32,0.0,23,Ceu aberto
MET2025-1403,SBRF,2025-07-14 06:00,21.9,1022.5,11512,9,21,0.0,16,Ceu aberto
MET2025-1404,SBRF,2025-07-14 09:00,22.9,1022.0,11512,9,22,0.0,19,Ceu aberto
MET2025-1405,SBRF,2025-07-14 12:00,23.8,1021.5,11512,9,20,0.0,28,Ceu aberto
MET2025-1401,SBFL,2025-07-14 00:00,16.5,1014.3,7922,23,44,2.9,75,Chuva
MET2025-1402,SBFL,2025-07-14 03:00,15.5,1014.8,7922,23,36,2.9,56,Chuva
MET2025-1403,SBFL,2025-07-14 06:00,14.6,1015.3,7922,23,47,2.9,60,Chuva
MET2025-1404,SBFL,2025-07-14 09:00,15.5,1014.8,7922,23,37,2.9,39,Chuva
MET2025-1405,SBFL,2025-07-14 12:00,16.5,1014.3,7922,23,47,2.9,68,Chuva
MET2025-1401,SBSV,2025-07-14 00:00,25.2,1010.4,9507,21,45,1.6,37,Chuva
MET2025-1402,SBSV,2025-07-14 03:00,24.2,1010.9,9507,21,42,1.6,47,Chuva
MET2025-1403,SBSV,2025-07-14 06:00,23.3,1011.4,9507,21,37,1.6,41,Chuva
MET2025-1404,SBSV,2025-07-14 09:00,24.2,1010.9,9507,21,40,1.6,39,Chuva
MET2025-1405,SBSV,2025-07-14 12:00,25.2,1010.4,9507,21,43,1.6,48,Chuva
MET2025-1401,SBCG,2025-07-14 00:00,21.9,1013.2,10295,11,32,1.1,25,Chuva
MET2025-1402,SBCG,2025-07-14 03:00,20.9,1013.7,10295,11,31,1.1,46,Chuva
MET2025-1403,SBCG,2025-07-14 06:00,20.0,1014.2,10295,11,34,1.1,61,Chuva
MET2025-1404,SBCG,2025-07-14 09:00,20.9,1013.7,10295,11,25,1.1,25,Chuva
MET2025-1405,SBCG,2025-07-14 12:00,21.9,1013.2,10295,11,30,1.1,35,Chuva
MET2025-1501,SBGR,2025-07-15 00:00,16.8,1012.0,7749,16,32,2.2,47,Chuva
MET2025-1502,SBGR,2025-07-15 03:00,15.8,1012.5,7749,16,39,2.2,45,Chuva
MET2025-1503,SBGR,2025-07-15 06:00,14.8,1013.0,7749,16,38,2.2,55,Chuva
MET2025-1504,SBGR,2025-07-15 09:00,15.8,1012.5,7749,16,41,2.2,73,Chuva
MET2025-1505,SBGR,2025-07-15 12:00,16.8,1012.0,7749,16,29,2.2,56,Chuva
MET2025-1501,SBGL,2025-07-15 00:00,21.7,1012.6,8260,17,32,2.8,57,Chuva
MET2025-1502,SBGL,2025-07-15 03:00,20.7,1013.1,8260,17,41,2.8,59,Chuva
MET2025-1503,SBGL,2025-07-15 06:00,19.7,1013.6,8260,17,37,2.8,53,Chuva
MET2025-1504,SBGL,2025-07-15 09:00,20.7,1013.1,8260,17,30,2.8,51,Chuva
MET2025-1505,SBGL,2025-07-15 12:00,21.7,1012.6,8260,17,28,2.8,66,Chuva
MET2025-1501,SBBR,2025-07-15 00:00,24.1,1011.7,12258,6,27,0.9,32,Chuva
MET2025-1502,SBBR,2025-07-15 03:00,23.1,1012.2,12258,6,27,0.9,33,Chuva
MET2025-1503,SBBR,2025-07-15 06:00,22.1,1012.7,12258,6,23,0.9,26,Chuva
MET2025-1504,SBBR,2025-07-15 09:00,23.1,1012.2,12258,6,30,0.9,24,Chuva
MET2025-1505,SBBR,2025-07-15 12:00,24.1,1011.7,12258,6,22,0.9,23,Chuva
MET2025-1501,SBCF,2025-07-15 00:00,18.2,1012.3,9345,17,31,1.7,47,Chuva
MET2025-1502,SBCF,2025-07-15 03:00,17.2,1012.8,9345,17,35,1.7,28,Chuva
MET2025-1503,SBCF,2025-07-15 06:00,16.2,1013.3,9345,17,32,1.7,30,Chuva
MET2025-1504,SBCF,2025-07-15 09:00,17.2,1012.8,9345,17,34,1.7,38,Chuva
MET2025-1505,SBCF,2025-07-15 12:00,18.2,1012.3,9345,17,39,1.7,31,Chuva
MET2025-1501,SBPA,2025-07-15 00:00,13.2,1020.0,6853,25,44,4.0,69,Chuva
MET2025-1502,SBPA,2025-07-15 03:00,12.2,1020.5,6853,25,44,4.0,85,Chuva
MET2025-1503,SBPA,2025-07-15 06:00,11.2,1021.0,6853,25,47,4.0,59,Chuva
MET2025-1504,SBPA,2025-07-15 09:00,12.2,1020.5,6853,25,39,4.0,76,Chuva
MET2025-1505,SBPA,2025-07-15 12:00,13.2,1020.0,6853,25,38,4.0,93,Chuva
MET2025-1501,SBCT,2025-07-15 00:00,12.5,1016.8,4770,24,42,3.7,59,Chuva
MET2025-1502,SBCT,2025-07-15 03:00,11.5,1017.3,4770,24,40,3.7,61,Chuva
MET2025-1503,SBCT,2025-07-15 06:00,10.5,1017.8,4770,24,41,3.7,72,Chuva
MET2025-1504,SBCT,2025-07-15 09:00,11.5,1017.3,4770,24,48,3.7,75,Chuva
MET2025-1505,SBCT,2025-07-15 12:00,12.5,1016.8,4770,24,35,3.7,76,Chuva
MET2025-1501,SBRF,2025-07-15 00:00,26.1,1014.2,13319,17,41,0.2,3,Ceu aberto
MET2025-1502,SBRF,2025-07-15 03:00,25.1,1014.7,13319,17,37,0.2,29,Ceu aberto
MET2025-1503,SBRF,2025-07-15 06:00,24.1,1015.2,13319,17,31,0.2,16,Ceu aberto
MET2025-1504,SBRF,2025-07-15 09:00,25.1,1014.7,13319,17,27,0.2,18,Ceu aberto
MET2025-1505,SBRF,2025-07-15 12:00,26.1,1014.2,13319,17,40,0.2,8,Ceu aberto
MET2025-1501,SBFL,2025-07-15 00:00,15.8,1019.2,8511,15,32,2.9,49,Chuva
MET2025-1502,SBFL,2025-07-15 03:00,14.8,1019.7,8511,15,25,2.9,59,Chuva
MET2025-1503,SBFL,2025-07-15 06:00,13.8,1020.2,8511,15,35,2.9,52,Chuva
MET2025-1504,SBFL,2025-07-15 09:00,14.8,1019.7,8511,15,28,2.9,78,Chuva
MET2025-1505,SBFL,2025-07-15 12:00,15.8,1019.2,8511,15,38,2.9,42,Chuva
MET2025-1501,SBSV,2025-07-15 00:00,22.8,1012.4,12078,16,26,0.7,21,Chuva
MET2025-1502,SBSV,2025-07-15 03:00,21.8,1012.9,12078,16,26,0.7,12,Chuva
MET2025-1503,SBSV,2025-07-15 06:00,20.8,1013.4,12078,16,38,0.7,29,Chuva
MET2025-1504,SBSV,2025-07-15 09:00,21.8,1012.9,12078,16,35,0.7,8,Chuva
MET2025-1505,SBSV,2025-07-15 12:00,22.8,1012.4,12078,16,33,0.7,19,Chuva
MET2025-1501,SBCG,2025-07-15 00:00,22.9,1015.8,10084,19,39,2.3,45,Chuva
MET2025-1502,SBCG,2025-07-15 03:00,21.9,1016.3,10084,19,37,2.3,76,Chuva
MET2025-1503,SBCG,2025-07-15 06:00,20.9,1016.8,10084,19,37,2.3,51,Chuva
MET2025-1504,SBCG,2025-07-15 09:00,21.9,1016.3,10084,19,39,2.3,70,Chuva
MET2025-1505,SBCG,2025-07-15 12:00,22.9,1015.8,10084,19,39,2.3,62,Chuva
MET2025-1601,SBGR,2025-07-16 00:00,21.4,1014.0,6752,15,30,2.1,52,Chuva
MET2025-1602,SBGR,2025-07-16 03:00,20.3,1014.5,6752,15,31,2.1,43,Chuva
MET2025-1603,SBGR,2025-07-16 06:00,19.3,1015.0,6752,15,34,2.1,59,Chuva
MET2025-1604,SBGR,2025-07-16 09:00,20.3,1014.5,6752,15,35,2.1,61,Chuva
MET2025-1605,SBGR,2025-07-16 12:00,21.4,1014.0,6752,15,31,2.1,50,Chuva
MET2025-1601,SBGL,2025-07-16 00:00,21.3,1012.5,10298,15,39,0.7,39,Chuva
MET2025-1602,SBGL,2025-07-16 03:00,20.2,1013.0,10298,15,32,0.7,34,Chuva
MET2025-1603,SBGL,2025-07-16 06:00,19.2,1013.5,10298,15,38,0.7,28,Chuva
MET2025-1604,SBGL,2025-07-16 09:00,20.2,1013.0,10298,15,38,0.7,45,Chuva
MET2025-1605,SBGL,2025-07-16 12:00,21.3,1012.5,10298,15,28,0.7,30,Chuva
MET2025-1601,SBBR,2025-07-16 00:00,22.9,1011.7,12780,8,29,0.2,22,Ceu aberto
MET2025-1602,SBBR,2025-07-16 03:00,21.9,1012.2,12780,8,20,0.2,15,Ceu aberto
MET2025-1603,SBBR,2025-07-16 06:00,20.8,1012.7,12780,8,32,0.2,25,Ceu aberto
MET2025-1604,SBBR,2025-07-16 09:00,21.9,1012.2,12780,8,22,0.2,18,Ceu aberto
MET2025-1605,SBBR,2025-07-16 12:00,22.9,1011.7,12780,8,32,0.2,19,Ceu aberto
MET2025-1601,SBCF,2025-07-16 00:00,20.9,1014.7,5847,13,27,1.5,32,Chuva
MET2025-1602,SBCF,2025-07-16 03:00,19.9,1015.2,5847,13,38,1.5,38,Chuva
MET2025-1603,SBCF,2025-07-16 06:00,18.8,1015.7,5847,13,26,1.5,55,Chuva
MET2025-1604,SBCF,2025-07-16 09:00,19.9,1015.2,5847,13,35,1.5,40,Chuva
MET2025-1605,SBCF,2025-07-16 12:00,20.9,1014.7,5847,13,26,1.5,40,Chuva
MET2025-1601,SBPA,2025-07-16 00:00,16.4,1016.6,5122,25,38,4.1,79,Chuva
MET2025-1602,SBPA,2025-07-16 03:00,15.4,1017.1,5122,25,38,4.1,76,Chuva
MET2025-1603,SBPA,2025-07-16 06:00,14.4,1017.7,5122,25,40,4.1,76,Chuva
MET2025-1604,SBPA,2025-07-16 09:00,15.4,1017.1,5122,25,40,4.1,73,Chuva
MET2025-1605,SBPA,2025-07-16 12:00,16.4,1016.6,5122,25,49,4.1,88,Chuva
MET2025-1601,SBCT,2025-07-16 00:00,12.7,1017.2,5739,24,44,3.0,58,Chuva
MET2025-1602,SBCT,2025-07-16 03:00,11.7,1017.7,5739,24,36,3.0,76,Chuva
MET2025-1603,SBCT,2025-07-16 06:00,10.7,1018.2,5739,24,38,3.0,73,Chuva
MET2025-1604,SBCT,2025-07-16 09:00,11.7,1017.7,5739,24,36,3.0,55,Chuva
MET2025-1605,SBCT,2025-07-16 12:00,12.7,1017.2,5739,24,38,3.0,56,Chuva
MET2025-1601,SBRF,2025-07-16 00:00,27.0,1007.6,12826,14,25,0.2,9,Ceu aberto
MET2025-1602,SBRF,2025-07-16 03:00,26.0,1008.1,12826,14,32,0.2,22,Ceu aberto
MET2025-1603,SBRF,2025-07-16 06:00,25.0,1008.6,12826,14,26,0.2,37,Ceu aberto
MET2025-1604,SBRF,2025-07-16 09:00,26.0,1008.1,12826,14,33,0.2,16,Ceu aberto
MET2025-1605,SBRF,2025-07-16 12:00,27.0,1007.6,12826,14,33,0.2,29,Ceu aberto
MET2025-1601,SBFL,2025-07-16 00:00,17.2,1017.4,7697,21,40,2.6,65,Chuva
MET2025-1602,SBFL,2025-07-16 03:00,16.2,1017.9,7697,21,43,2.6,49,Chuva
MET2025-1603,SBFL,2025-07-16 06:00,15.1,1018.4,7697,21,35,2.6,49,Chuva
MET2025-1604,SBFL,2025-07-16 09:00,16.2,1017.9,7697,21,42,2.6,60,Chuva
MET2025-1605,SBFL,2025-07-16 12:00,17.2,1017.4,7697,21,42,2.6,55,Chuva
MET2025-1601,SBSV,2025-07-16 00:00,23.2,1010.9,11675,18,42,0.8,36,Chuva
MET2025-1602,SBSV,2025-07-16 03:00,22.2,1011.4,11675,18,40,0.8,31,Chuva
MET2025-1603,SBSV,2025-07-16 06:00,21.2,1011.9,11675,18,40,0.8,37,Chuva
MET2025-1604,SBSV,2025-07-16 09:00,22.2,1011.4,11675,18,30,0.8,16,Chuva
MET2025-1605,SBSV,2025-07-16 12:00,23.2,1010.9,11675,18,32,0.8,25,Chuva
MET2025-1601,SBCG,2025-07-16 00:00,21.8,1011.8,11261,10,28,0.7,21,Chuva
MET2025-1602,SBCG,2025-07-16 03:00,20.7,1012.3,11261,10,30,0.7,30,Chuva
MET2025-1603,SBCG,2025-07-16 06:00,19.7,1012.8,11261,10,24,0.7,29,Chuva
MET2025-1604,SBCG,2025-07-16 09:00,20.7,1012.3,11261,10,35,0.7,46,Chuva
MET2025-1605,SBCG,2025-07-16 12:00,21.8,1011.8,11261,10,24,0.7,14,Chuva
MET2025-1701,SBGR,2025-07-17 00:00,17.5,1015.2,9013,12,33,1.2,34,Chuva
MET2025-1702,SBGR,2025-07-17 03:00,16.5,1015.7,9013,12,37,1.2,54,Chuva
MET2025-1703,SBGR,2025-07-17 06:00,15.4,1016.2,9013,12,37,1.2,24,Chuva
MET2025-1704,SBGR,2025-07-17 09:00,16.5,1015.7,9013,12,35,1.2,54,Chuva
MET2025-1705,SBGR,2025-07-17 12:00,17.5,1015.2,9013,12,24,1.2,35,Chuva
MET2025-1701,SBGL,2025-07-17 00:00,18.1,1015.3,9358,13,30,1.7,38,Chuva
MET2025-1702,SBGL,2025-07-17 03:00,17.0,1015.8,9358,13,31,1.7,48,Chuva
MET2025-1703,SBGL,2025-07-17 06:00,16.0,1016.3,9358,13,25,1.7,46,Chuva
MET2025-1704,SBGL,2025-07-17 09:00,17.0,1015.8,9358,13,28,1.7,46,Chuva
MET2025-1705,SBGL,2025-07-17 12:00,18.1,1015.3,9358,13,30,1.7,56,Chuva
MET2025-1701,SBBR,2025-07-17 00:00,21.2,1009.3,11980,10,32,0.9,45,Chuva
MET2025-1702,SBBR,2025-07-17 03:00,20.2,1009.8,11980,10,24,0.9,25,Chuva
MET2025-1703,SBBR,2025-07-17 06:00,19.1,1010.3,11980,10,32,0.9,55,Chuva
MET2025-1704,SBBR,2025-07-17 09:00,20.2,1009.8,11980,10,25,0.9,41,Chuva
MET2025-1705,SBBR,2025-07-17 12:00,21.2,1009.3,11980,10,26,0.9,36,Chuva
MET2025-1701,SBCF,2025-07-17 00:00,19.8,1010.3,10797,10,27,1.3,45,Chuva
MET2025-1702,SBCF,2025-07-17 03:00,18.8,1010.9,10797,10,29,1.3,36,Chuva
MET2025-1703,SBCF,2025-07-17 06:00,17.7,1011.4,10797,10,33,1.3,34,Chuva
MET2025-1704,SBCF,2025-07-17 09:00,18.8,1010.9,10797,10,30,1.3,49,Chuva
MET2025-1705,SBCF,2025-07-17 12:00,19.8,1010.3,10797,10,32,1.3,46,Chuva
MET2025-1701,SBPA,2025-07-17 00:00,15.1,1015.9,8837,24,48,2.5,59,Chuva
MET2025-1702,SBPA,2025-07-17 03:00,14.1,1016.4,8837,24,36,2.5,64,Chuva
MET2025-1703,SBPA,2025-07-17 06:00,13.0,1016.9,8837,24,43,2.5,51,Chuva
MET2025-1704,SBPA,2025-07-17 09:00,14.1,1016.4,8837,24,47,2.5,33,Chuva
MET2025-1705,SBPA,2025-07-17 12:00,15.1,1015.9,8837,24,48,2.5,60,Chuva
MET2025-1701,SBCT,2025-07-17 00:00,14.4,1014.0,6725,18,40,2.5,67,Chuva
MET2025-1702,SBCT,2025-07-17 03:00,13.3,1014.5,6725,18,40,2.5,60,Chuva
MET2025-1703,SBCT,2025-07-17 06:00,12.3,1015.1,6725,18,35,2.5,59,Chuva
MET2025-1704,SBCT,2025-07-17 09:00,13.3,1014.5,6725,18,31,2.5,59,Chuva
MET2025-1705,SBCT,2025-07-17 12:00,14.4,1014.0,6725,18,31,2.5,46,Chuva
MET2025-1701,SBRF,2025-07-17 00:00,27.5,1014.8,12791,15,35,0.0,24,Ceu aberto
MET2025-1702,SBRF,2025-07-17 03:00,26.5,1015.3,12791,15,36,0.0,30,Ceu aberto
MET2025-1703,SBRF,2025-07-17 06:00,25.4,1015.8,12791,15,27,0.0,17,Ceu aberto
MET2025-1704,SBRF,2025-07-17 09:00,26.5,1015.3,12791,15,29,0.0,19,Ceu aberto
MET2025-1705,SBRF,2025-07-17 12:00,27.5,1014.8,12791,15,28,0.0,19,Ceu aberto
MET2025-1701,SBFL,2025-07-17 00:00,18.3,1007.4,6459,23,38,3.2,57,Chuva
MET2025-1702,SBFL,2025-07-17 03:00,17.2,1007.9,6459,23,37,3.2,75,Chuva
MET2025-1703,SBFL,2025-07-17 06:00,16.2,1008.5,6459,23,33,3.2,69,Chuva
MET2025-1704,SBFL,2025-07-17 09:00,17.2,1007.9,6459,23,44,3.2,54,Chuva
MET2025-1705,SBFL,2025-07-17 12:00,18.3,1007.4,6459,23,41,3.2,69,Chuva
MET2025-1701,SBSV,2025-07-17 00:00,25.5,1013.0,10396,16,26,0.0,29,Ceu aberto
MET2025-1702,SBSV,2025-07-17 03:00,24.5,1013.5,10396,16,29,0.0,11,Ceu aberto
MET2025-1703,SBSV,2025-07-17 06:00,23.4,1014.0,10396,16,41,0.0,10,Ceu aberto
MET2025-1704,SBSV,2025-07-17 09:00,24.5,1013.5,10396,16,32,0.0,21,Ceu aberto
MET2025-1705,SBSV,2025-07-17 12:00,25.5,1013.0,10396,16,29,0.0,12,Ceu aberto
MET2025-1701,SBCG,2025-07-17 00:00,23.2,1010.8,12307,12,33,0.0,19,Ceu aberto
MET2025-1702,SBCG,2025-07-17 03:00,22.2,1011.3,12307,12,23,0.0,22,Ceu aberto
MET2025-1703,SBCG,2025-07-17 06:00,21.2,1011.8,12307,12,29,0.0,13,Ceu aberto
MET2025-1704,SBCG,2025-07-17 09:00,22.2,1011.3,12307,12,34,0.0,18,Ceu aberto
MET2025-1705,SBCG,2025-07-17 12:00,23.2,1010.8,12307,12,31,0.0,27,Ceu aberto
MET2025-1801,SBGR,2025-07-18 00:00,19.6,1014.2,9950,11,36,1.1,29,Chuva
MET2025-1802,SBGR,2025-07-18 03:00,18.6,1014.7,9950,11,22,1.1,30,Chuva
MET2025-1803,SBGR,2025-07-18 06:00,17.5,1015.3,9950,11,27,1.1,44,Chuva
MET2025-1804,SBGR,2025-07-18 09:00,18.6,1014.7,9950,11,25,1.1,18,Chuva
MET2025-1805,SBGR,2025-07-18 12:00,19.6,1014.2,9950,11,31,1.1,46,Chuva
MET2025-1801,SBGL,2025-07-18 00:00,20.9,1010.9,9764,17,38,1.6,28,Chuva
MET2025-1802,SBGL,2025-07-18 03:00,19.8,1011.4,9764,17,31,1.6,50,Chuva
MET2025-1803,SBGL,2025-07-18 06:00,18.8,1012.0,9764,17,29,1.6,18,Chuva
MET2025-1804,SBGL,2025-07-18 09:00,19.8,1011.4,9764,17,27,1.6,47,Chuva
MET2025-1805,SBGL,2025-07-18 12:00,20.9,1010.9,9764,17,28,1.6,33,Chuva
MET2025-1801,SBBR,2025-07-18 00:00,22.4,1008.6,10164,16,29,0.8,49,Chuva
MET2025-1802,SBBR,2025-07-18 03:00,21.4,1009.1,10164,16,39,0.8,45,Chuva
MET2025-1803,SBBR,2025-07-18 06:00,20.3,1009.7,10164,16,32,0.8,32,Chuva
MET2025-1804,SBBR,2025-07-18 09:00,21.4,1009.1,10164,16,41,0.8,2,Chuva
MET2025-1805,SBBR,2025-07-18 12:00,22.4,1008.6,10164,16,37,0.8,48,Chuva
MET2025-1801,SBCF,2025-07-18 00:00,21.7,1009.8,10020,8,32,0.9,22,Chuva
MET2025-1802,SBCF,2025-07-18 03:00,20.6,1010.4,10020,8,20,0.9,45,Chuva
MET2025-1803,SBCF,2025-07-18 06:00,19.5,1010.9,10020,8,20,0.9,50,Chuva
MET2025-1804,SBCF,2025-07-18 09:00,20.6,1010.4,10020,8,23,0.9,20,Chuva
MET2025-1805,SBCF,2025-07-18 12:00,21.7,1009.8,10020,8,30,0.9,35,Chuva
MET2025-1801,SBPA,2025-07-18 00:00,14.5,1012.7,6014,26,50,2.7,56,Chuva
MET2025-1802,SBPA,2025-07-18 03:00,13.5,1013.3,6014,26,42,2.7,64,Chuva
MET2025-1803,SBPA,2025-07-18 06:00,12.4,1013.8,6014,26,46,2.7,59,Chuva
MET2025-1804,SBPA,2025-07-18 09:00,13.5,1013.3,6014,26,47,2.7,64,Chuva
MET2025-1805,SBPA,2025-07-18 12:00,14.5,1012.7,6014,26,46,2.7,60,Chuva
MET2025-1801,SBCT,2025-07-18 00:00,14.2,1017.3,5376,25,40,2.8,54,Chuva
MET2025-1802,SBCT,2025-07-18 03:00,13.2,1017.8,5376,25,44,2.8,68,Chuva
MET2025-1803,SBCT,2025-07-18 06:00,12.1,1018.3,5376,25,37,2.8,55,Chuva
MET2025-1804,SBCT,2025-07-18 09:00,13.2,1017.8,5376,25,48,2.8,49,Chuva
MET2025-1805,SBCT,2025-07-18 12:00,14.2,1017.3,5376,25,43,2.8,65,Chuva
MET2025-1801,SBRF,2025-07-18 00:00,26.0,1008.4,11462,15,35,0.0,34,Ceu aberto
MET2025-1802,SBRF,2025-07-18 03:00,25.0,1009.0,11462,15,30,0.0,31,Ceu aberto
MET2025-1803,SBRF,2025-07-18 06:00,23.9,1009.5,11462,15,35,0.0,28,Ceu aberto
MET2025-1804,SBRF,2025-07-18 09:00,25.0,1009.0,11462,15,27,0.0,7,Ceu aberto
MET2025-1805,SBRF,2025-07-18 12:00,26.0,1008.4,11462,15,25,0.0,29,Ceu aberto
MET2025-1801,SBFL,2025-07-18 00:00,14.6,1010.8,10097,18,29,1.6,32,Chuva
MET2025-1802,SBFL,2025-07-18 03:00,13.6,1011.4,10097,18,38,1.6,24,Chuva
MET2025-1803,SBFL,2025-07-18 06:00,12.5,1011.9,10097,18,38,1.6,52,Chuva
MET2025-1804,SBFL,2025-07-18 09:00,13.6,1011.4,10097,18,36,1.6,54,Chuva
MET2025-1805,SBFL,2025-07-18 12:00,14.6,1010.8,10097,18,37,1.6,12,Chuva
MET2025-1801,SBSV,2025-07-18 00:00,23.5,1016.2,10049,16,32,1.1,39,Chuva
MET2025-1802,SBSV,2025-07-18 03:00,22.4,1016.7,10049,16,29,1.1,42,Chuva
MET2025-1803,SBSV,2025-07-18 06:00,21.4,1017.2,10049,16,39,1.1,40,Chuva
MET2025-1804,SBSV,2025-07-18 09:00,22.4,1016.7,10049,16,35,1.1,32,Chuva
MET2025-1805,SBSV,2025-07-18 12:00,23.5,1016.2,10049,16,34,1.1,37,Chuva
MET2025-1801,SBCG,2025-07-18 00:00,19.3,1013.0,10165,16,26,1.5,36,Chuva
MET2025-1802,SBCG,2025-07-18 03:00,18.2,1013.5,10165,16,36,1.5,39,Chuva
MET2025-1803,SBCG,2025-07-18 06:00,17.2,1014.1,10165,16,35,1.5,50,Chuva
MET2025-1804,SBCG,2025-07-18 09:00,18.2,1013.5,10165,16,27,1.5,38,Chuva
MET2025-1805,SBCG,2025-07-18 12:00,19.3,1013.0,10165,16,31,1.5,40,Chuva
MET2025-1901,SBGR,2025-07-19 00:00,18.8,1017.2,6814,20,34,1.6,43,Chuva
MET2025-1902,SBGR,2025-07-19 03:00,17.7,1017.7,6814,20,39,1.6,37,Chuva
MET2025-1903,SBGR,2025-07-19 06:00,16.6,1018.2,6814,20,37,1.6,42,Chuva
MET2025-1904,SBGR,2025-07-19 09:00,17.7,1017.7,6814,20,42,1.6,48,Chuva
MET2025-1905,SBGR,2025-07-19 12:00,18.8,1017.2,6814,20,41,1.6,37,Chuva
MET2025-1901,SBGL,2025-07-19 00:00,19.6,1021.7,10106,18,37,1.5,46,Chuva
MET2025-1902,SBGL,2025-07-19 03:00,18.5,1022.2,10106,18,35,1.5,39,Chuva
MET2025-1903,SBGL,2025-07-19 06:00,17.5,1022.8,10106,18,29,1.5,51,Chuva
MET2025-1904,SBGL,2025-07-19 09:00,18.5,1022.2,10106,18,29,1.5,37,Chuva
MET2025-1905,SBGL,2025-07-19 12:00,19.6,1021.7,10106,18,35,1.5,35,Chuva
MET2025-1901,SBBR,2025-07-19 00:00,24.9,1002.3,14549,14,24,0.2,23,Ceu aberto
MET2025-1902,SBBR,2025-07-19 03:00,23.8,1002.8,14549,14,26,0.2,26,Ceu aberto
MET2025-1903,SBBR,2025-07-19 06:00,22.7,1003.3,14549,14,27,0.2,17,Ceu aberto
MET2025-1904,SBBR,2025-07-19 09:00,23.8,1002.8,14549,14,38,0.2,22,Ceu aberto
MET2025-1905,SBBR,2025-07-19 12:00,24.9,1002.3,14549,14,32,0.2,24,Ceu aberto
MET2025-1901,SBCF,2025-07-19 00:00,21.1,1010.5,11405,11,36,0.8,47,Chuva
MET2025-1902,SBCF,2025-07-19 03:00,20.0,1011.0,11405,11,22,0.8,31,Chuva
MET2025-1903,SBCF,2025-07-19 06:00,18.9,1011.6,11405,11,33,0.8,43,Chuva
MET2025-1904,SBCF,2025-07-19 09:00,20.0,1011.0,11405,11,33,0.8,29,Chuva
MET2025-1905,SBCF,2025-07-19 12:00,21.1,1010.5,11405,11,35,0.8,36,Chuva
MET2025-1901,SBPA,2025-07-19 00:00,16.9,1014.8,8739,21,45,1.9,55,Chuva
MET2025-1902,SBPA,2025-07-19 03:00,15.8,1015.3,8739,21,32,1.9,45,Chuva
MET2025-1903,SBPA,2025-07-19 06:00,14.7,1015.9,8739,21,39,1.9,55,Chuva
MET2025-1904,SBPA,2025-07-19 09:00,15.8,1015.3,8739,21,37,1.9,44,Chuva
MET2025-1905,SBPA,2025-07-19 12:00,16.9,1014.8,8739,21,34,1.9,38,Chuva
MET2025-1901,SBCT,2025-07-19 00:00,13.1,1014.4,7944,21,41,2.5,58,Chuva
MET2025-1902,SBCT,2025-07-19 03:00,12.0,1014.9,7944,21,42,2.5,51,Chuva
MET2025-1903,SBCT,2025-07-19 06:00,11.0,1015.4,7944,21,42,2.5,76,Chuva
MET2025-1904,SBCT,2025-07-19 09:00,12.0,1014.9,7944,21,32,2.5,61,Chuva
MET2025-1905,SBCT,2025-07-19 12:00,13.1,1014.4,7944,21,35,2.5,62,Chuva
MET2025-1901,SBRF,2025-07-19 00:00,28.9,1012.9,13556,16,28,0.4,16,Ceu aberto
MET2025-1902,SBRF,2025-07-19 03:00,27.9,1013.4,13556,16,29,0.4,47,Ceu aberto
MET2025-1903,SBRF,2025-07-19 06:00,26.8,1013.9,13556,16,29,0.4,22,Ceu aberto
MET2025-1904,SBRF,2025-07-19 09:00,27.9,1013.4,13556,16,29,0.4,19,Ceu aberto
MET2025-1905,SBRF,2025-07-19 12:00,28.9,1012.9,13556,16,30,0.4,18,Ceu aberto
MET2025-1901,SBFL,2025-07-19 00:00,19.6,1010.8,9723,18,28,1.6,47,Chuva
MET2025-1902,SBFL,2025-07-19 03:00,18.6,1011.4,9723,18,41,1.6,43,Chuva
MET2025-1903,SBFL,2025-07-19 06:00,17.5,1011.9,9723,18,36,1.6,41,Chuva
MET2025-1904,SBFL,2025-07-19 09:00,18.6,1011.4,9723,18,42,1.6,41,Chuva
MET2025-1905,SBFL,2025-07-19 12:00,19.6,1010.8,9723,18,33,1.6,52,Chuva
MET2025-1901,SBSV,2025-07-19 00:00,24.5,1011.3,10180,14,30,0.6,30,Chuva
MET2025-1902,SBSV,2025-07-19 03:00,23.5,1011.9,10180,14,31,0.6,19,Chuva
MET2025-1903,SBSV,2025-07-19 06:00,22.4,1012.4,10180,14,27,0.6,24,Chuva
MET2025-1904,SBSV,2025-07-19 09:00,23.5,1011.9,10180,14,39,0.6,27,Chuva
MET2025-1905,SBSV,2025-07-19 12:00,24.5,1011.3,10180,14,27,0.6,18,Chuva
MET2025-1901,SBCG,2025-07-19 00:00,21.2,1011.9,9420,12,29,0.4,24,Ceu aberto
MET2025-1902,SBCG,2025-07-19 03:00,20.1,1012.5,9420,12,37,0.4,34,Ceu aberto
MET2025-1903,SBCG,2025-07-19 06:00,19.0,1013.0,9420,12,35,0.4,23,Ceu aberto
MET2025-1904,SBCG,2025-07-19 09:00,20.1,1012.5,9420,12,37,0.4,32,Ceu aberto
MET2025-1905,SBCG,2025-07-19 12:00,21.2,1011.9,9420,12,35,0.4,37,Ceu aberto
MET2025-2001,SBGR,2025-07-20 00:00,19.4,1011.9,9356,16,40,1.3,55,Chuva
MET2025-2002,SBGR,2025-07-20 03:00,18.3,1012.4,9356,16,39,1.3,43,Chuva
MET2025-2003,SBGR,2025-07-20 06:00,17.3,1013.0,9356,16,31,1.3,48,Chuva
MET2025-2004,SBGR,2025-07-20 09:00,18.3,1012.4,9356,16,27,1.3,40,Chuva
MET2025-2005,SBGR,2025-07-20 12:00,19.4,1011.9,9356,16,31,1.3,45,Chuva
MET2025-2001,SBGL,2025-07-20 00:00,22.1,1012.1,11043,16,30,0.4,40,Ceu aberto
MET2025-2002,SBGL,2025-07-20 03:00,21.0,1012.6,11043,16,26,0.4,27,Ceu aberto
MET2025-2003,SBGL,2025-07-20 06:00,19.9,1013.2,11043,16,34,0.4,49,Ceu aberto
MET2025-2004,SBGL,2025-07-20 09:00,21.0,1012.6,11043,16,40,0.4,19,Ceu aberto
MET2025-2005,SBGL,2025-07-20 12:00,22.1,1012.1,11043,16,37,0.4,25,Ceu aberto
MET2025-2001,SBBR,2025-07-20 00:00,23.1,1011.5,11979,8,27,0.2,35,Ceu aberto
MET2025-2002,SBBR,2025-07-20 03:00,22.1,1012.1,11979,8,30,0.2,9,Ceu aberto
MET2025-2003,SBBR,2025-07-20 06:00,21.0,1012.6,11979,8,28,0.2,27,Ceu aberto
MET2025-2004,SBBR,2025-07-20 09:00,22.1,1012.1,11979,8,28,0.2,29,Ceu aberto
MET2025-2005,SBBR,2025-07-20 12:00,23.1,1011.5,11979,8,33,0.2,36,Ceu aberto
MET2025-2001,SBCF,2025-07-20 00:00,23.6,1012.0,9229,11,21,1.3,49,Chuva
MET2025-2002,SBCF,2025-07-20 03:00,22.5,1012.6,9229,11,29,1.3,52,Chuva
MET2025-2003,SBCF,2025-07-20 06:00,21.4,1013.1,9229,11,27,1.3,30,Chuva
MET2025-2004,SBCF,2025-07-20 09:00,22.5,1012.6,9229,11,30,1.3,26,Chuva
MET2025-2005,SBCF,2025-07-20 12:00,23.6,1012.0,9229,11,27,1.3,27,Chuva
MET2025-2001,SBPA,2025-07-20 00:00,15.5,1015.5,6200,17,35,2.1,61,Chuva
MET2025-2002,SBPA,2025-07-20 03:00,14.5,1016.0,6200,17,41,2.1,56,Chuva
MET2025-2003,SBPA,2025-07-20 06:00,13.4,1016.5,6200,17,32,2.1,51,Chuva
MET2025-2004,SBPA,2025-07-20 09:00,14.5,1016.0,6200,17,32,2.1,49,Chuva
MET2025-2005,SBPA,2025-07-20 12:00,15.5,1015.5,6200,17,38,2.1,50,Chuva
MET2025-2001,SBCT,2025-07-20 00:00,13.0,1018.3,5695,17,30,1.9,56,Chuva
MET2025-2002,SBCT,2025-07-20 03:00,11.9,1018.9,5695,17,40,1.9,45,Chuva
MET2025-2003,SBCT,2025-07-20 06:00,10.8,1019.4,5695,17,35,1.9,58,Chuva
MET2025-2004,SBCT,2025-07-20 09:00,11.9,1018.9,5695,17,41,1.9,45,Chuva
MET2025-2005,SBCT,2025-07-20 12:00,13.0,1018.3,5695,17,33,1.9,48,Chuva
MET2025-2001,SBRF,2025-07-20 00:00,28.0,1008.9,11063,13,26,0.4,31,Ceu aberto
MET2025-2002,SBRF,2025-07-20 03:00,26.9,1009.4,11063,13,24,0.4,17,Ceu aberto
MET2025-2003,SBRF,2025-07-20 06:00,25.8,1010.0,11063,13,34,0.4,40,Ceu aberto
MET2025-2004,SBRF,2025-07-20 09:00,26.9,1009.4,11063,13,30,0.4,19,Ceu aberto
MET2025-2005,SBRF,2025-07-20 12:00,28.0,1008.9,11063,13,34,0.4,5,Ceu aberto
MET2025-2001,SBFL,2025-07-20 00:00,16.6,1015.8,8920,19,39,2.0,47,Chuva
MET2025-2002,SBFL,2025-07-20 03:00,15.5,1016.3,8920,19,43,2.0,45,Chuva
MET2025-2003,SBFL,2025-07-20 06:00,14.4,1016.9,8920,19,33,2.0,52,Chuva
MET2025-2004,SBFL,2025-07-20 09:00,15.5,1016.3,8920,19,35,2.0,49,Chuva
MET2025-2005,SBFL,2025-07-20 12:00,16.6,1015.8,8920,19,36,2.0,36,Chuva
MET2025-2001,SBSV,2025-07-20 00:00,25.9,1013.7,10731,16,32,0.0,19,Ceu aberto
MET2025-2002,SBSV,2025-07-20 03:00,24.8,1014.3,10731,16,31,0.0,18,Ceu aberto
MET2025-2003,SBSV,2025-07-20 06:00,23.7,1014.8,10731,16,33,0.0,32,Ceu aberto
MET2025-2004,SBSV,2025-07-20 09:00,24.8,1014.3,10731,16,40,0.0,19,Ceu aberto
MET2025-2005,SBSV,2025-07-20 12:00,25.9,1013.7,10731,16,37,0.0,12,Ceu aberto
MET2025-2001,SBCG,2025-07-20 00:00,23.3,1008.7,11924,12,31,0.1,9,Ceu aberto
MET2025-2002,SBCG,2025-07-20 03:00,22.2,1009.2,11924,12,24,0.1,15,Ceu aberto
MET2025-2003,SBCG,2025-07-20 06:00,21.1,1009.8,11924,12,27,0.1,5,Ceu aberto
MET2025-2004,SBCG,2025-07-20 09:00,22.2,1009.2,11924,12,30,0.1,35,Ceu aberto
MET2025-2005,SBCG,2025-07-20 12:00,23.3,1008.7,11924,12,31,0.1,41,Ceu aberto
MET2025-2101,SBGR,2025-07-21 00:00,18.6,1013.6,9937,14,32,0.8,17,Chuva
MET2025-2102,SBGR,2025-07-21 03:00,17.5,1014.1,9937,14,32,0.8,28,Chuva
MET2025-2103,SBGR,2025-07-21 06:00,16.4,1014.7,9937,14,35,0.8,33,Chuva
MET2025-2104,SBGR,2025-07-21 09:00,17.5,1014.1,9937,14,25,0.8,45,Chuva
MET2025-2105,SBGR,2025-07-21 12:00,18.6,1013.6,9937,14,31,0.8,30,Chuva
MET2025-2101,SBGL,2025-07-21 00:00,22.3,1014.0,8936,14,37,1.0,42,Chuva
MET2025-2102,SBGL,2025-07-21 03:00,21.2,1014.5,8936,14,30,1.0,23,Chuva
MET2025-2103,SBGL,2025-07-21 06:00,20.1,1015.1,8936,14,28,1.0,35,Chuva
MET2025-2104,SBGL,2025-07-21 09:00,21.2,1014.5,8936,14,32,1.0,34,Chuva
MET2025-2105,SBGL,2025-07-21 12:00,22.3,1014.0,8936,14,31,1.0,29,Chuva
MET2025-2101,SBBR,2025-07-21 00:00,23.1,1015.1,10875,11,28,0.4,38,Ceu aberto
MET2025-2102,SBBR,2025-07-21 03:00,22.0,1015.6,10875,11,33,0.4,21,Ceu aberto
MET2025-2103,SBBR,2025-07-21 06:00,20.9,1016.2,10875,11,22,0.4,19,Ceu aberto
MET2025-2104,SBBR,2025-07-21 09:00,22.0,1015.6,10875,11,25,0.4,31,Ceu aberto
MET2025-2105,SBBR,2025-07-21 12:00,23.1,1015.1,10875,11,33,0.4,30,Ceu aberto
MET2025-2101,SBCF,2025-07-21 00:00,21.1,1018.8,8845,17,38,1.1,45,Chuva
MET2025-2102,SBCF,2025-07-21 03:00,20.1,1019.4,8845,17,35,1.1,32,Chuva
MET2025-2103,SBCF,2025-07-21 06:00,19.0,1019.9,8845,17,33,1.1,40,Chuva
MET2025-2104,SBCF,2025-07-21 09:00,20.1,1019.4,8845,17,39,1.1,45,Chuva
MET2025-2105,SBCF,2025-07-21 12:00,21.1,1018.8,8845,17,32,1.1,35,Chuva
MET2025-2101,SBPA,2025-07-21 00:00,16.6,1014.9,9262,11,31,1.3,30,Chuva
MET2025-2102,SBPA,2025-07-21 03:00,15.5,1015.4,9262,11,23,1.3,42,Chuva
MET2025-2103,SBPA,2025-07-21 06:00,14.4,1016.0,9262,11,24,1.3,43,Chuva
MET2025-2104,SBPA,2025-07-21 09:00,15.5,1015.4,9262,11,32,1.3,27,Chuva
MET2025-2105,SBPA,2025-07-21 12:00,16.6,1014.9,9262,11,26,1.3,43,Chuva
MET2025-2101,SBCT,2025-07-21 00:00,16.7,1011.9,7383,27,46,2.0,58,Chuva
MET2025-2102,SBCT,2025-07-21 03:00,15.6,1012.4,7383,27,49,2.0,58,Chuva
MET2025-2103,SBCT,2025-07-21 06:00,14.5,1013.0,7383,27,46,2.0,47,Chuva
MET2025-2104,SBCT,2025-07-21 09:00,15.6,1012.4,7383,27,49,2.0,35,Chuva
MET2025-2105,SBCT,2025-07-21 12:00,16.7,1011.9,7383,27,45,2.0,52,Chuva
MET2025-2101,SBRF,2025-07-21 00:00,30.6,1006.8,12650,17,30,0.8,42,Chuva
MET2025-2102,SBRF,2025-07-21 03:00,29.5,1007.4,12650,17,41,0.8,35,Chuva
MET2025-2103,SBRF,2025-07-21 06:00,28.4,1007.9,12650,17,32,0.8,36,Chuva
MET2025-2104,SBRF,2025-07-21 09:00,29.5,1007.4,12650,17,35,0.8,32,Chuva
MET2025-2105,SBRF,2025-07-21 12:00,30.6,1006.8,12650,17,29,0.8,20,Chuva
MET2025-2101,SBFL,2025-07-21 00:00,20.5,1015.9,8447,11,21,1.3,43,Chuva
MET2025-2102,SBFL,2025-07-21 03:00,19.4,1016.4,8447,11,23,1.3,34,Chuva
MET2025-2103,SBFL,2025-07-21 06:00,18.3,1017.0,8447,11,34,1.3,53,Chuva
MET2025-2104,SBFL,2025-07-21 09:00,19.4,1016.4,8447,11,29,1.3,41,Chuva
MET2025-2105,SBFL,2025-07-21 12:00,20.5,1015.9,8447,11,23,1.3,36,Chuva
MET2025-2101,SBSV,2025-07-21 00:00,28.1,1008.8,10691,16,38,0.2,27,Ceu aberto
MET2025-2102,SBSV,2025-07-21 03:00,27.0,1009.4,10691,16,36,0.2,17,Ceu aberto
MET2025-2103,SBSV,2025-07-21 06:00,25.9,1009.9,10691,16,28,0.2,13,Ceu aberto
MET2025-2104,SBSV,2025-07-21 09:00,27.0,1009.4,10691,16,32,0.2,28,Ceu aberto
MET2025-2105,SBSV,2025-07-21 12:00,28.1,1008.8,10691,16,41,0.2,11,Ceu aberto
MET2025-2101,SBCG,2025-07-21 00:00,23.0,1011.1,10554,17,34,2.2,57,Chuva
MET2025-2102,SBCG,2025-07-21 03:00,21.9,1011.7,10554,17,31,2.2,51,Chuva
MET2025-2103,SBCG,2025-07-21 06:00,20.8,1012.2,10554,17,28,2.2,46,Chuva
MET2025-2104,SBCG,2025-07-21 09:00,21.9,1011.7,10554,17,36,2.2,56,Chuva
MET2025-2105,SBCG,2025-07-21 12:00,23.0,1011.1,10554,17,29,2.2,33,Chuva
MET2025-2201,SBGR,2025-07-22 00:00,19.0,1011.3,8882,13,37,0.4,18,Ceu aberto
MET2025-2202,SBGR,2025-07-22 03:00,17.9,1011.8,8882,13,36,0.4,32,Ceu aberto
MET2025-2203,SBGR,2025-07-22 06:00,16.8,1012.4,8882,13,37,0.4,51,Ceu aberto
MET2025-2204,SBGR,2025-07-22 09:00,17.9,1011.8,8882,13,37,0.4,30,Ceu aberto
MET2025-2205,SBGR,2025-07-22 12:00,19.0,1011.3,8882,13,31,0.4,16,Ceu aberto
MET2025-2201,SBGL,2025-07-22 00:00,23.2,1011.5,11919,16,32,0.4,24,Ceu aberto
MET2025-2202,SBGL,2025-07-22 03:00,22.1,1012.1,11919,16,32,0.4,17,Ceu aberto
MET2025-2203,SBGL,2025-07-22 06:00,21.0,1012.6,11919,16,40,0.4,27,Ceu aberto
MET2025-2204,SBGL,2025-07-22 09:00,22.1,1012.1,11919,16,29,0.4,27,Ceu aberto
MET2025-2205,SBGL,2025-07-22 12:00,23.2,1011.5,11919,16,34,0.4,12,Ceu aberto
MET2025-2201,SBBR,2025-07-22 00:00,26.4,1008.8,13828,12,22,0.7,32,Chuva
MET2025-2202,SBBR,2025-07-22 03:00,25.3,1009.3,13828,12,28,0.7,29,Chuva
MET2025-2203,SBBR,2025-07-22 06:00,24.2,1009.9,13828,12,29,0.7,37,Chuva
MET2025-2204,SBBR,2025-07-22 09:00,25.3,1009.3,13828,12,37,0.7,46,Chuva
MET2025-2205,SBBR,2025-07-22 12:00,26.4,1008.8,13828,12,35,0.7,1,Chuva
MET2025-2201,SBCF,2025-07-22 00:00,19.5,1015.4,10447,9,31,0.0,41,Ceu aberto
MET2025-2202,SBCF,2025-07-22 03:00,18.4,1016.0,10447,9,31,0.0,12,Ceu aberto
MET2025-2203,SBCF,2025-07-22 06:00,17.3,1016.5,10447,9,33,0.0,21,Ceu aberto
MET2025-2204,SBCF,2025-07-22 09:00,18.4,1016.0,10447,9,26,0.0,34,Ceu aberto
MET2025-2205,SBCF,2025-07-22 12:00,19.5,1015.4,10447,9,30,0.0,6,Ceu aberto
MET2025-2201,SBPA,2025-07-22 00:00,16.2,1014.6,6054,21,45,2.6,52,Chuva
MET2025-2202,SBPA,2025-07-22 03:00,15.1,1015.1,6054,21,43,2.6,59,Chuva
MET2025-2203,SBPA,2025-07-22 06:00,14.0,1015.7,6054,21,35,2.6,51,Chuva
MET2025-2204,SBPA,2025-07-22 09:00,15.1,1015.1,6054,21,43,2.6,57,Chuva
MET2025-2205,SBPA,2025-07-22 12:00,16.2,1014.6,6054,21,38,2.6,41,Chuva
MET2025-2201,SBCT,2025-07-22 00:00,15.0,1010.6,6226,12,22,0.5,30,Chuva
MET2025-2202,SBCT,2025-07-22 03:00,13.9,1011.2,6226,12,26,0.5,20,Chuva
MET2025-2203,SBCT,2025-07-22 06:00,12.8,1011.7,6226,12,24,0.5,12,Chuva
MET2025-2204,SBCT,2025-07-22 09:00,13.9,1011.2,6226,12,29,0.5,37,Chuva
MET2025-2205,SBCT,2025-07-22 12:00,15.0,1010.6,6226,12,34,0.5,42,Chuva
MET2025-2201,SBRF,2025-07-22 00:00,30.2,1001.5,11695,19,36,0.0,37,Ceu aberto
MET2025-2202,SBRF,2025-07-22 03:00,29.1,1002.0,11695,19,41,0.0,14,Ceu aberto
MET2025-2203,SBRF,2025-07-22 06:00,28.0,1002.6,11695,19,33,0.0,9,Ceu aberto
MET2025-2204,SBRF,2025-07-22 09:00,29.1,1002.0,11695,19,35,0.0,24,Ceu aberto
MET2025-2205,SBRF,2025-07-22 12:00,30.2,1001.5,11695,19,41,0.0,5,Ceu aberto
MET2025-2201,SBFL,2025-07-22 00:00,16.7,1019.3,7912,20,41,2.0,46,Chuva
MET2025-2202,SBFL,2025-07-22 03:00,15.6,1019.9,7912,20,41,2.0,48,Chuva
MET2025-2203,SBFL,2025-07-22 06:00,14.5,1020.4,7912,20,43,2.0,36,Chuva
MET2025-2204,SBFL,2025-07-22 09:00,15.6,1019.9,7912,20,37,2.0,58,Chuva
MET2025-2205,SBFL,2025-07-22 12:00,16.7,1019.3,7912,20,43,2.0,67,Chuva
MET2025-2201,SBSV,2025-07-22 00:00,27.3,1006.4,11371,12,24,0.0,37,Ceu aberto
MET2025-2202,SBSV,2025-07-22 03:00,26.2,1006.9,11371,12,29,0.0,16,Ceu aberto
MET2025-2203,SBSV,2025-07-22 06:00,25.1,1007.5,11371,12,28,0.0,6,Ceu aberto
MET2025-2204,SBSV,2025-07-22 09:00,26.2,1006.9,11371,12,33,0.0,25,Ceu aberto
MET2025-2205,SBSV,2025-07-22 12:00,27.3,1006.4,11371,12,23,0.0,33,Ceu aberto
MET2025-2201,SBCG,2025-07-22 00:00,23.4,1013.2,11853,8,32,0.0,9,Ceu aberto
MET2025-2202,SBCG,2025-07-22 03:00,22.3,1013.7,11853,8,25,0.0,22,Ceu aberto
MET2025-2203,SBCG,2025-07-22 06:00,21.2,1014.3,11853,8,26,0.0,25,Ceu aberto
MET2025-2204,SBCG,2025-07-22 09:00,22.3,1013.7,11853,8,20,0.0,20,Ceu aberto
MET2025-2205,SBCG,2025-07-22 12:00,23.4,1013.2,11853,8,21,0.0,12,Ceu aberto
MET2025-2301,SBGR,2025-07-23 00:00,19.8,1013.8,8741,14,31,1.4,47,Chuva
MET2025-2302,SBGR,2025-07-23 03:00,18.7,1014.3,8741,14,32,1.4,44,Chuva
MET2025-2303,SBGR,2025-07-23 06:00,17.6,1014.9,8741,14,35,1.4,25,Chuva
MET2025-2304,SBGR,2025-07-23 09:00,18.7,1014.3,8741,14,33,1.4,32,Chuva
MET2025-2305,SBGR,2025-07-23 12:00,19.8,1013.8,8741,14,36,1.4,38,Chuva
MET2025-2301,SBGL,2025-07-23 00:00,24.0,1009.7,11592,17,31,1.4,71,Chuva
MET2025-2302,SBGL,2025-07-23 03:00,22.9,1010.2,11592,17,41,1.4,30,Chuva
MET2025-2303,SBGL,2025-07-23 06:00,21.8,1010.8,11592,17,33,1.4,39,Chuva
MET2025-2304,SBGL,2025-07-23 09:00,22.9,1010.2,11592,17,28,1.4,70,Chuva
MET2025-2305,SBGL,2025-07-23 12:00,24.0,1009.7,11592,17,32,1.4,42,Chuva
MET2025-2301,SBBR,2025-07-23 00:00,25.1,1011.9,13302,8,19,0.0,19,Ceu aberto
MET2025-2302,SBBR,2025-07-23 03:00,24.0,1012.4,13302,8,23,0.0,19,Ceu aberto
MET2025-2303,SBBR,2025-07-23 06:00,22.9,1013.0,13302,8,24,0.0,13,Ceu aberto
MET2025-2304,SBBR,2025-07-23 09:00,24.0,1012.4,13302,8,22,0.0,8,Ceu aberto
MET2025-2305,SBBR,2025-07-23 12:00,25.1,1011.9,13302,8,29,0.0,22,Ceu aberto
MET2025-2301,SBCF,2025-07-23 00:00,22.3,1006.2,10352,13,29,0.9,45,Chuva
MET2025-2302,SBCF,2025-07-23 03:00,21.2,1006.7,10352,13,31,0.9,38,Chuva
MET2025-2303,SBCF,2025-07-23 06:00,20.1,1007.3,10352,13,25,0.9,37,Chuva
MET2025-2304,SBCF,2025-07-23 09:00,21.2,1006.7,10352,13,29,0.9,30,Chuva
MET2025-2305,SBCF,2025-07-23 12:00,22.3,1006.2,10352,13,28,0.9,48,Chuva
MET2025-2301,SBPA,2025-07-23 00:00,18.0,1010.5,7802,21,31,1.5,38,Chuva
MET2025-2302,SBPA,2025-07-23 03:00,16.9,1011.1,7802,21,39,1.5,28,Chuva
MET2025-2303,SBPA,2025-07-23 06:00,15.8,1011.6,7802,21,41,1.5,44,Chuva
MET2025-2304,SBPA,2025-07-23 09:00,16.9,1011.1,7802,21,42,1.5,34,Chuva
MET2025-2305,SBPA,2025-07-23 12:00,18.0,1010.5,7802,21,45,1.5,29,Chuva
MET2025-2301,SBCT,2025-07-23 00:00,16.3,1012.4,8437,20,42,1.9,59,Chuva
MET2025-2302,SBCT,2025-07-23 03:00,15.2,1013.0,8437,20,44,1.9,33,Chuva
MET2025-2303,SBCT,2025-07-23 06:00,14.1,1013.5,8437,20,36,1.9,52,Chuva
MET2025-2304,SBCT,2025-07-23 09:00,15.2,1013.0,8437,20,41,1.9,37,Chuva
MET2025-2305,SBCT,2025-07-23 12:00,16.3,1012.4,8437,20,30,1.9,52,Chuva
MET2025-2301,SBRF,2025-07-23 00:00,26.9,1014.0,13680,15,28,0.0,21,Ceu aberto
MET2025-2302,SBRF,2025-07-23 03:00,25.8,1014.6,13680,15,29,0.0,24,Ceu aberto
MET2025-2303,SBRF,2025-07-23 06:00,24.7,1015.1,13680,15,33,0.0,3,Ceu aberto
MET2025-2304,SBRF,2025-07-23 09:00,25.8,1014.6,13680,15,29,0.0,19,Ceu aberto
MET2025-2305,SBRF,2025-07-23 12:00,26.9,1014.0,13680,15,39,0.0,23,Ceu aberto
MET2025-2301,SBFL,2025-07-23 00:00,17.7,1018.8,7916,19,42,0.8,41,Chuva
MET2025-2302,SBFL,2025-07-23 03:00,16.6,1019.3,7916,19,30,0.8,29,Chuva
MET2025-2303,SBFL,2025-07-23 06:00,15.5,1019.9,7916,19,42,0.8,34,Chuva
MET2025-2304,SBFL,2025-07-23 09:00,16.6,1019.3,7916,19,34,0.8,30,Chuva
MET2025-2305,SBFL,2025-07-23 12:00,17.7,1018.8,7916,19,35,0.8,54,Chuva
MET2025-2301,SBSV,2025-07-23 00:00,27.1,1011.9,12137,16,39,0.1,-1,Ceu aberto
MET2025-2302,SBSV,2025-07-23 03:00,26.0,1012.5,12137,16,32,0.1,17,Ceu aberto
MET2025-2303,SBSV,2025-07-23 06:00,24.9,1013.0,12137,16,28,0.1,22,Ceu aberto
MET2025-2304,SBSV,2025-07-23 09:00,26.0,1012.5,12137,16,36,0.1,28,Ceu aberto
MET2025-2305,SBSV,2025-07-23 12:00,27.1,1011.9,12137,16,28,0.1,38,Ceu aberto
MET2025-2301,SBCG,2025-07-23 00:00,20.1,1011.2,12142,14,37,0.6,28,Chuva
MET2025-2302,SBCG,2025-07-23 03:00,19.0,1011.7,12142,14,31,0.6,22,Chuva
MET2025-2303,SBCG,2025-07-23 06:00,17.9,1012.3,12142,14,34,0.6,32,Chuva
MET2025-2304,SBCG,2025-07-23 09:00,19.0,1011.7,12142,14,27,0.6,25,Chuva
MET2025-2305,SBCG,2025-07-23 12:00,20.1,1011.2,12142,14,26,0.6,28,Chuva
MET2025-2401,SBGR,2025-07-24 00:00,19.5,1013.4,9456,12,24,1.1,32,Chuva
MET2025-2402,SBGR,2025-07-24 03:00,18.4,1013.9,9456,12,36,1.1,32,Chuva
MET2025-2403,SBGR,2025-07-24 06:00,17.3,1014.5,9456,12,36,1.1,36,Chuva
MET2025-2404,SBGR,2025-07-24 09:00,18.4,1013.9,9456,12,30,1.1,34,Chuva
MET2025-2405,SBGR,2025-07-24 12:00,19.5,1013.4,9456,12,23,1.1,32,Chuva
MET2025-2401,SBGL,2025-07-24 00:00,24.4,1008.8,8090,13,25,0.7,26,Chuva
MET2025-2402,SBGL,2025-07-24 03:00,23.3,1009.3,8090,13,35,0.7,33,Chuva
MET2025-2403,SBGL,2025-07-24 06:00,22.2,1009.9,8090,13,28,0.7,20,Chuva
MET2025-2404,SBGL,2025-07-24 09:00,23.3,1009.3,8090,13,27,0.7,24,Chuva
MET2025-2405,SBGL,2025-07-24 12:00,24.4,1008.8,8090,13,29,0.7,52,Chuva
MET2025-2401,SBBR,2025-07-24 00:00,23.8,1018.9,12543,4,17,0.0,19,Ceu aberto
MET2025-2402,SBBR,2025-07-24 03:00,22.7,1019.4,12543,4,22,0.0,18,Ceu aberto
MET2025-2403,SBBR,2025-07-24 06:00,21.6,1020.0,12543,4,23,0.0,12,Ceu aberto
MET2025-2404,SBBR,2025-07-24 09:00,22.7,1019.4,12543,4,16,0.0,27,Ceu aberto
MET2025-2405,SBBR,2025-07-24 12:00,23.8,1018.9,12543,4,28,0.0,28,Ceu aberto
MET2025-2401,SBCF,2025-07-24 00:00,21.6,1014.6,11276,18,37,0.8,26,Chuva
MET2025-2402,SBCF,2025-07-24 03:00,20.5,1015.2,11276,18,31,0.8,39,Chuva
MET2025-2403,SBCF,2025-07-24 06:00,19.4,1015.7,11276,18,35,0.8,18,Chuva
MET2025-2404,SBCF,2025-07-24 09:00,20.5,1015.2,11276,18,41,0.8,18,Chuva
MET2025-2405,SBCF,2025-07-24 12:00,21.6,1014.6,11276,18,43,0.8,23,Chuva
MET2025-2401,SBPA,2025-07-24 00:00,14.8,1017.4,8632,19,39,1.4,58,Chuva
MET2025-2402,SBPA,2025-07-24 03:00,13.7,1017.9,8632,19,44,1.4,51,Chuva
MET2025-2403,SBPA,2025-07-24 06:00,12.6,1018.5,8632,19,43,1.4,49,Chuva
MET2025-2404,SBPA,2025-07-24 09:00,13.7,1017.9,8632,19,30,1.4,49,Chuva
MET2025-2405,SBPA,2025-07-24 12:00,14.8,1017.4,8632,19,43,1.4,46,Chuva
MET2025-2401,SBCT,2025-07-24 00:00,14.3,1010.9,6756,20,35,0.8,37,Chuva
MET2025-2402,SBCT,2025-07-24 03:00,13.2,1011.5,6756,20,37,0.8,6,Chuva
MET2025-2403,SBCT,2025-07-24 06:00,12.1,1012.0,6756,20,38,0.8,46,Chuva
MET2025-2404,SBCT,2025-07-24 09:00,13.2,1011.5,6756,20,35,0.8,35,Chuva
MET2025-2405,SBCT,2025-07-24 12:00,14.3,1010.9,6756,20,42,0.8,18,Chuva
MET2025-2401,SBRF,2025-07-24 00:00,27.3,1014.6,12017,16,33,0.0,10,Ceu aberto
MET2025-2402,SBRF,2025-07-24 03:00,26.2,1015.1,12017,16,27,0.0,20,Ceu aberto
MET2025-2403,SBRF,2025-07-24 06:00,25.1,1015.7,12017,16,26,0.0,35,Ceu aberto
MET2025-2404,SBRF,2025-07-24 09:00,26.2,1015.1,12017,16,36,0.0,23,Ceu aberto
MET2025-2405,SBRF,2025-07-24 12:00,27.3,1014.6,12017,16,29,0.0,-7,Ceu aberto
MET2025-2401,SBFL,2025-07-24 00:00,18.1,1015.1,8497,16,32,1.0,27,Chuva
MET2025-2402,SBFL,2025-07-24 03:00,17.0,1015.6,8497,16,39,1.0,56,Chuva
MET2025-2403,SBFL,2025-07-24 06:00,15.9,1016.2,8497,16,34,1.0,41,Chuva
MET2025-2404,SBFL,2025-07-24 09:00,17.0,1015.6,8497,16,33,1.0,34,Chuva
MET2025-2405,SBFL,2025-07-24 12:00,18.1,1015.1,8497,16,32,1.0,21,Chuva
MET2025-2401,SBSV,2025-07-24 00:00,27.3,1013.5,9735,21,43,1.7,62,Chuva
MET2025-2402,SBSV,2025-07-24 03:00,26.2,1014.1,9735,21,32,1.7,39,Chuva
MET2025-2403,SBSV,2025-07-24 06:00,25.1,1014.6,9735,21,44,1.7,30,Chuva
MET2025-2404,SBSV,2025-07-24 09:00,26.2,1014.1,9735,21,45,1.7,41,Chuva
MET2025-2405,SBSV,2025-07-24 12:00,27.3,1013.5,9735,21,43,1.7,35,Chuva
MET2025-2401,SBCG,2025-07-24 00:00,24.1,1012.1,10549,12,31,0.0,12,Ceu aberto
MET2025-2402,SBCG,2025-07-24 03:00,23.0,1012.6,10549,12,29,0.0,4,Ceu aberto
MET2025-2403,SBCG,2025-07-24 06:00,21.9,1013.2,10549,12,37,0.0,45,Ceu aberto
MET2025-2404,SBCG,2025-07-24 09:00,23.0,1012.6,10549,12,25,0.0,25,Ceu aberto
MET2025-2405,SBCG,2025-07-24 12:00,24.1,1012.1,10549,12,26,0.0,14,Ceu aberto
MET2025-2501,SBGR,2025-07-25 00:00,18.6,1017.2,8921,13,32,1.4,33,Chuva
MET2025-2502,SBGR,2025-07-25 03:00,17.6,1017.8,8921,13,37,1.4,34,Chuva
MET2025-2503,SBGR,2025-07-25 06:00,16.5,1018.3,8921,13,35,1.4,45,Chuva
MET2025-2504,SBGR,2025-07-25 09:00,17.6,1017.8,8921,13,32,1.4,50,Chuva
MET2025-2505,SBGR,2025-07-25 12:00,18.6,1017.2,8921,13,31,1.4,45,Chuva
MET2025-2501,SBGL,2025-07-25 00:00,25.1,1009.8,9875,12,24,0.3,30,Ceu aberto
MET2025-2502,SBGL,2025-07-25 03:00,24.0,1010.4,9875,12,22,0.3,8,Ceu aberto
MET2025-2503,SBGL,2025-07-25 06:00,22.9,1010.9,9875,12,34,0.3,36,Ceu aberto
MET2025-2504,SBGL,2025-07-25 09:00,24.0,1010.4,9875,12,28,0.3,-1,Ceu aberto
MET2025-2505,SBGL,2025-07-25 12:00,25.1,1009.8,9875,12,32,0.3,20,Ceu aberto
MET2025-2501,SBBR,2025-07-25 00:00,24.5,1010.5,11021,14,35,1.1,39,Chuva
MET2025-2502,SBBR,2025-07-25 03:00,23.4,1011.0,11021,14,37,1.1,46,Chuva
MET2025-2503,SBBR,2025-07-25 06:00,22.3,1011.6,11021,14,35,1.1,31,Chuva
MET2025-2504,SBBR,2025-07-25 09:00,23.4,1011.0,11021,14,35,1.1,47,Chuva
MET2025-2505,SBBR,2025-07-25 12:00,24.5,1010.5,11021,14,38,1.1,29,Chuva
MET2025-2501,SBCF,2025-07-25 00:00,21.6,1007.9,7691,13,24,1.6,31,Chuva
MET2025-2502,SBCF,2025-07-25 03:00,20.5,1008.5,7691,13,32,1.6,35,Chuva
MET2025-2503,SBCF,2025-07-25 06:00,19.4,1009.0,7691,13,23,1.6,48,Chuva
MET2025-2504,SBCF,2025-07-25 09:00,20.5,1008.5,7691,13,26,1.6,51,Chuva
MET2025-2505,SBCF,2025-07-25 12:00,21.6,1007.9,7691,13,32,1.6,35,Chuva
MET2025-2501,SBPA,2025-07-25 00:00,16.3,1018.3,8224,16,40,1.3,44,Chuva
MET2025-2502,SBPA,2025-07-25 03:00,15.2,1018.8,8224,16,33,1.3,56,Chuva
MET2025-2503,SBPA,2025-07-25 06:00,14.1,1019.4,8224,16,34,1.3,47,Chuva
MET2025-2504,SBPA,2025-07-25 09:00,15.2,1018.8,8224,16,38,1.3,31,Chuva
MET2025-2505,SBPA,2025-07-25 12:00,16.3,1018.3,8224,16,36,1.3,39,Chuva
MET2025-2501,SBCT,2025-07-25 00:00,11.9,1014.4,7460,22,41,0.9,36,Chuva
MET2025-2502,SBCT,2025-07-25 03:00,10.8,1015.0,7460,22,32,0.9,54,Chuva
MET2025-2503,SBCT,2025-07-25 06:00,9.7,1015.5,7460,22,45,0.9,31,Chuva
MET2025-2504,SBCT,2025-07-25 09:00,10.8,1015.0,7460,22,37,0.9,37,Chuva
MET2025-2505,SBCT,2025-07-25 12:00,11.9,1014.4,7460,22,46,0.9,46,Chuva
MET2025-2501,SBRF,2025-07-25 00:00,25.9,1009.3,11537,20,40,0.4,14,Ceu aberto
MET2025-2502,SBRF,2025-07-25 03:00,24.8,1009.8,11537,20,37,0.4,26,Ceu aberto
MET2025-2503,SBRF,2025-07-25 06:00,23.7,1010.4,11537,20,42,0.4,22,Ceu aberto
MET2025-2504,SBRF,2025-07-25 09:00,24.8,1009.8,11537,20,40,0.4,21,Ceu aberto
MET2025-2505,SBRF,2025-07-25 12:00,25.9,1009.3,11537,20,43,0.4,30,Ceu aberto
MET2025-2501,SBFL,2025-07-25 00:00,15.6,1018.3,8306,13,35,1.2,46,Chuva
MET2025-2502,SBFL,2025-07-25 03:00,14.6,1018.8,8306,13,37,1.2,19,Chuva
MET2025-2503,SBFL,2025-07-25 06:00,13.5,1019.3,8306,13,35,1.2,27,Chuva
MET2025-2504,SBFL,2025-07-25 09:00,14.6,1018.8,8306,13,31,1.2,48,Chuva
MET2025-2505,SBFL,2025-07-25 12:00,15.6,1018.3,8306,13,25,1.2,53,Chuva
MET2025-2501,SBSV,2025-07-25 00:00,25.6,1013.5,10957,15,29,0.0,29,Ceu aberto
MET2025-2502,SBSV,2025-07-25 03:00,24.5,1014.1,10957,15,29,0.0,23,Ceu aberto
MET2025-2503,SBSV,2025-07-25 06:00,23.4,1014.6,10957,15,38,0.0,36,Ceu aberto
MET2025-2504,SBSV,2025-07-25 09:00,24.5,1014.1,10957,15,29,0.0,30,Ceu aberto
MET2025-2505,SBSV,2025-07-25 12:00,25.6,1013.5,10957,15,27,0.0,28,Ceu aberto
MET2025-2501,SBCG,2025-07-25 00:00,22.2,1004.9,10033,9,30,0.1,28,Ceu aberto
MET2025-2502,SBCG,2025-07-25 03:00,21.1,1005.4,10033,9,33,0.1,41,Ceu aberto
MET2025-2503,SBCG,2025-07-25 06:00,20.1,1006.0,10033,9,20,0.1,33,Ceu aberto
MET2025-2504,SBCG,2025-07-25 09:00,21.1,1005.4,10033,9,32,0.1,29,Ceu aberto
MET2025-2505,SBCG,2025-07-25 12:00,22.2,1004.9,10033,9,34,0.1,6,Ceu aberto
MET2025-2601,SBGR,2025-07-26 00:00,21.8,1015.1,8418,13,31,1.1,37,Chuva
MET2025-2602,SBGR,2025-07-26 03:00,20.7,1015.6,8418,13,32,1.1,16,Chuva
MET2025-2603,SBGR,2025-07-26 06:00,19.6,1016.2,8418,13,30,1.1,31,Chuva
MET2025-2604,SBGR,2025-07-26 09:00,20.7,1015.6,8418,13,28,1.1,16,Chuva
MET2025-2605,SBGR,2025-07-26 12:00,21.8,1015.1,8418,13,32,1.1,27,Chuva
MET2025-2601,SBGL,2025-07-26 00:00,19.5,1014.3,11783,14,36,0.4,27,Ceu aberto
MET2025-2602,SBGL,2025-07-26 03:00,18.4,1014.8,11783,14,30,0.4,34,Ceu aberto
MET2025-2603,SBGL,2025-07-26 06:00,17.3,1015.4,11783,14,34,0.4,20,Ceu aberto
MET2025-2604,SBGL,2025-07-26 09:00,18.4,1014.8,11783,14,38,0.4,39,Ceu aberto
MET2025-2605,SBGL,2025-07-26 12:00,19.5,1014.3,11783,14,37,0.4,33,Ceu aberto
MET2025-2601,SBBR,2025-07-26 00:00,22.8,1012.1,10789,10,35,0.5,43,Ceu aberto
MET2025-2602,SBBR,2025-07-26 03:00,21.7,1012.7,10789,10,23,0.5,13,Ceu aberto
MET2025-2603,SBBR,2025-07-26 06:00,20.6,1013.2,10789,10,30,0.5,31,Ceu aberto
MET2025-2604,SBBR,2025-07-26 09:00,21.7,1012.7,10789,10,31,0.5,35,Ceu aberto
MET2025-2605,SBBR,2025-07-26 12:00,22.8,1012.1,10789,10,33,0.5,32,Ceu aberto
MET2025-2601,SBCF,2025-07-26 00:00,20.2,1010.6,9702,18,35,1.0,21,Chuva
MET2025-2602,SBCF,2025-07-26 03:00,19.1,1011.1,9702,18,34,1.0,30,Chuva
MET2025-2603,SBCF,2025-07-26 06:00,18.0,1011.7,9702,18,29,1.0,47,Chuva
MET2025-2604,SBCF,2025-07-26 09:00,19.1,1011.1,9702,18,29,1.0,24,Chuva
MET2025-2605,SBCF,2025-07-26 12:00,20.2,1010.6,9702,18,42,1.0,48,Chuva
MET2025-2601,SBPA,2025-07-26 00:00,16.5,1017.1,7324,24,39,1.3,39,Chuva
MET2025-2602,SBPA,2025-07-26 03:00,15.4,1017.6,7324,24,46,1.3,43,Chuva
MET2025-2603,SBPA,2025-07-26 06:00,14.4,1018.2,7324,24,41,1.3,45,Chuva
MET2025-2604,SBPA,2025-07-26 09:00,15.4,1017.6,7324,24,35,1.3,38,Chuva
MET2025-2605,SBPA,2025-07-26 12:00,16.5,1017.1,7324,24,41,1.3,34,Chuva
MET2025-2601,SBCT,2025-07-26 00:00,14.2,1019.0,7309,19,37,1.8,66,Chuva
MET2025-2602,SBCT,2025-07-26 03:00,13.1,1019.5,7309,19,30,1.8,54,Chuva
MET2025-2603,SBCT,2025-07-26 06:00,12.0,1020.0,7309,19,31,1.8,50,Chuva
MET2025-2604,SBCT,2025-07-26 09:00,13.1,1019.5,7309,19,33,1.8,44,Chuva
MET2025-2605,SBCT,2025-07-26 12:00,14.2,1019.0,7309,19,39,1.8,53,Chuva
MET2025-2601,SBRF,2025-07-26 00:00,31.6,1011.8,9851,15,34,0.6,40,Chuva
MET2025-2602,SBRF,2025-07-26 03:00,30.5,1012.3,9851,15,28,0.6,9,Chuva
MET2025-2603,SBRF,2025-07-26 06:00,29.5,1012.8,9851,15,26,0.6,27,Chuva
MET2025-2604,SBRF,2025-07-26 09:00,30.5,1012.3,9851,15,25,0.6,39,Chuva
MET2025-2605,SBRF,2025-07-26 12:00,31.6,1011.8,9851,15,38,0.6,23,Chuva
MET2025-2601,SBFL,2025-07-26 00:00,17.4,1018.0,9140,16,30,1.3,30,Chuva
MET2025-2602,SBFL,2025-07-26 03:00,16.3,1018.6,9140,16,34,1.3,30,Chuva
MET2025-2603,SBFL,2025-07-26 06:00,15.2,1019.1,9140,16,33,1.3,34,Chuva
MET2025-2604,SBFL,2025-07-26 09:00,16.3,1018.6,9140,16,39,1.3,49,Chuva
MET2025-2605,SBFL,2025-07-26 12:00,17.4,1018.0,9140,16,29,1.3,40,Chuva
MET2025-2601,SBSV,2025-07-26 00:00,26.3,1008.2,12425,15,39,0.8,39,Chuva
MET2025-2602,SBSV,2025-07-26 03:00,25.2,1008.8,12425,15,31,0.8,34,Chuva
MET2025-2603,SBSV,2025-07-26 06:00,24.1,1009.3,12425,15,26,0.8,17,Chuva
MET2025-2604,SBSV,2025-07-26 09:00,25.2,1008.8,12425,15,29,0.8,27,Chuva
MET2025-2605,SBSV,2025-07-26 12:00,26.3,1008.2,12425,15,26,0.8,18,Chuva
MET2025-2601,SBCG,2025-07-26 00:00,22.8,1011.5,12793,16,30,0.3,27,Ceu aberto
MET2025-2602,SBCG,2025-07-26 03:00,21.7,1012.0,12793,16,27,0.3,29,Ceu aberto
MET2025-2603,SBCG,2025-07-26 06:00,20.6,1012.6,12793,16,29,0.3,31,Ceu aberto
MET2025-2604,SBCG,2025-07-26 09:00,21.7,1012.0,12793,16,31,0.3,25,Ceu aberto
MET2025-2605,SBCG,2025-07-26 12:00,22.8,1011.5,12793,16,38,0.3,28,Ceu aberto
MET2025-2701,SBGR,2025-07-27 00:00,17.9,1013.0,9441,18,36,1.6,62,Chuva
MET2025-2702,SBGR,2025-07-27 03:00,16.8,1013.5,9441,18,39,1.6,34,Chuva
MET2025-2703,SBGR,2025-07-27 06:00,15.8,1014.1,9441,18,41,1.6,30,Chuva
MET2025-2704,SBGR,2025-07-27 09:00,16.8,1013.5,9441,18,32,1.6,61,Chuva
MET2025-2705,SBGR,2025-07-27 12:00,17.9,1013.0,9441,18,43,1.6,47,Chuva
MET2025-2701,SBGL,2025-07-27 00:00,18.4,1009.6,10580,17,32,1.0,52,Chuva
MET2025-2702,SBGL,2025-07-27 03:00,17.4,1010.2,10580,17,36,1.0,33,Chuva
MET2025-2703,SBGL,2025-07-27 06:00,16.3,1010.7,10580,17,34,1.0,25,Chuva
MET2025-2704,SBGL,2025-07-27 09:00,17.4,1010.2,10580,17,41,1.0,26,Chuva
MET2025-2705,SBGL,2025-07-27 12:00,18.4,1009.6,10580,17,27,1.0,52,Chuva
MET2025-2701,SBBR,2025-07-27 00:00,22.1,1012.4,12506,12,35,0.0,6,Ceu aberto
MET2025-2702,SBBR,2025-07-27 03:00,21.0,1012.9,12506,12,26,0.0,24,Ceu aberto
MET2025-2703,SBBR,2025-07-27 06:00,20.0,1013.4,12506,12,24,0.0,24,Ceu aberto
MET2025-2704,SBBR,2025-07-27 09:00,21.0,1012.9,12506,12,24,0.0,12,Ceu aberto
MET2025-2705,SBBR,2025-07-27 12:00,22.1,1012.4,12506,12,32,0.0,27,Ceu aberto
MET2025-2701,SBCF,2025-07-27 00:00,19.3,1008.5,8265,10,25,0.9,24,Chuva
MET2025-2702,SBCF,2025-07-27 03:00,18.3,1009.0,8265,10,30,0.9,35,Chuva
MET2025-2703,SBCF,2025-07-27 06:00,17.2,1009.6,8265,10,20,0.9,47,Chuva
MET2025-2704,SBCF,2025-07-27 09:00,18.3,1009.0,8265,10,29,0.9,35,Chuva
MET2025-2705,SBCF,2025-07-27 12:00,19.3,1008.5,8265,10,30,0.9,28,Chuva
MET2025-2701,SBPA,2025-07-27 00:00,15.7,1014.7,8065,17,39,2.1,57,Chuva
MET2025-2702,SBPA,2025-07-27 03:00,14.6,1015.2,8065,17,27,2.1,58,Chuva
MET2025-2703,SBPA,2025-07-27 06:00,13.6,1015.7,8065,17,41,2.1,58,Chuva
MET2025-2704,SBPA,2025-07-27 09:00,14.6,1015.2,8065,17,28,2.1,54,Chuva
MET2025-2705,SBPA,2025-07-27 12:00,15.7,1014.7,8065,17,29,2.1,49,Chuva
MET2025-2701,SBCT,2025-07-27 00:00,14.3,1021.2,6266,20,41,2.5,58,Chuva
MET2025-2702,SBCT,2025-07-27 03:00,13.3,1021.8,6266,20,39,2.5,38,Chuva
MET2025-2703,SBCT,2025-07-27 06:00,12.2,1022.3,6266,20,32,2.5,57,Chuva
MET2025-2704,SBCT,2025-07-27 09:00,13.3,1021.8,6266,20,36,2.5,38,Chuva
MET2025-2705,SBCT,2025-07-27 12:00,14.3,1021.2,6266,20,31,2.5,41,Chuva
MET2025-2701,SBRF,2025-07-27 00:00,29.5,1016.8,13335,13,35,0.0,18,Ceu aberto
MET2025-2702,SBRF,2025-07-27 03:00,28.5,1017.4,13335,13,24,0.0,37,Ceu aberto
MET2025-2703,SBRF,2025-07-27 06:00,27.4,1017.9,13335,13,29,0.0,18,Ceu aberto
MET2025-2704,SBRF,2025-07-27 09:00,28.5,1017.4,13335,13,26,0.0,27,Ceu aberto
MET2025-2705,SBRF,2025-07-27 12:00,29.5,1016.8,13335,13,37,0.0,26,Ceu aberto
MET2025-2701,SBFL,2025-07-27 00:00,17.2,1008.3,7050,16,32,1.4,53,Chuva
MET2025-2702,SBFL,2025-07-27 03:00,16.2,1008.8,7050,16,32,1.4,45,Chuva
MET2025-2703,SBFL,2025-07-27 06:00,15.1,1009.4,7050,16,36,1.4,43,Chuva
MET2025-2704,SBFL,2025-07-27 09:00,16.2,1008.8,7050,16,33,1.4,47,Chuva
MET2025-2705,SBFL,2025-07-27 12:00,17.2,1008.3,7050,16,27,1.4,53,Chuva
MET2025-2701,SBSV,2025-07-27 00:00,27.5,1010.7,10045,10,22,0.0,28,Ceu aberto
MET2025-2702,SBSV,2025-07-27 03:00,26.4,1011.3,10045,10,20,0.0,16,Ceu aberto
MET2025-2703,SBSV,2025-07-27 06:00,25.4,1011.8,10045,10,28,0.0,13,Ceu aberto
MET2025-2704,SBSV,2025-07-27 09:00,26.4,1011.3,10045,10,21,0.0,17,Ceu aberto
MET2025-2705,SBSV,2025-07-27 12:00,27.5,1010.7,10045,10,29,0.0,17,Ceu aberto
MET2025-2701,SBCG,2025-07-27 00:00,23.8,1018.1,10262,10,33,0.7,27,Chuva
MET2025-2702,SBCG,2025-07-27 03:00,22.7,1018.6,10262,10,34,0.7,36,Chuva
MET2025-2703,SBCG,2025-07-27 06:00,21.7,1019.1,10262,10,29,0.7,32,Chuva
MET2025-2704,SBCG,2025-07-27 09:00,22.7,1018.6,10262,10,20,0.7,18,Chuva
MET2025-2705,SBCG,2025-07-27 12:00,23.8,1018.1,10262,10,26,0.7,38,Chuva
MET2025-2801,SBGR,2025-07-28 00:00,17.6,1021.1,7937,11,33,1.6,42,Chuva
MET2025-2802,SBGR,2025-07-28 03:00,16.5,1021.6,7937,11,28,1.6,49,Chuva
MET2025-2803,SBGR,2025-07-28 06:00,15.5,1022.1,7937,11,23,1.6,38,Chuva
MET2025-2804,SBGR,2025-07-28 09:00,16.5,1021.6,7937,11,24,1.6,52,Chuva
MET2025-2805,SBGR,2025-07-28 12:00,17.6,1021.1,7937,11,23,1.6,40,Chuva
MET2025-2801,SBGL,2025-07-28 00:00,20.9,1010.4,11349,9,21,0.2,6,Ceu aberto
MET2025-2802,SBGL,2025-07-28 03:00,19.9,1010.9,11349,9,21,0.2,18,Ceu aberto
MET2025-2803,SBGL,2025-07-28 06:00,18.8,1011.4,11349,9,20,0.2,20,Ceu aberto
MET2025-2804,SBGL,2025-07-28 09:00,19.9,1010.9,11349,9,28,0.2,14,Ceu aberto
MET2025-2805,SBGL,2025-07-28 12:00,20.9,1010.4,11349,9,29,0.2,37,Ceu aberto
MET2025-2801,SBBR,2025-07-28 00:00,23.5,1011.7,12153,14,29,0.2,19,Ceu aberto
MET2025-2802,SBBR,2025-07-28 03:00,22.5,1012.2,12153,14,33,0.2,21,Ceu aberto
MET2025-2803,SBBR,2025-07-28 06:00,21.4,1012.7,12153,14,35,0.2,22,Ceu aberto
MET2025-2804,SBBR,2025-07-28 09:00,22.5,1012.2,12153,14,29,0.2,13,Ceu aberto
MET2025-2805,SBBR,2025-07-28 12:00,23.5,1011.7,12153,14,36,0.2,22,Ceu aberto
MET2025-2801,SBCF,2025-07-28 00:00,21.3,1012.3,10275,13,37,1.2,46,Chuva
MET2025-2802,SBCF,2025-07-28 03:00,20.2,1012.8,10275,13,28,1.2,33,Chuva
MET2025-2803,SBCF,2025-07-28 06:00,19.2,1013.4,10275,13,32,1.2,36,Chuva
MET2025-2804,SBCF,2025-07-28 09:00,20.2,1012.8,10275,13,34,1.2,32,Chuva
MET2025-2805,SBCF,2025-07-28 12:00,21.3,1012.3,10275,13,29,1.2,41,Chuva
MET2025-2801,SBPA,2025-07-28 00:00,15.4,1013.2,6296,19,30,2.4,68,Chuva
MET2025-2802,SBPA,2025-07-28 03:00,14.4,1013.7,6296,19,37,2.4,41,Chuva
MET2025-2803,SBPA,2025-07-28 06:00,13.3,1014.3,6296,19,38,2.4,61,Chuva
MET2025-2804,SBPA,2025-07-28 09:00,14.4,1013.7,6296,19,31,2.4,52,Chuva
MET2025-2805,SBPA,2025-07-28 12:00,15.4,1013.2,6296,19,34,2.4,64,Chuva
MET2025-2801,SBCT,2025-07-28 00:00,13.8,1014.8,5313,25,37,1.1,37,Chuva
MET2025-2802,SBCT,2025-07-28 03:00,12.7,1015.3,5313,25,46,1.1,43,Chuva
MET2025-2803,SBCT,2025-07-28 06:00,11.7,1015.8,5313,25,40,1.1,27,Chuva
MET2025-2804,SBCT,2025-07-28 09:00,12.7,1015.3,5313,25,42,1.1,48,Chuva
MET2025-2805,SBCT,2025-07-28 12:00,13.8,1014.8,5313,25,43,1.1,37,Chuva
MET2025-2801,SBRF,2025-07-28 00:00,26.2,1007.3,12703,16,30,0.0,12,Ceu aberto
MET2025-2802,SBRF,2025-07-28 03:00,25.2,1007.8,12703,16,30,0.0,16,Ceu aberto
MET2025-2803,SBRF,2025-07-28 06:00,24.1,1008.3,12703,16,40,0.0,17,Ceu aberto
MET2025-2804,SBRF,2025-07-28 09:00,25.2,1007.8,12703,16,29,0.0,13,Ceu aberto
MET2025-2805,SBRF,2025-07-28 12:00,26.2,1007.3,12703,16,40,0.0,12,Ceu aberto
MET2025-2801,SBFL,2025-07-28 00:00,17.9,1017.1,5866,19,41,2.6,62,Chuva
MET2025-2802,SBFL,2025-07-28 03:00,16.9,1017.6,5866,19,42,2.6,56,Chuva
MET2025-2803,SBFL,2025-07-28 06:00,15.8,1018.1,5866,19,42,2.6,58,Chuva
MET2025-2804,SBFL,2025-07-28 09:00,16.9,1017.6,5866,19,31,2.6,55,Chuva
MET2025-2805,SBFL,2025-07-28 12:00,17.9,1017.1,5866,19,34,2.6,67,Chuva
MET2025-2801,SBSV,2025-07-28 00:00,25.0,1011.8,10566,14,28,0.0,15,Ceu aberto
MET2025-2802,SBSV,2025-07-28 03:00,24.0,1012.3,10566,14,37,0.0,3,Ceu aberto
MET2025-2803,SBSV,2025-07-28 06:00,22.9,1012.8,10566,14,33,0.0,15,Ceu aberto
MET2025-2804,SBSV,2025-07-28 09:00,24.0,1012.3,10566,14,26,0.0,23,Ceu aberto
MET2025-2805,SBSV,2025-07-28 12:00,25.0,1011.8,10566,14,28,0.0,3,Ceu aberto
MET2025-2801,SBCG,2025-07-28 00:00,21.9,1018.6,10829,11,33,0.4,21,Ceu aberto
MET2025-2802,SBCG,2025-07-28 03:00,20.8,1019.2,10829,11,32,0.4,55,Ceu aberto
MET2025-2803,SBCG,2025-07-28 06:00,19.8,1019.7,10829,11,22,0.4,14,Ceu aberto
MET2025-2804,SBCG,2025-07-28 09:00,20.8,1019.2,10829,11,29,0.4,29,Ceu aberto
MET2025-2805,SBCG,2025-07-28 12:00,21.9,1018.6,10829,11,25,0.4,40,Ceu aberto
MET2025-2901,SBGR,2025-07-29 00:00,16.8,1019.8,7305,25,48,2.3,47,Chuva
MET2025-2902,SBGR,2025-07-29 03:00,15.8,1020.3,7305,25,35,2.3,55,Chuva
MET2025-2903,SBGR,2025-07-29 06:00,14.7,1020.9,7305,25,46,2.3,62,Chuva
MET2025-2904,SBGR,2025-07-29 09:00,15.8,1020.3,7305,25,48,2.3,67,Chuva
MET2025-2905,SBGR,2025-07-29 12:00,16.8,1019.8,7305,25,38,2.3,53,Chuva
MET2025-2901,SBGL,2025-07-29 00:00,21.3,1010.4,9776,24,42,2.0,41,Chuva
MET2025-2902,SBGL,2025-07-29 03:00,20.2,1011.0,9776,24,43,2.0,54,Chuva
MET2025-2903,SBGL,2025-07-29 06:00,19.2,1011.5,9776,24,43,2.0,49,Chuva
MET2025-2904,SBGL,2025-07-29 09:00,20.2,1011.0,9776,24,48,2.0,50,Chuva
MET2025-2905,SBGL,2025-07-29 12:00,21.3,1010.4,9776,24,45,2.0,48,Chuva
MET2025-2901,SBBR,2025-07-29 00:00,23.3,1012.1,11481,10,27,0.0,20,Ceu aberto
MET2025-2902,SBBR,2025-07-29 03:00,22.2,1012.6,11481,10,25,0.0,19,Ceu aberto
MET2025-2903,SBBR,2025-07-29 06:00,21.2,1013.1,11481,10,25,0.0,17,Ceu aberto
MET2025-2904,SBBR,2025-07-29 09:00,22.2,1012.6,11481,10,34,0.0,22,Ceu aberto
MET2025-2905,SBBR,2025-07-29 12:00,23.3,1012.1,11481,10,34,0.0,6,Ceu aberto
MET2025-2901,SBCF,2025-07-29 00:00,19.6,1014.3,8342,15,33,1.9,45,Chuva
MET2025-2902,SBCF,2025-07-29 03:00,18.5,1014.8,8342,15,36,1.9,39,Chuva
MET2025-2903,SBCF,2025-07-29 06:00,17.5,1015.3,8342,15,38,1.9,56,Chuva
MET2025-2904,SBCF,2025-07-29 09:00,18.5,1014.8,8342,15,32,1.9,52,Chuva
MET2025-2905,SBCF,2025-07-29 12:00,19.6,1014.3,8342,15,32,1.9,44,Chuva
MET2025-2901,SBPA,2025-07-29 00:00,14.9,1021.4,8667,20,32,1.9,62,Chuva
MET2025-2902,SBPA,2025-07-29 03:00,13.9,1021.9,8667,20,43,1.9,62,Chuva
MET2025-2903,SBPA,2025-07-29 06:00,12.8,1022.4,8667,20,44,1.9,35,Chuva
MET2025-2904,SBPA,2025-07-29 09:00,13.9,1021.9,8667,20,32,1.9,63,Chuva
MET2025-2905,SBPA,2025-07-29 12:00,14.9,1021.4,8667,20,41,1.9,52,Chuva
MET2025-2901,SBCT,2025-07-29 00:00,16.8,1015.5,7484,22,47,2.1,63,Chuva
MET2025-2902,SBCT,2025-07-29 03:00,15.8,1016.0,7484,22,39,2.1,50,Chuva
MET2025-2903,SBCT,2025-07-29 06:00,14.8,1016.5,7484,22,34,2.1,48,Chuva
MET2025-2904,SBCT,2025-07-29 09:00,15.8,1016.0,7484,22,34,2.1,49,Chuva
MET2025-2905,SBCT,2025-07-29 12:00,16.8,1015.5,7484,22,42,2.1,50,Chuva
MET2025-2901,SBRF,2025-07-29 00:00,27.5,1006.4,11818,16,38,0.1,19,Ceu aberto
MET2025-2902,SBRF,2025-07-29 03:00,26.5,1006.9,11818,16,27,0.1,5,Ceu aberto
MET2025-2903,SBRF,2025-07-29 06:00,25.5,1007.4,11818,16,30,0.1,24,Ceu aberto
MET2025-2904,SBRF,2025-07-29 09:00,26.5,1006.9,11818,16,41,0.1,27,Ceu aberto
MET2025-2905,SBRF,2025-07-29 12:00,27.5,1006.4,11818,16,35,0.1,26,Ceu aberto
MET2025-2901,SBFL,2025-07-29 00:00,17.0,1018.2,6970,22,38,3.1,74,Chuva
MET2025-2902,SBFL,2025-07-29 03:00,16.0,1018.7,6970,22,45,3.1,66,Chuva
MET2025-2903,SBFL,2025-07-29 06:00,14.9,1019.2,6970,22,38,3.1,70,Chuva
MET2025-2904,SBFL,2025-07-29 09:00,16.0,1018.7,6970,22,39,3.1,70,Chuva
MET2025-2905,SBFL,2025-07-29 12:00,17.0,1018.2,6970,22,33,3.1,75,Chuva
MET2025-2901,SBSV,2025-07-29 00:00,24.2,1013.0,9233,21,31,1.4,38,Chuva
MET2025-2902,SBSV,2025-07-29 03:00,23.2,1013.5,9233,21,33,1.4,26,Chuva
MET2025-2903,SBSV,2025-07-29 06:00,22.1,1014.0,9233,21,36,1.4,35,Chuva
MET2025-2904,SBSV,2025-07-29 09:00,23.2,1013.5,9233,21,46,1.4,38,Chuva
MET2025-2905,SBSV,2025-07-29 12:00,24.2,1013.0,9233,21,35,1.4,45,Chuva
MET2025-2901,SBCG,2025-07-29 00:00,22.6,1010.7,9569,17,35,1.0,11,Chuva
MET2025-2902,SBCG,2025-07-29 03:00,21.5,1011.2,9569,17,40,1.0,43,Chuva
MET2025-2903,SBCG,2025-07-29 06:00,20.5,1011.7,9569,17,33,1.0,33,Chuva
MET2025-2904,SBCG,2025-07-29 09:00,21.5,1011.2,9569,17,38,1.0,9,Chuva
MET2025-2905,SBCG,2025-07-29 12:00,22.6,1010.7,9569,17,36,1.0,26,Chuva
MET2025-3001,SBGR,2025-07-30 00:00,16.1,1015.3,7324,16,31,2.1,62,Chuva
MET2025-3002,SBGR,2025-07-30 03:00,15.1,1015.8,7324,16,39,2.1,52,Chuva
MET2025-3003,SBGR,2025-07-30 06:00,14.1,1016.3,7324,16,34,2.1,56,Chuva
MET2025-3004,SBGR,2025-07-30 09:00,15.1,1015.8,7324,16,30,2.1,37,Chuva
MET2025-3005,SBGR,2025-07-30 12:00,16.1,1015.3,7324,16,30,2.1,72,Chuva
MET2025-3001,SBGL,2025-07-30 00:00,20.1,1013.7,9255,14,30,2.4,71,Chuva
MET2025-3002,SBGL,2025-07-30 03:00,19.1,1014.2,9255,14,30,2.4,55,Chuva
MET2025-3003,SBGL,2025-07-30 06:00,18.1,1014.7,9255,14,39,2.4,68,Chuva
MET2025-3004,SBGL,2025-07-30 09:00,19.1,1014.2,9255,14,31,2.4,51,Chuva
MET2025-3005,SBGL,2025-07-30 12:00,20.1,1013.7,9255,14,34,2.4,57,Chuva
MET2025-3001,SBBR,2025-07-30 00:00,20.1,1019.5,10818,10,22,0.0,16,Ceu aberto
MET2025-3002,SBBR,2025-07-30 03:00,19.1,1020.0,10818,10,30,0.0,25,Ceu aberto
MET2025-3003,SBBR,2025-07-30 06:00,18.1,1020.5,10818,10,30,0.0,17,Ceu aberto
MET2025-3004,SBBR,2025-07-30 09:00,19.1,1020.0,10818,10,30,0.0,14,Ceu aberto
MET2025-3005,SBBR,2025-07-30 12:00,20.1,1019.5,10818,10,34,0.0,20,Ceu aberto
MET2025-3001,SBCF,2025-07-30 00:00,21.9,1012.5,9281,12,34,1.7,52,Chuva
MET2025-3002,SBCF,2025-07-30 03:00,20.9,1013.0,9281,12,26,1.7,55,Chuva
MET2025-3003,SBCF,2025-07-30 06:00,19.9,1013.5,9281,12,27,1.7,34,Chuva
MET2025-3004,SBCF,2025-07-30 09:00,20.9,1013.0,9281,12,37,1.7,45,Chuva
MET2025-3005,SBCF,2025-07-30 12:00,21.9,1012.5,9281,12,29,1.7,36,Chuva
MET2025-3001,SBPA,2025-07-30 00:00,15.9,1012.0,7029,21,36,3.0,73,Chuva
MET2025-3002,SBPA,2025-07-30 03:00,14.8,1012.5,7029,21,39,3.0,54,Chuva
MET2025-3003,SBPA,2025-07-30 06:00,13.8,1013.0,7029,21,42,3.0,74,Chuva
MET2025-3004,SBPA,2025-07-30 09:00,14.8,1012.5,7029,21,40,3.0,81,Chuva
MET2025-3005,SBPA,2025-07-30 12:00,15.9,1012.0,7029,21,39,3.0,61,Chuva
MET2025-3001,SBCT,2025-07-30 00:00,10.7,1019.6,7368,16,36,1.7,33,Chuva
MET2025-3002,SBCT,2025-07-30 03:00,9.7,1020.2,7368,16,36,1.7,43,Chuva
MET2025-3003,SBCT,2025-07-30 06:00,8.7,1020.7,7368,16,32,1.7,41,Chuva
MET2025-3004,SBCT,2025-07-30 09:00,9.7,1020.2,7368,16,27,1.7,40,Chuva
MET2025-3005,SBCT,2025-07-30 12:00,10.7,1019.6,7368,16,37,1.7,62,Chuva
MET2025-3001,SBRF,2025-07-30 00:00,26.5,1013.9,12299,14,35,0.3,30,Ceu aberto
MET2025-3002,SBRF,2025-07-30 03:00,25.5,1014.4,12299,14,29,0.3,39,Ceu aberto
MET2025-3003,SBRF,2025-07-30 06:00,24.5,1014.9,12299,14,38,0.3,17,Ceu aberto
MET2025-3004,SBRF,2025-07-30 09:00,25.5,1014.4,12299,14,34,0.3,19,Ceu aberto
MET2025-3005,SBRF,2025-07-30 12:00,26.5,1013.9,12299,14,27,0.3,29,Ceu aberto
MET2025-3001,SBFL,2025-07-30 00:00,14.2,1017.3,5845,24,41,2.8,67,Chuva
MET2025-3002,SBFL,2025-07-30 03:00,13.2,1017.8,5845,24,37,2.8,58,Chuva
MET2025-3003,SBFL,2025-07-30 06:00,12.2,1018.3,5845,24,34,2.8,63,Chuva
MET2025-3004,SBFL,2025-07-30 09:00,13.2,1017.8,5845,24,39,2.8,67,Chuva
MET2025-3005,SBFL,2025-07-30 12:00,14.2,1017.3,5845,24,47,2.8,57,Chuva
MET2025-3001,SBSV,2025-07-30 00:00,23.0,1010.0,9843,18,34,1.8,47,Chuva
MET2025-3002,SBSV,2025-07-30 03:00,22.0,1010.5,9843,18,37,1.8,31,Chuva
MET2025-3003,SBSV,2025-07-30 06:00,21.0,1011.0,9843,18,37,1.8,35,Chuva
MET2025-3004,SBSV,2025-07-30 09:00,22.0,1010.5,9843,18,36,1.8,39,Chuva
MET2025-3005,SBSV,2025-07-30 12:00,23.0,1010.0,9843,18,33,1.8,42,Chuva
MET2025-3001,SBCG,2025-07-30 00:00,23.9,1008.0,10773,11,32,0.0,20,Ceu aberto
MET2025-3002,SBCG,2025-07-30 03:00,22.9,1008.5,10773,11,24,0.0,29,Ceu aberto
MET2025-3003,SBCG,2025-07-30 06:00,21.9,1009.0,10773,11,34,0.0,22,Ceu aberto
MET2025-3004,SBCG,2025-07-30 09:00,22.9,1008.5,10773,11,35,0.0,22,Ceu aberto
MET2025-3005,SBCG,2025-07-30 12:00,23.9,1008.0,10773,11,24,0.0,21,Ceu aberto
MET2025-3101,SBGR,2025-07-31 00:00,18.3,1015.3,8815,12,32,2.1,52,Chuva
MET2025-3102,SBGR,2025-07-31 03:00,17.3,1015.8,8815,12,37,2.1,38,Chuva
MET2025-3103,SBGR,2025-07-31 06:00,16.3,1016.3,8815,12,30,2.1,38,Chuva
MET2025-3104,SBGR,2025-07-31 09:00,17.3,1015.8,8815,12,28,2.1,59,Chuva
MET2025-3105,SBGR,2025-07-31 12:00,18.3,1015.3,8815,12,27,2.1,59,Chuva
MET2025-3101,SBGL,2025-07-31 00:00,16.5,1016.8,9592,16,41,1.8,52,Chuva
MET2025-3102,SBGL,2025-07-31 03:00,15.5,1017.3,9592,16,27,1.8,29,Chuva
MET2025-3103,SBGL,2025-07-31 06:00,14.5,1017.8,9592,16,39,1.8,57,Chuva
MET2025-3104,SBGL,2025-07-31 09:00,15.5,1017.3,9592,16,32,1.8,53,Chuva
MET2025-3105,SBGL,2025-07-31 12:00,16.5,1016.8,9592,16,32,1.8,42,Chuva
MET2025-3101,SBBR,2025-07-31 00:00,21.7,1011.6,10612,12,31,0.2,21,Ceu aberto
MET2025-3102,SBBR,2025-07-31 03:00,20.7,1012.1,10612,12,34,0.2,6,Ceu aberto
MET2025-3103,SBBR,2025-07-31 06:00,19.7,1012.6,10612,12,24,0.2,4,Ceu aberto
MET2025-3104,SBBR,2025-07-31 09:00,20.7,1012.1,10612,12,25,0.2,21,Ceu aberto
MET2025-3105,SBBR,2025-07-31 12:00,21.7,1011.6,10612,12,30,0.2,10,Ceu aberto
MET2025-3101,SBCF,2025-07-31 00:00,19.8,1019.9,10848,12,23,0.9,46,Chuva
MET2025-3102,SBCF,2025-07-31 03:00,18.8,1020.4,10848,12,26,0.9,43,Chuva
MET2025-3103,SBCF,2025-07-31 06:00,17.8,1020.9,10848,12,25,0.9,18,Chuva
MET2025-3104,SBCF,2025-07-31 09:00,18.8,1020.4,10848,12,29,0.9,5,Chuva
MET2025-3105,SBCF,2025-07-31 12:00,19.8,1019.9,10848,12,37,0.9,21,Chuva
MET2025-3101,SBPA,2025-07-31 00:00,15.9,1017.2,5009,17,35,3.1,60,Chuva
MET2025-3102,SBPA,2025-07-31 03:00,14.9,1017.7,5009,17,41,3.1,78,Chuva
MET2025-3103,SBPA,2025-07-31 06:00,13.9,1018.2,5009,17,38,3.1,53,Chuva
MET2025-3104,SBPA,2025-07-31 09:00,14.9,1017.7,5009,17,39,3.1,46,Chuva
MET2025-3105,SBPA,2025-07-31 12:00,15.9,1017.2,5009,17,42,3.1,80,Chuva
MET2025-3101,SBCT,2025-07-31 00:00,15.1,1017.1,7746,18,39,2.6,50,Chuva
MET2025-3102,SBCT,2025-07-31 03:00,14.1,1017.6,7746,18,36,2.6,47,Chuva
MET2025-3103,SBCT,2025-07-31 06:00,13.1,1018.1,7746,18,37,2.6,67,Chuva
MET2025-3104,SBCT,2025-07-31 09:00,14.1,1017.6,7746,18,35,2.6,42,Chuva
MET2025-3105,SBCT,2025-07-31 12:00,15.1,1017.1,7746,18,39,2.6,65,Chuva
MET2025-3101,SBRF,2025-07-31 00:00,24.8,1015.0,12351,13,34,0.8,43,Chuva
MET2025-3102,SBRF,2025-07-31 03:00,23.8,1015.5,12351,13,29,0.8,18,Chuva
MET2025-3103,SBRF,2025-07-31 06:00,22.8,1016.0,12351,13,26,0.8,26,Chuva
MET2025-3104,SBRF,2025-07-31 09:00,23.8,1015.5,12351,13,34,0.8,35,Chuva
MET2025-3105,SBRF,2025-07-31 12:00,24.8,1015.0,12351,13,37,0.8,35,Chuva
MET2025-3101,SBFL,2025-07-31 00:00,17.5,1014.4,6557,23,46,2.7,60,Chuva
MET2025-3102,SBFL,2025-07-31 03:00,16.5,1014.9,6557,23,36,2.7,49,Chuva
MET2025-3103,SBFL,2025-07-31 06:00,15.5,1015.4,6557,23,34,2.7,67,Chuva
MET2025-3104,SBFL,2025-07-31 09:00,16.5,1014.9,6557,23,40,2.7,65,Chuva
MET2025-3105,SBFL,2025-07-31 12:00,17.5,1014.4,6557,23,37,2.7,52,Chuva
MET2025-3101,SBSV,2025-07-31 00:00,25.0,1006.8,9716,11,22,0.6,33,Chuva
MET2025-3102,SBSV,2025-07-31 03:00,24.0,1007.3,9716,11,26,0.6,41,Chuva
MET2025-3103,SBSV,2025-07-31 06:00,23.0,1007.8,9716,11,27,0.6,5,Chuva
MET2025-3104,SBSV,2025-07-31 09:00,24.0,1007.3,9716,11,33,0.6,27,Chuva
MET2025-3105,SBSV,2025-07-31 12:00,25.0,1006.8,9716,11,27,0.6,23,Chuva
MET2025-3101,SBCG,2025-07-31 00:00,21.2,1013.2,11007,15,29,1.0,23,Chuva
MET2025-3102,SBCG,2025-07-31 03:00,20.2,1013.7,11007,15,26,1.0,16,Chuva
MET2025-3103,SBCG,2025-07-31 06:00,19.2,1014.2,11007,15,26,1.0,27,Chuva
MET2025-3104,SBCG,2025-07-31 09:00,20.2,1013.7,11007,15,29,1.0,31,Chuva
MET2025-3105,SBCG,2025-07-31 12:00,21.2,1013.2,11007,15,35,1.0,42,Chuva
