id_registro_meteo,aeroporto,data_hora,temperatura_c,pressao_hpa,visibilidade_m,vento_kmh,rajada_kmh,precipitacao_mm,cobertura_nuvens_pct,condicao_meteorologica
MET2023-0101,SBGR,2023-07-01 00:00,18.2,1014.5,8980,20,31,2.1,48,Chuva
MET2023-0102,SBGR,2023-07-01 03:00,17.2,1015.0,8980,20,43,2.1,67,Chuva
MET2023-0103,SBGR,2023-07-01 06:00,16.3,1015.5,8980,20,31,2.1,58,Chuva
MET2023-0104,SBGR,2023-07-01 09:00,17.2,1015.0,8980,20,45,2.1,46,Chuva
MET2023-0105,SBGR,2023-07-01 12:00,18.2,1014.5,8980,20,33,2.1,56,Chuva
MET2023-0101,SBGL,2023-07-01 00:00,18.5,1012.0,6475,21,33,2.4,40,Chuva
MET2023-0102,SBGL,2023-07-01 03:00,17.6,1012.4,6475,21,36,2.4,48,Chuva
MET2023-0103,SBGL,2023-07-01 06:00,16.6,1012.9,6475,21,43,2.4,34,Chuva
MET2023-0104,SBGL,2023-07-01 09:00,17.6,1012.4,6475,21,34,2.4,81,Chuva
MET2023-0105,SBGL,2023-07-01 12:00,18.5,1012.0,6475,21,32,2.4,59,Chuva
MET2023-0101,SBBR,2023-07-01 00:00,19.6,1014.3,11199,9,21,0.2,42,Ceu aberto
MET2023-0102,SBBR,2023-07-01 03:00,18.6,1014.8,11199,9,27,0.2,31,Ceu aberto
MET2023-0103,SBBR,2023-07-01 06:00,17.7,1015.3,11199,9,24,0.2,11,Ceu aberto
MET2023-0104,SBBR,2023-07-01 09:00,18.6,1014.8,11199,9,27,0.2,10,Ceu aberto
MET2023-0105,SBBR,2023-07-01 12:00,19.6,1014.3,11199,9,34,0.2,25,Ceu aberto
MET2023-0101,SBCF,2023-07-01 00:00,18.8,1015.8,7860,10,25,2.0,45,Chuva
MET2023-0102,SBCF,2023-07-01 03:00,17.8,1016.3,7860,10,24,2.0,39,Chuva
MET2023-0103,SBCF,2023-07-01 06:00,16.8,1016.7,7860,10,32,2.0,51,Chuva
MET2023-0104,SBCF,2023-07-01 09:00,17.8,1016.3,7860,10,21,2.0,56,Chuva
MET2023-0105,SBCF,2023-07-01 12:00,18.8,1015.8,7860,10,31,2.0,59,Chuva
MET2023-0101,SBPA,2023-07-01 00:00,12.3,1016.9,6441,28,42,3.6,72,Chuva
MET2023-0102,SBPA,2023-07-01 03:00,11.4,1017.4,6441,28,43,3.6,82,Chuva
MET2023-0103,SBPA,2023-07-01 06:00,10.4,1017.9,6441,28,51,3.6,87,Chuva
MET2023-0104,SBPA,2023-07-01 09:00,11.4,1017.4,6441,28,45,3.6,77,Chuva
MET2023-0105,SBPA,2023-07-01 12:00,12.3,1016.9,6441,28,49,3.6,67,Chuva
MET2023-0101,SBCT,2023-07-01 00:00,14.9,1016.1,9390,20,32,3.1,65,Chuva
MET2023-0102,SBCT,2023-07-01 03:00,13.9,1016.6,9390,20,30,3.1,52,Chuva
MET2023-0103,SBCT,2023-07-01 06:00,12.9,1017.1,9390,20,38,3.1,76,Chuva
MET2023-0104,SBCT,2023-07-01 09:00,13.9,1016.6,9390,20,44,3.1,61,Chuva
MET2023-0105,SBCT,2023-07-01 12:00,14.9,1016.1,9390,20,41,3.1,51,Chuva
MET2023-0101,SBRF,2023-07-01 00:00,24.0,1011.5,12863,17,40,0.1,26,Ceu aberto
MET2023-0102,SBRF,2023-07-01 03:00,23.0,1012.0,12863,17,35,0.1,13,Ceu aberto
MET2023-0103,SBRF,2023-07-01 06:00,22.1,1012.5,12863,17,30,0.1,17,Ceu aberto
MET2023-0104,SBRF,2023-07-01 09:00,23.0,1012.0,12863,17,33,0.1,23,Ceu aberto
MET2023-0105,SBRF,2023-07-01 12:00,24.0,1011.5,12863,17,27,0.1,23,Ceu aberto
MET2023-0101,SBFL,2023-07-01 00:00,11.5,1019.3,6457,21,36,3.3,67,Chuva
MET2023-0102,SBFL,2023-07-01 03:00,10.6,1019.8,6457,21,39,3.3,60,Chuva
MET2023-0103,SBFL,2023-07-01 06:00,9.6,1020.2,6457,21,46,3.3,83,Chuva
MET2023-0104,SBFL,2023-07-01 09:00,10.6,1019.8,6457,21,46,3.3,69,Chuva
MET2023-0105,SBFL,2023-07-01 12:00,11.5,1019.3,6457,21,36,3.3,52,Chuva
MET2023-0101,SBSV,2023-07-01 00:00,23.4,1020.7,10117,17,42,0.9,21,Chuva
MET2023-0102,SBSV,2023-07-01 03:00,22.4,1021.2,10117,17,31,0.9,44,Chuva
MET2023-0103,SBSV,2023-07-01 06:00,21.4,1021.7,10117,17,31,0.9,40,Chuva
MET2023-0104,SBSV,2023-07-01 09:00,22.4,1021.2,10117,17,38,0.9,46,Chuva
MET2023-0105,SBSV,2023-07-01 12:00,23.4,1020.7,10117,17,37,0.9,18,Chuva
MET2023-0101,SBCG,2023-07-01 00:00,19.1,1014.2,9267,20,30,2.2,61,Chuva
MET2023-0102,SBCG,2023-07-01 03:00,18.1,1014.7,9267,20,37,2.2,59,Chuva
MET2023-0103,SBCG,2023-07-01 06:00,17.1,1015.2,9267,20,32,2.2,40,Chuva
MET2023-0104,SBCG,2023-07-01 09:00,18.1,1014.7,9267,20,40,2.2,58,Chuva
MET2023-0105,SBCG,2023-07-01 12:00,19.1,1014.2,9267,20,32,2.2,51,Chuva
MET2023-0201,SBGR,2023-07-02 00:00,16.0,1015.1,8807,13,31,2.5,70,Chuva
MET2023-0202,SBGR,2023-07-02 03:00,15.0,1015.5,8807,13,26,2.5,60,Chuva
MET2023-0203,SBGR,2023-07-02 06:00,14.0,1016.0,8807,13,28,2.5,65,Chuva
MET2023-0204,SBGR,2023-07-02 09:00,15.0,1015.5,8807,13,28,2.5,62,Chuva
MET2023-0205,SBGR,2023-07-02 12:00,16.0,1015.1,8807,13,36,2.5,60,Chuva
MET2023-0201,SBGL,2023-07-02 00:00,20.0,1017.7,9432,21,41,2.2,41,Chuva
MET2023-0202,SBGL,2023-07-02 03:00,19.0,1018.1,9432,21,40,2.2,60,Chuva
MET2023-0203,SBGL,2023-07-02 06:00,18.1,1018.6,9432,21,34,2.2,44,Chuva
MET2023-0204,SBGL,2023-07-02 09:00,19.0,1018.1,9432,21,35,2.2,61,Chuva
MET2023-0205,SBGL,2023-07-02 12:00,20.0,1017.7,9432,21,43,2.2,66,Chuva
MET2023-0201,SBBR,2023-07-02 00:00,22.2,1017.6,11631,8,32,0.2,14,Ceu aberto
MET2023-0202,SBBR,2023-07-02 03:00,21.2,1018.1,11631,8,23,0.2,25,Ceu aberto
MET2023-0203,SBBR,2023-07-02 06:00,20.3,1018.6,11631,8,29,0.2,30,Ceu aberto
MET2023-0204,SBBR,2023-07-02 09:00,21.2,1018.1,11631,8,25,0.2,19,Ceu aberto
MET2023-0205,SBBR,2023-07-02 12:00,22.2,1017.6,11631,8,20,0.2,49,Ceu aberto
MET2023-0201,SBCF,2023-07-02 00:00,16.6,1017.1,9155,14,38,1.7,53,Chuva
MET2023-0202,SBCF,2023-07-02 03:00,15.7,1017.6,9155,14,38,1.7,41,Chuva
MET2023-0203,SBCF,2023-07-02 06:00,14.7,1018.1,9155,14,29,1.7,53,Chuva
MET2023-0204,SBCF,2023-07-02 09:00,15.7,1017.6,9155,14,36,1.7,36,Chuva
MET2023-0205,SBCF,2023-07-02 12:00,16.6,1017.1,9155,14,32,1.7,40,Chuva
MET2023-0201,SBPA,2023-07-02 00:00,13.6,1018.4,4740,26,50,4.2,71,Chuva
MET2023-0202,SBPA,2023-07-02 03:00,12.6,1018.8,4740,26,48,4.2,94,Chuva
MET2023-0203,SBPA,2023-07-02 06:00,11.7,1019.3,4740,26,42,4.2,93,Chuva
MET2023-0204,SBPA,2023-07-02 09:00,12.6,1018.8,4740,26,41,4.2,88,Chuva
MET2023-0205,SBPA,2023-07-02 12:00,13.6,1018.4,4740,26,49,4.2,88,Chuva
MET2023-0201,SBCT,2023-07-02 00:00,12.4,1018.9,6531,25,47,4.3,93,Chuva
MET2023-0202,SBCT,2023-07-02 03:00,11.5,1019.4,6531,25,48,4.3,72,Chuva
MET2023-0203,SBCT,2023-07-02 06:00,10.5,1019.9,6531,25,36,4.3,68,Chuva
MET2023-0204,SBCT,2023-07-02 09:00,11.5,1019.4,6531,25,44,4.3,83,Chuva
MET2023-0205,SBCT,2023-07-02 12:00,12.4,1018.9,6531,25,43,4.3,78,Chuva
MET2023-0201,SBRF,2023-07-02 00:00,25.8,1007.3,11215,20,41,0.4,15,Ceu aberto
MET2023-0202,SBRF,2023-07-02 03:00,24.8,1007.8,11215,20,33,0.4,18,Ceu aberto
MET2023-0203,SBRF,2023-07-02 06:00,23.9,1008.2,11215,20,30,0.4,28,Ceu aberto
MET2023-0204,SBRF,2023-07-02 09:00,24.8,1007.8,11215,20,38,0.4,47,Ceu aberto
MET2023-0205,SBRF,2023-07-02 12:00,25.8,1007.3,11215,20,40,0.4,32,Ceu aberto
MET2023-0201,SBFL,2023-07-02 00:00,15.2,1017.7,8044,20,31,3.1,50,Chuva
MET2023-0202,SBFL,2023-07-02 03:00,14.3,1018.2,8044,20,30,3.1,59,Chuva
MET2023-0203,SBFL,2023-07-02 06:00,13.3,1018.7,8044,20,32,3.1,83,Chuva
MET2023-0204,SBFL,2023-07-02 09:00,14.3,1018.2,8044,20,32,3.1,70,Chuva
MET2023-0205,SBFL,2023-07-02 12:00,15.2,1017.7,8044,20,41,3.1,50,Chuva
MET2023-0201,SBSV,2023-07-02 00:00,20.9,1017.3,12963,18,33,0.2,18,Ceu aberto
MET2023-0202,SBSV,2023-07-02 03:00,20.0,1017.8,12963,18,39,0.2,27,Ceu aberto
MET2023-0203,SBSV,2023-07-02 06:00,19.0,1018.2,12963,18,35,0.2,30,Ceu aberto
MET2023-0204,SBSV,2023-07-02 09:00,20.0,1017.8,12963,18,29,0.2,-9,Ceu aberto
MET2023-0205,SBSV,2023-07-02 12:00,20.9,1017.3,12963,18,31,0.2,12,Ceu aberto
MET2023-0201,SBCG,2023-07-02 00:00,17.0,1011.1,11945,19,39,1.4,35,Chuva
MET2023-0202,SBCG,2023-07-02 03:00,16.0,1011.6,11945,19,37,1.4,44,Chuva
MET2023-0203,SBCG,2023-07-02 06:00,15.1,1012.1,11945,19,32,1.4,49,Chuva
MET2023-0204,SBCG,2023-07-02 09:00,16.0,1011.6,11945,19,30,1.4,38,Chuva
MET2023-0205,SBCG,2023-07-02 12:00,17.0,1011.1,11945,19,38,1.4,41,Chuva
MET2023-0301,SBGR,2023-07-03 00:00,17.0,1017.5,8675,15,39,3.6,55,Chuva
MET2023-0302,SBGR,2023-07-03 03:00,16.1,1018.0,8675,15,31,3.6,77,Chuva
MET2023-0303,SBGR,2023-07-03 06:00,15.1,1018.4,8675,15,26,3.6,68,Chuva
MET2023-0304,SBGR,2023-07-03 09:00,16.1,1018.0,8675,15,30,3.6,68,Chuva
MET2023-0305,SBGR,2023-07-03 12:00,17.0,1017.5,8675,15,27,3.6,83,Chuva
MET2023-0301,SBGL,2023-07-03 00:00,20.1,1018.3,9762,19,32,2.0,58,Chuva
MET2023-0302,SBGL,2023-07-03 03:00,19.2,1018.8,9762,19,41,2.0,32,Chuva
MET2023-0303,SBGL,2023-07-03 06:00,18.3,1019.2,9762,19,41,2.0,37,Chuva
MET2023-0304,SBGL,2023-07-03 09:00,19.2,1018.8,9762,19,34,2.0,65,Chuva
MET2023-0305,SBGL,2023-07-03 12:00,20.1,1018.3,9762,19,41,2.0,45,Chuva
MET2023-0301,SBBR,2023-07-03 00:00,22.5,1011.8,12038,10,34,0.8,30,Chuva
MET2023-0302,SBBR,2023-07-03 03:00,21.6,1012.3,12038,10,29,0.8,23,Chuva
MET2023-0303,SBBR,2023-07-03 06:00,20.7,1012.7,12038,10,25,0.8,52,Chuva
MET2023-0304,SBBR,2023-07-03 09:00,21.6,1012.3,12038,10,25,0.8,43,Chuva
MET2023-0305,SBBR,2023-07-03 12:00,22.5,1011.8,12038,10,32,0.8,39,Chuva
MET2023-0301,SBCF,2023-07-03 00:00,16.7,1014.1,6990,19,31,1.8,54,Chuva
MET2023-0302,SBCF,2023-07-03 03:00,15.8,1014.6,6990,19,32,1.8,52,Chuva
MET2023-0303,SBCF,2023-07-03 06:00,14.8,1015.1,6990,19,31,1.8,60,Chuva
MET2023-0304,SBCF,2023-07-03 09:00,15.8,1014.6,6990,19,31,1.8,42,Chuva
MET2023-0305,SBCF,2023-07-03 12:00,16.7,1014.1,6990,19,42,1.8,48,Chuva
MET2023-0301,SBPA,2023-07-03 00:00,12.4,1018.5,4239,22,43,4.1,79,Chuva
MET2023-0302,SBPA,2023-07-03 03:00,11.4,1019.0,4239,22,40,4.1,90,Chuva
MET2023-0303,SBPA,2023-07-03 06:00,10.5,1019.4,4239,22,33,4.1,80,Chuva
MET2023-0304,SBPA,2023-07-03 09:00,11.4,1019.0,4239,22,39,4.1,81,Chuva
MET2023-0305,SBPA,2023-07-03 12:00,12.4,1018.5,4239,22,32,4.1,79,Chuva
MET2023-0301,SBCT,2023-07-03 00:00,14.1,1017.8,6485,23,46,3.1,58,Chuva
MET2023-0302,SBCT,2023-07-03 03:00,13.1,1018.3,6485,23,36,3.1,67,Chuva
MET2023-0303,SBCT,2023-07-03 06:00,12.2,1018.7,6485,23,48,3.1,76,Chuva
MET2023-0304,SBCT,2023-07-03 09:00,13.1,1018.3,6485,23,34,3.1,71,Chuva
MET2023-0305,SBCT,2023-07-03 12:00,14.1,1017.8,6485,23,41,3.1,67,Chuva
MET2023-0301,SBRF,2023-07-03 00:00,26.5,1014.6,13495,15,26,0.8,34,Chuva
MET2023-0302,SBRF,2023-07-03 03:00,25.5,1015.1,13495,15,29,0.8,54,Chuva
MET2023-0303,SBRF,2023-07-03 06:00,24.6,1015.6,13495,15,29,0.8,24,Chuva
MET2023-0304,SBRF,2023-07-03 09:00,25.5,1015.1,13495,15,28,0.8,11,Chuva
MET2023-0305,SBRF,2023-07-03 12:00,26.5,1014.6,13495,15,34,0.8,27,Chuva
MET2023-0301,SBFL,2023-07-03 00:00,12.1,1019.0,6894,26,43,4.0,94,Chuva
MET2023-0302,SBFL,2023-07-03 03:00,11.2,1019.5,6894,26,50,4.0,78,Chuva
MET2023-0303,SBFL,2023-07-03 06:00,10.2,1020.0,6894,26,49,4.0,76,Chuva
MET2023-0304,SBFL,2023-07-03 09:00,11.2,1019.5,6894,26,51,4.0,82,Chuva
MET2023-0305,SBFL,2023-07-03 12:00,12.1,1019.0,6894,26,42,4.0,68,Chuva
MET2023-0301,SBSV,2023-07-03 00:00,22.3,1017.6,8580,15,36,1.0,35,Chuva
MET2023-0302,SBSV,2023-07-03 03:00,21.3,1018.0,8580,15,39,1.0,30,Chuva
MET2023-0303,SBSV,2023-07-03 06:00,20.4,1018.5,8580,15,32,1.0,41,Chuva
MET2023-0304,SBSV,2023-07-03 09:00,21.3,1018.0,8580,15,27,1.0,36,Chuva
MET2023-0305,SBSV,2023-07-03 12:00,22.3,1017.6,8580,15,28,1.0,40,Chuva
MET2023-0301,SBCG,2023-07-03 00:00,21.2,1017.5,9340,15,37,1.7,65,Chuva
MET2023-0302,SBCG,2023-07-03 03:00,20.3,1018.0,9340,15,33,1.7,46,Chuva
MET2023-0303,SBCG,2023-07-03 06:00,19.4,1018.4,9340,15,33,1.7,56,Chuva
MET2023-0304,SBCG,2023-07-03 09:00,20.3,1018.0,9340,15,38,1.7,34,Chuva
MET2023-0305,SBCG,2023-07-03 12:00,21.2,1017.5,9340,15,25,1.7,42,Chuva
MET2023-0401,SBGR,2023-07-04 00:00,17.5,1019.3,6431,20,36,3.3,51,Chuva
MET2023-0402,SBGR,2023-07-04 03:00,16.6,1019.8,6431,20,37,3.3,66,Chuva
MET2023-0403,SBGR,2023-07-04 06:00,15.7,1020.3,6431,20,38,3.3,75,Chuva
MET2023-0404,SBGR,2023-07-04 09:00,16.6,1019.8,6431,20,42,3.3,85,Chuva
MET2023-0405,SBGR,2023-07-04 12:00,17.5,1019.3,6431,20,43,3.3,55,Chuva
MET2023-0401,SBGL,2023-07-04 00:00,18.4,1017.2,8759,13,28,2.4,60,Chuva
MET2023-0402,SBGL,2023-07-04 03:00,17.5,1017.7,8759,13,33,2.4,55,Chuva
MET2023-0403,SBGL,2023-07-04 06:00,16.6,1018.1,8759,13,25,2.4,55,Chuva
MET2023-0404,SBGL,2023-07-04 09:00,17.5,1017.7,8759,13,25,2.4,45,Chuva
MET2023-0405,SBGL,2023-07-04 12:00,18.4,1017.2,8759,13,29,2.4,61,Chuva
MET2023-0401,SBBR,2023-07-04 00:00,20.2,1015.8,10681,12,24,0.4,18,Ceu aberto
MET2023-0402,SBBR,2023-07-04 03:00,19.2,1016.2,10681,12,23,0.4,25,Ceu aberto
MET2023-0403,SBBR,2023-07-04 06:00,18.3,1016.7,10681,12,25,0.4,15,Ceu aberto
MET2023-0404,SBBR,2023-07-04 09:00,19.2,1016.2,10681,12,27,0.4,45,Ceu aberto
MET2023-0405,SBBR,2023-07-04 12:00,20.2,1015.8,10681,12,22,0.4,26,Ceu aberto
MET2023-0401,SBCF,2023-07-04 00:00,18.3,1017.0,10011,12,25,1.7,50,Chuva
MET2023-0402,SBCF,2023-07-04 03:00,17.3,1017.4,10011,12,28,1.7,68,Chuva
MET2023-0403,SBCF,2023-07-04 06:00,16.4,1017.9,10011,12,28,1.7,42,Chuva
MET2023-0404,SBCF,2023-07-04 09:00,17.3,1017.4,10011,12,29,1.7,53,Chuva
MET2023-0405,SBCF,2023-07-04 12:00,18.3,1017.0,10011,12,35,1.7,35,Chuva
MET2023-0401,SBPA,2023-07-04 00:00,17.5,1018.6,5699,23,37,4.0,81,Chuva
MET2023-0402,SBPA,2023-07-04 03:00,16.6,1019.1,5699,23,38,4.0,73,Chuva
MET2023-0403,SBPA,2023-07-04 06:00,15.7,1019.5,5699,23,34,4.0,68,Chuva
MET2023-0404,SBPA,2023-07-04 09:00,16.6,1019.1,5699,23,46,4.0,96,Chuva
MET2023-0405,SBPA,2023-07-04 12:00,17.5,1018.6,5699,23,44,4.0,88,Chuva
MET2023-0401,SBCT,2023-07-04 00:00,10.7,1017.2,7780,27,39,3.9,93,Chuva
MET2023-0402,SBCT,2023-07-04 03:00,9.7,1017.6,7780,27,42,3.9,91,Chuva
MET2023-0403,SBCT,2023-07-04 06:00,8.8,1018.1,7780,27,46,3.9,64,Chuva
MET2023-0404,SBCT,2023-07-04 09:00,9.7,1017.6,7780,27,43,3.9,78,Chuva
MET2023-0405,SBCT,2023-07-04 12:00,10.7,1017.2,7780,27,41,3.9,79,Chuva
MET2023-0401,SBRF,2023-07-04 00:00,23.0,1012.1,11061,14,30,0.4,18,Ceu aberto
MET2023-0402,SBRF,2023-07-04 03:00,22.0,1012.5,11061,14,39,0.4,24,Ceu aberto
MET2023-0403,SBRF,2023-07-04 06:00,21.1,1013.0,11061,14,38,0.4,17,Ceu aberto
MET2023-0404,SBRF,2023-07-04 09:00,22.0,1012.5,11061,14,37,0.4,20,Ceu aberto
MET2023-0405,SBRF,2023-07-04 12:00,23.0,1012.1,11061,14,26,0.4,34,Ceu aberto
MET2023-0401,SBFL,2023-07-04 00:00,15.5,1016.9,8118,29,42,4.3,76,Chuva
MET2023-0402,SBFL,2023-07-04 03:00,14.6,1017.3,8118,29,44,4.3,87,Chuva
MET2023-0403,SBFL,2023-07-04 06:00,13.7,1017.8,8118,29,43,4.3,56,Chuva
MET2023-0404,SBFL,2023-07-04 09:00,14.6,1017.3,8118,29,41,4.3,68,Chuva
MET2023-0405,SBFL,2023-07-04 12:00,15.5,1016.9,8118,29,48,4.3,92,Chuva
MET2023-0401,SBSV,2023-07-04 00:00,22.0,1010.4,9820,16,27,0.7,26,Chuva
MET2023-0402,SBSV,2023-07-04 03:00,21.1,1010.8,9820,16,41,0.7,39,Chuva
MET2023-0403,SBSV,2023-07-04 06:00,20.2,1011.3,9820,16,30,0.7,24,Chuva
MET2023-0404,SBSV,2023-07-04 09:00,21.1,1010.8,9820,16,36,0.7,35,Chuva
MET2023-0405,SBSV,2023-07-04 12:00,22.0,1010.4,9820,16,33,0.7,44,Chuva
MET2023-0401,SBCG,2023-07-04 00:00,16.7,1012.1,10166,17,39,1.9,63,Chuva
MET2023-0402,SBCG,2023-07-04 03:00,15.8,1012.5,10166,17,29,1.9,42,Chuva
MET2023-0403,SBCG,2023-07-04 06:00,14.8,1013.0,10166,17,29,1.9,54,Chuva
MET2023-0404,SBCG,2023-07-04 09:00,15.8,1012.5,10166,17,29,1.9,53,Chuva
MET2023-0405,SBCG,2023-07-04 12:00,16.7,1012.1,10166,17,34,1.9,58,Chuva
MET2023-0501,SBGR,2023-07-05 00:00,17.7,1014.2,9737,14,31,1.8,37,Chuva
MET2023-0502,SBGR,2023-07-05 03:00,16.8,1014.6,9737,14,28,1.8,47,Chuva
MET2023-0503,SBGR,2023-07-05 06:00,15.9,1015.1,9737,14,27,1.8,64,Chuva
MET2023-0504,SBGR,2023-07-05 09:00,16.8,1014.6,9737,14,37,1.8,55,Chuva
MET2023-0505,SBGR,2023-07-05 12:00,17.7,1014.2,9737,14,38,1.8,25,Chuva
MET2023-0501,SBGL,2023-07-05 00:00,16.9,1016.4,9464,19,41,2.1,47,Chuva
MET2023-0502,SBGL,2023-07-05 03:00,16.0,1016.9,9464,19,39,2.1,61,Chuva
MET2023-0503,SBGL,2023-07-05 06:00,15.1,1017.3,9464,19,41,2.1,52,Chuva
MET2023-0504,SBGL,2023-07-05 09:00,16.0,1016.9,9464,19,32,2.1,40,Chuva
MET2023-0505,SBGL,2023-07-05 12:00,16.9,1016.4,9464,19,41,2.1,43,Chuva
MET2023-0501,SBBR,2023-07-05 00:00,20.1,1011.5,11494,13,25,1.2,33,Chuva
MET2023-0502,SBBR,2023-07-05 03:00,19.2,1012.0,11494,13,36,1.2,35,Chuva
MET2023-0503,SBBR,2023-07-05 06:00,18.3,1012.4,11494,13,35,1.2,28,Chuva
MET2023-0504,SBBR,2023-07-05 09:00,19.2,1012.0,11494,13,25,1.2,46,Chuva
MET2023-0505,SBBR,2023-07-05 12:00,20.1,1011.5,11494,13,34,1.2,29,Chuva
MET2023-0501,SBCF,2023-07-05 00:00,19.4,1015.8,7581,15,38,1.6,38,Chuva
MET2023-0502,SBCF,2023-07-05 03:00,18.5,1016.3,7581,15,33,1.6,35,Chuva
MET2023-0503,SBCF,2023-07-05 06:00,17.6,1016.7,7581,15,39,1.6,20,Chuva
MET2023-0504,SBCF,2023-07-05 09:00,18.5,1016.3,7581,15,27,1.6,45,Chuva
MET2023-0505,SBCF,2023-07-05 12:00,19.4,1015.8,7581,15,34,1.6,70,Chuva
MET2023-0501,SBPA,2023-07-05 00:00,12.9,1019.7,5809,27,46,4.6,93,Chuva
MET2023-0502,SBPA,2023-07-05 03:00,12.0,1020.2,5809,27,46,4.6,100,Chuva
MET2023-0503,SBPA,2023-07-05 06:00,11.1,1020.6,5809,27,51,4.6,83,Chuva
MET2023-0504,SBPA,2023-07-05 09:00,12.0,1020.2,5809,27,51,4.6,78,Chuva
MET2023-0505,SBPA,2023-07-05 12:00,12.9,1019.7,5809,27,52,4.6,87,Chuva
MET2023-0501,SBCT,2023-07-05 00:00,15.6,1016.3,4065,26,36,4.8,86,Chuva
MET2023-0502,SBCT,2023-07-05 03:00,14.7,1016.7,4065,26,41,4.8,100,Chuva
MET2023-0503,SBCT,2023-07-05 06:00,13.8,1017.2,4065,26,50,4.8,68,Chuva
MET2023-0504,SBCT,2023-07-05 09:00,14.7,1016.7,4065,26,41,4.8,100,Chuva
MET2023-0505,SBCT,2023-07-05 12:00,15.6,1016.3,4065,26,42,4.8,83,Chuva
MET2023-0501,SBRF,2023-07-05 00:00,23.3,1008.9,11754,15,38,0.0,19,Ceu aberto
MET2023-0502,SBRF,2023-07-05 03:00,22.4,1009.3,11754,15,30,0.0,38,Ceu aberto
MET2023-0503,SBRF,2023-07-05 06:00,21.5,1009.8,11754,15,25,0.0,31,Ceu aberto
MET2023-0504,SBRF,2023-07-05 09:00,22.4,1009.3,11754,15,35,0.0,17,Ceu aberto
MET2023-0505,SBRF,2023-07-05 12:00,23.3,1008.9,11754,15,26,0.0,8,Ceu aberto
MET2023-0501,SBFL,2023-07-05 00:00,14.6,1017.2,5944,23,47,3.6,80,Chuva
MET2023-0502,SBFL,2023-07-05 03:00,13.7,1017.6,5944,23,36,3.6,99,Chuva
MET2023-0503,SBFL,2023-07-05 06:00,12.7,1018.1,5944,23,34,3.6,62,Chuva
MET2023-0504,SBFL,2023-07-05 09:00,13.7,1017.6,5944,23,45,3.6,87,Chuva
MET2023-0505,SBFL,2023-07-05 12:00,14.6,1017.2,5944,23,40,3.6,47,Chuva
MET2023-0501,SBSV,2023-07-05 00:00,23.7,1006.9,10308,14,34,0.4,18,Ceu aberto
MET2023-0502,SBSV,2023-07-05 03:00,22.8,1007.4,10308,14,30,0.4,35,Ceu aberto
MET2023-0503,SBSV,2023-07-05 06:00,21.9,1007.8,10308,14,25,0.4,39,Ceu aberto
MET2023-0504,SBSV,2023-07-05 09:00,22.8,1007.4,10308,14,28,0.4,33,Ceu aberto
MET2023-0505,SBSV,2023-07-05 12:00,23.7,1006.9,10308,14,25,0.4,15,Ceu aberto
MET2023-0501,SBCG,2023-07-05 00:00,19.3,1013.5,10773,12,26,1.5,40,Chuva
MET2023-0502,SBCG,2023-07-05 03:00,18.4,1013.9,10773,12,33,1.5,45,Chuva
MET2023-0503,SBCG,2023-07-05 06:00,17.4,1014.4,10773,12,28,1.5,45,Chuva
MET2023-0504,SBCG,2023-07-05 09:00,18.4,1013.9,10773,12,32,1.5,36,Chuva
MET2023-0505,SBCG,2023-07-05 12:00,19.3,1013.5,10773,12,36,1.5,33,Chuva
MET2023-0601,SBGR,2023-07-06 00:00,16.7,1011.9,8782,16,30,2.7,70,Chuva
MET2023-0602,SBGR,2023-07-06 03:00,15.8,1012.3,8782,16,32,2.7,44,Chuva
MET2023-0603,SBGR,2023-07-06 06:00,14.9,1012.8,8782,16,36,2.7,66,Chuva
MET2023-0604,SBGR,2023-07-06 09:00,15.8,1012.3,8782,16,32,2.7,39,Chuva
MET2023-0605,SBGR,2023-07-06 12:00,16.7,1011.9,8782,16,31,2.7,77,Chuva
MET2023-0601,SBGL,2023-07-06 00:00,19.5,1014.1,7687,25,39,3.7,82,Chuva
MET2023-0602,SBGL,2023-07-06 03:00,18.6,1014.6,7687,25,37,3.7,62,Chuva
MET2023-0603,SBGL,2023-07-06 06:00,17.7,1015.0,7687,25,39,3.7,76,Chuva
MET2023-0604,SBGL,2023-07-06 09:00,18.6,1014.6,7687,25,35,3.7,59,Chuva
MET2023-0605,SBGL,2023-07-06 12:00,19.5,1014.1,7687,25,43,3.7,81,Chuva
MET2023-0601,SBBR,2023-07-06 00:00,21.4,1013.7,11002,16,28,1.6,53,Chuva
MET2023-0602,SBBR,2023-07-06 03:00,20.5,1014.2,11002,16,39,1.6,25,Chuva
MET2023-0603,SBBR,2023-07-06 06:00,19.6,1014.6,11002,16,33,1.6,30,Chuva
MET2023-0604,SBBR,2023-07-06 09:00,20.5,1014.2,11002,16,26,1.6,48,Chuva
MET2023-0605,SBBR,2023-07-06 12:00,21.4,1013.7,11002,16,27,1.6,36,Chuva
MET2023-0601,SBCF,2023-07-06 00:00,15.0,1016.7,6676,14,28,2.9,54,Chuva
MET2023-0602,SBCF,2023-07-06 03:00,14.1,1017.2,6676,14,32,2.9,83,Chuva
MET2023-0603,SBCF,2023-07-06 06:00,13.2,1017.6,6676,14,38,2.9,60,Chuva
MET2023-0604,SBCF,2023-07-06 09:00,14.1,1017.2,6676,14,35,2.9,69,Chuva
MET2023-0605,SBCF,2023-07-06 12:00,15.0,1016.7,6676,14,25,2.9,47,Chuva
MET2023-0601,SBPA,2023-07-06 00:00,16.5,1015.5,4000,26,46,5.1,100,Chuva intensa
MET2023-0602,SBPA,2023-07-06 03:00,15.6,1015.9,4000,26,42,5.1,100,Chuva intensa
MET2023-0603,SBPA,2023-07-06 06:00,14.7,1016.4,4000,26,48,5.1,91,Chuva intensa
MET2023-0604,SBPA,2023-07-06 09:00,15.6,1015.9,4000,26,46,5.1,100,Chuva intensa
MET2023-0605,SBPA,2023-07-06 12:00,16.5,1015.5,4000,26,41,5.1,81,Chuva intensa
MET2023-0601,SBCT,2023-07-06 00:00,9.8,1016.9,5712,26,46,4.8,98,Chuva
MET2023-0602,SBCT,2023-07-06 03:00,8.9,1017.4,5712,26,47,4.8,87,Chuva
MET2023-0603,SBCT,2023-07-06 06:00,8.0,1017.8,5712,26,44,4.8,98,Chuva
MET2023-0604,SBCT,2023-07-06 09:00,8.9,1017.4,5712,26,40,4.8,100,Chuva
MET2023-0605,SBCT,2023-07-06 12:00,9.8,1016.9,5712,26,37,4.8,93,Chuva
MET2023-0601,SBRF,2023-07-06 00:00,21.9,1017.2,11596,18,33,0.5,27,Ceu aberto
MET2023-0602,SBRF,2023-07-06 03:00,21.0,1017.7,11596,18,41,0.5,27,Ceu aberto
MET2023-0603,SBRF,2023-07-06 06:00,20.1,1018.1,11596,18,32,0.5,22,Ceu aberto
MET2023-0604,SBRF,2023-07-06 09:00,21.0,1017.7,11596,18,30,0.5,29,Ceu aberto
MET2023-0605,SBRF,2023-07-06 12:00,21.9,1017.2,11596,18,34,0.5,22,Ceu aberto
MET2023-0601,SBFL,2023-07-06 00:00,14.1,1017.4,6882,17,37,3.8,87,Chuva
MET2023-0602,SBFL,2023-07-06 03:00,13.2,1017.8,6882,17,41,3.8,63,Chuva
MET2023-0603,SBFL,2023-07-06 06:00,12.3,1018.3,6882,17,28,3.8,82,Chuva
MET2023-0604,SBFL,2023-07-06 09:00,13.2,1017.8,6882,17,40,3.8,83,Chuva
MET2023-0605,SBFL,2023-07-06 12:00,14.1,1017.4,6882,17,39,3.8,77,Chuva
MET2023-0601,SBSV,2023-07-06 00:00,20.9,1018.8,12537,15,32,1.0,48,Chuva
MET2023-0602,SBSV,2023-07-06 03:00,20.0,1019.2,12537,15,36,1.0,30,Chuva
MET2023-0603,SBSV,2023-07-06 06:00,19.1,1019.7,12537,15,31,1.0,31,Chuva
MET2023-0604,SBSV,2023-07-06 09:00,20.0,1019.2,12537,15,30,1.0,24,Chuva
MET2023-0605,SBSV,2023-07-06 12:00,20.9,1018.8,12537,15,26,1.0,26,Chuva
MET2023-0601,SBCG,2023-07-06 00:00,16.1,1011.8,9085,18,41,1.7,36,Chuva
MET2023-0602,SBCG,2023-07-06 03:00,15.2,1012.3,9085,18,42,1.7,68,Chuva
MET2023-0603,SBCG,2023-07-06 06:00,14.3,1012.7,9085,18,30,1.7,38,Chuva
MET2023-0604,SBCG,2023-07-06 09:00,15.2,1012.3,9085,18,43,1.7,56,Chuva
MET2023-0605,SBCG,2023-07-06 12:00,16.1,1011.8,9085,18,36,1.7,61,Chuva
MET2023-0701,SBGR,2023-07-07 00:00,15.2,1014.8,7241,15,26,2.7,71,Chuva
MET2023-0702,SBGR,2023-07-07 03:00,14.3,1015.2,7241,15,40,2.7,74,Chuva
MET2023-0703,SBGR,2023-07-07 06:00,13.4,1015.7,7241,15,36,2.7,54,Chuva
MET2023-0704,SBGR,2023-07-07 09:00,14.3,1015.2,7241,15,27,2.7,54,Chuva
MET2023-0705,SBGR,2023-07-07 12:00,15.2,1014.8,7241,15,29,2.7,66,Chuva
MET2023-0701,SBGL,2023-07-07 00:00,21.5,1016.0,8153,19,31,2.5,63,Chuva
MET2023-0702,SBGL,2023-07-07 03:00,20.6,1016.5,8153,19,42,2.5,63,Chuva
MET2023-0703,SBGL,2023-07-07 06:00,19.7,1016.9,8153,19,37,2.5,68,Chuva
MET2023-0704,SBGL,2023-07-07 09:00,20.6,1016.5,8153,19,30,2.5,40,Chuva
MET2023-0705,SBGL,2023-07-07 12:00,21.5,1016.0,8153,19,33,2.5,45,Chuva
MET2023-0701,SBBR,2023-07-07 00:00,19.8,1018.5,10891,12,29,0.7,42,Chuva
MET2023-0702,SBBR,2023-07-07 03:00,18.9,1019.0,10891,12,31,0.7,26,Chuva
MET2023-0703,SBBR,2023-07-07 06:00,18.0,1019.4,10891,12,32,0.7,41,Chuva
MET2023-0704,SBBR,2023-07-07 09:00,18.9,1019.0,10891,12,30,0.7,36,Chuva
MET2023-0705,SBBR,2023-07-07 12:00,19.8,1018.5,10891,12,34,0.7,27,Chuva
MET2023-0701,SBCF,2023-07-07 00:00,18.5,1014.5,8911,18,38,2.5,65,Chuva
MET2023-0702,SBCF,2023-07-07 03:00,17.6,1015.0,8911,18,37,2.5,50,Chuva
MET2023-0703,SBCF,2023-07-07 06:00,16.7,1015.4,8911,18,41,2.5,62,Chuva
MET2023-0704,SBCF,2023-07-07 09:00,17.6,1015.0,8911,18,41,2.5,53,Chuva
MET2023-0705,SBCF,2023-07-07 12:00,18.5,1014.5,8911,18,39,2.5,49,Chuva
MET2023-0701,SBPA,2023-07-07 00:00,13.2,1016.2,4000,32,51,5.3,100,Chuva intensa
MET2023-0702,SBPA,2023-07-07 03:00,12.3,1016.7,4000,32,46,5.3,100,Chuva intensa
MET2023-0703,SBPA,2023-07-07 06:00,11.4,1017.1,4000,32,54,5.3,100,Chuva intensa
MET2023-0704,SBPA,2023-07-07 09:00,12.3,1016.7,4000,32,44,5.3,100,Chuva intensa
MET2023-0705,SBPA,2023-07-07 12:00,13.2,1016.2,4000,32,56,5.3,100,Chuva intensa
MET2023-0701,SBCT,2023-07-07 00:00,13.5,1011.4,5163,27,47,4.4,81,Chuva
MET2023-0702,SBCT,2023-07-07 03:00,12.6,1011.9,5163,27,38,4.4,67,Chuva
MET2023-0703,SBCT,2023-07-07 06:00,11.7,1012.3,5163,27,46,4.4,95,Chuva
MET2023-0704,SBCT,2023-07-07 09:00,12.6,1011.9,5163,27,37,4.4,89,Chuva
MET2023-0705,SBCT,2023-07-07 12:00,13.5,1011.4,5163,27,37,4.4,80,Chuva
MET2023-0701,SBRF,2023-07-07 00:00,25.8,1011.9,11444,21,34,0.0,-1,Ceu aberto
MET2023-0702,SBRF,2023-07-07 03:00,24.9,1012.4,11444,21,43,0.0,9,Ceu aberto
MET2023-0703,SBRF,2023-07-07 06:00,24.0,1012.8,11444,21,32,0.0,27,Ceu aberto
MET2023-0704,SBRF,2023-07-07 09:00,24.9,1012.4,11444,21,41,0.0,7,Ceu aberto
MET2023-0705,SBRF,2023-07-07 12:00,25.8,1011.9,11444,21,45,0.0,28,Ceu aberto
MET2023-0701,SBFL,2023-07-07 00:00,14.1,1013.5,6529,25,39,3.6,90,Chuva
MET2023-0702,SBFL,2023-07-07 03:00,13.2,1014.0,6529,25,49,3.6,82,Chuva
MET2023-0703,SBFL,2023-07-07 06:00,12.3,1014.4,6529,25,38,3.6,71,Chuva
MET2023-0704,SBFL,2023-07-07 09:00,13.2,1014.0,6529,25,38,3.6,74,Chuva
MET2023-0705,SBFL,2023-07-07 12:00,14.1,1013.5,6529,25,40,3.6,71,Chuva
MET2023-0701,SBSV,2023-07-07 00:00,21.5,1017.6,10158,19,40,1.5,46,Chuva
MET2023-0702,SBSV,2023-07-07 03:00,20.6,1018.1,10158,19,38,1.5,44,Chuva
MET2023-0703,SBSV,2023-07-07 06:00,19.7,1018.5,10158,19,41,1.5,49,Chuva
MET2023-0704,SBSV,2023-07-07 09:00,20.6,1018.1,10158,19,36,1.5,35,Chuva
MET2023-0705,SBSV,2023-07-07 12:00,21.5,1017.6,10158,19,32,1.5,60,Chuva
MET2023-0701,SBCG,2023-07-07 00:00,17.8,1014.6,8727,17,34,1.5,52,Chuva
MET2023-0702,SBCG,2023-07-07 03:00,16.9,1015.0,8727,17,27,1.5,40,Chuva
MET2023-0703,SBCG,2023-07-07 06:00,16.0,1015.5,8727,17,34,1.5,35,Chuva
MET2023-0704,SBCG,2023-07-07 09:00,16.9,1015.0,8727,17,36,1.5,52,Chuva
MET2023-0705,SBCG,2023-07-07 12:00,17.8,1014.6,8727,17,40,1.5,31,Chuva
MET2023-0801,SBGR,2023-07-08 00:00,14.8,1016.5,6996,16,34,3.8,85,Chuva
MET2023-0802,SBGR,2023-07-08 03:00,13.9,1016.9,6996,16,26,3.8,78,Chuva
MET2023-0803,SBGR,2023-07-08 06:00,13.0,1017.4,6996,16,27,3.8,55,Chuva
MET2023-0804,SBGR,2023-07-08 09:00,13.9,1016.9,6996,16,31,3.8,66,Chuva
MET2023-0805,SBGR,2023-07-08 12:00,14.8,1016.5,6996,16,34,3.8,73,Chuva
MET2023-0801,SBGL,2023-07-08 00:00,19.5,1016.1,8237,18,38,2.8,54,Chuva
MET2023-0802,SBGL,2023-07-08 03:00,18.6,1016.6,8237,18,28,2.8,80,Chuva
MET2023-0803,SBGL,2023-07-08 06:00,17.7,1017.0,8237,18,41,2.8,66,Chuva
MET2023-0804,SBGL,2023-07-08 09:00,18.6,1016.6,8237,18,39,2.8,56,Chuva
MET2023-0805,SBGL,2023-07-08 12:00,19.5,1016.1,8237,18,40,2.8,73,Chuva
MET2023-0801,SBBR,2023-07-08 00:00,21.8,1012.7,12781,11,22,1.6,46,Chuva
MET2023-0802,SBBR,2023-07-08 03:00,20.9,1013.1,12781,11,22,1.6,37,Chuva
MET2023-0803,SBBR,2023-07-08 06:00,20.0,1013.6,12781,11,34,1.6,39,Chuva
MET2023-0804,SBBR,2023-07-08 09:00,20.9,1013.1,12781,11,24,1.6,49,Chuva
MET2023-0805,SBBR,2023-07-08 12:00,21.8,1012.7,12781,11,31,1.6,38,Chuva
MET2023-0801,SBCF,2023-07-08 00:00,21.6,1011.4,8218,16,36,1.7,50,Chuva
MET2023-0802,SBCF,2023-07-08 03:00,20.7,1011.9,8218,16,27,1.7,56,Chuva
MET2023-0803,SBCF,2023-07-08 06:00,19.8,1012.3,8218,16,37,1.7,44,Chuva
MET2023-0804,SBCF,2023-07-08 09:00,20.7,1011.9,8218,16,37,1.7,26,Chuva
MET2023-0805,SBCF,2023-07-08 12:00,21.6,1011.4,8218,16,32,1.7,36,Chuva
MET2023-0801,SBPA,2023-07-08 00:00,13.0,1020.7,4000,28,51,5.8,100,Chuva intensa
MET2023-0802,SBPA,2023-07-08 03:00,12.1,1021.1,4000,28,44,5.8,100,Chuva intensa
MET2023-0803,SBPA,2023-07-08 06:00,11.2,1021.6,4000,28,51,5.8,91,Chuva intensa
MET2023-0804,SBPA,2023-07-08 09:00,12.1,1021.1,4000,28,41,5.8,100,Chuva intensa
MET2023-0805,SBPA,2023-07-08 12:00,13.0,1020.7,4000,28,49,5.8,100,Chuva intensa
MET2023-0801,SBCT,2023-07-08 00:00,12.3,1014.3,5885,23,46,3.7,74,Chuva
MET2023-0802,SBCT,2023-07-08 03:00,11.4,1014.7,5885,23,40,3.7,52,Chuva
MET2023-0803,SBCT,2023-07-08 06:00,10.5,1015.2,5885,23,42,3.7,77,Chuva
MET2023-0804,SBCT,2023-07-08 09:00,11.4,1014.7,5885,23,35,3.7,78,Chuva
MET2023-0805,SBCT,2023-07-08 12:00,12.3,1014.3,5885,23,37,3.7,74,Chuva
MET2023-0801,SBRF,2023-07-08 00:00,21.5,1017.7,11191,17,31,0.4,31,Ceu aberto
MET2023-0802,SBRF,2023-07-08 03:00,20.6,1018.2,11191,17,28,0.4,27,Ceu aberto
MET2023-0803,SBRF,2023-07-08 06:00,19.7,1018.6,11191,17,32,0.4,13,Ceu aberto
MET2023-0804,SBRF,2023-07-08 09:00,20.6,1018.2,11191,17,40,0.4,10,Ceu aberto
MET2023-0805,SBRF,2023-07-08 12:00,21.5,1017.7,11191,17,37,0.4,22,Ceu aberto
MET2023-0801,SBFL,2023-07-08 00:00,13.2,1019.0,6502,29,51,4.8,91,Chuva
MET2023-0802,SBFL,2023-07-08 03:00,12.3,1019.4,6502,29,48,4.8,89,Chuva
MET2023-0803,SBFL,2023-07-08 06:00,11.4,1019.9,6502,29,40,4.8,95,Chuva
MET2023-0804,SBFL,2023-07-08 09:00,12.3,1019.4,6502,29,43,4.8,92,Chuva
MET2023-0805,SBFL,2023-07-08 12:00,13.2,1019.0,6502,29,53,4.8,85,Chuva
MET2023-0801,SBSV,2023-07-08 00:00,22.7,1013.4,9752,12,29,1.7,48,Chuva
MET2023-0802,SBSV,2023-07-08 03:00,21.8,1013.8,9752,12,30,1.7,65,Chuva
MET2023-0803,SBSV,2023-07-08 06:00,20.9,1014.3,9752,12,24,1.7,43,Chuva
MET2023-0804,SBSV,2023-07-08 09:00,21.8,1013.8,9752,12,22,1.7,55,Chuva
MET2023-0805,SBSV,2023-07-08 12:00,22.7,1013.4,9752,12,25,1.7,34,Chuva
MET2023-0801,SBCG,2023-07-08 00:00,19.3,1011.9,10914,16,39,2.1,41,Chuva
MET2023-0802,SBCG,2023-07-08 03:00,18.4,1012.3,10914,16,40,2.1,50,Chuva
MET2023-0803,SBCG,2023-07-08 06:00,17.5,1012.8,10914,16,35,2.1,71,Chuva
MET2023-0804,SBCG,2023-07-08 09:00,18.4,1012.3,10914,16,39,2.1,46,Chuva
MET2023-0805,SBCG,2023-07-08 12:00,19.3,1011.9,10914,16,40,2.1,51,Chuva
MET2023-0901,SBGR,2023-07-09 00:00,18.0,1018.6,7610,16,27,3.8,65,Chuva
MET2023-0902,SBGR,2023-07-09 03:00,17.1,1019.0,7610,16,36,3.8,76,Chuva
MET2023-0903,SBGR,2023-07-09 06:00,16.2,1019.5,7610,16,39,3.8,80,Chuva
MET2023-0904,SBGR,2023-07-09 09:00,17.1,1019.0,7610,16,37,3.8,92,Chuva
MET2023-0905,SBGR,2023-07-09 12:00,18.0,1018.6,7610,16,39,3.8,81,Chuva
MET2023-0901,SBGL,2023-07-09 00:00,15.6,1013.4,9621,21,38,3.0,71,Chuva
MET2023-0902,SBGL,2023-07-09 03:00,14.7,1013.9,9621,21,44,3.0,66,Chuva
MET2023-0903,SBGL,2023-07-09 06:00,13.8,1014.3,9621,21,31,3.0,55,Chuva
MET2023-0904,SBGL,2023-07-09 09:00,14.7,1013.9,9621,21,36,3.0,52,Chuva
MET2023-0905,SBGL,2023-07-09 12:00,15.6,1013.4,9621,21,42,3.0,49,Chuva
MET2023-0901,SBBR,2023-07-09 00:00,18.4,1007.3,10110,9,28,1.6,53,Chuva
MET2023-0902,SBBR,2023-07-09 03:00,17.5,1007.8,10110,9,26,1.6,53,Chuva
MET2023-0903,SBBR,2023-07-09 06:00,16.6,1008.2,10110,9,26,1.6,40,Chuva
MET2023-0904,SBBR,2023-07-09 09:00,17.5,1007.8,10110,9,26,1.6,29,Chuva
MET2023-0905,SBBR,2023-07-09 12:00,18.4,1007.3,10110,9,27,1.6,26,Chuva
MET2023-0901,SBCF,2023-07-09 00:00,20.7,1014.3,9500,16,40,2.1,55,Chuva
MET2023-0902,SBCF,2023-07-09 03:00,19.8,1014.8,9500,16,27,2.1,49,Chuva
MET2023-0903,SBCF,2023-07-09 06:00,18.9,1015.2,9500,16,28,2.1,57,Chuva
MET2023-0904,SBCF,2023-07-09 09:00,19.8,1014.8,9500,16,34,2.1,42,Chuva
MET2023-0905,SBCF,2023-07-09 12:00,20.7,1014.3,9500,16,31,2.1,41,Chuva
MET2023-0901,SBPA,2023-07-09 00:00,13.0,1021.7,6158,22,38,4.7,99,Chuva
MET2023-0902,SBPA,2023-07-09 03:00,12.1,1022.2,6158,22,34,4.7,95,Chuva
MET2023-0903,SBPA,2023-07-09 06:00,11.1,1022.6,6158,22,35,4.7,80,Chuva
MET2023-0904,SBPA,2023-07-09 09:00,12.1,1022.2,6158,22,40,4.7,84,Chuva
MET2023-0905,SBPA,2023-07-09 12:00,13.0,1021.7,6158,22,41,4.7,93,Chuva
MET2023-0901,SBCT,2023-07-09 00:00,13.9,1015.3,4170,26,45,4.7,91,Chuva
MET2023-0902,SBCT,2023-07-09 03:00,13.0,1015.8,4170,26,48,4.7,87,Chuva
MET2023-0903,SBCT,2023-07-09 06:00,12.1,1016.2,4170,26,39,4.7,94,Chuva
MET2023-0904,SBCT,2023-07-09 09:00,13.0,1015.8,4170,26,45,4.7,100,Chuva
MET2023-0905,SBCT,2023-07-09 12:00,13.9,1015.3,4170,26,50,4.7,87,Chuva
MET2023-0901,SBRF,2023-07-09 00:00,21.7,1012.1,11043,19,39,0.3,36,Ceu aberto
MET2023-0902,SBRF,2023-07-09 03:00,20.8,1012.5,11043,19,30,0.3,16,Ceu aberto
MET2023-0903,SBRF,2023-07-09 06:00,19.9,1013.0,11043,19,38,0.3,45,Ceu aberto
MET2023-0904,SBRF,2023-07-09 09:00,20.8,1012.5,11043,19,31,0.3,30,Ceu aberto
MET2023-0905,SBRF,2023-07-09 12:00,21.7,1012.1,11043,19,32,0.3,28,Ceu aberto
MET2023-0901,SBFL,2023-07-09 00:00,16.3,1020.7,4055,26,44,4.9,76,Chuva
MET2023-0902,SBFL,2023-07-09 03:00,15.4,1021.2,4055,26,51,4.9,97,Chuva
MET2023-0903,SBFL,2023-07-09 06:00,14.5,1021.6,4055,26,42,4.9,85,Chuva
MET2023-0904,SBFL,2023-07-09 09:00,15.4,1021.2,4055,26,42,4.9,100,Chuva
MET2023-0905,SBFL,2023-07-09 12:00,16.3,1020.7,4055,26,51,4.9,100,Chuva
MET2023-0901,SBSV,2023-07-09 00:00,22.6,1018.6,9903,16,29,0.9,23,Chuva
MET2023-0902,SBSV,2023-07-09 03:00,21.7,1019.0,9903,16,31,0.9,33,Chuva
MET2023-0903,SBSV,2023-07-09 06:00,20.8,1019.5,9903,16,27,0.9,25,Chuva
MET2023-0904,SBSV,2023-07-09 09:00,21.7,1019.0,9903,16,38,0.9,35,Chuva
MET2023-0905,SBSV,2023-07-09 12:00,22.6,1018.6,9903,16,39,0.9,17,Chuva
MET2023-0901,SBCG,2023-07-09 00:00,19.7,1020.0,8624,13,34,2.1,71,Chuva
MET2023-0902,SBCG,2023-07-09 03:00,18.8,1020.4,8624,13,30,2.1,52,Chuva
MET2023-0903,SBCG,2023-07-09 06:00,17.9,1020.9,8624,13,37,2.1,45,Chuva
MET2023-0904,SBCG,2023-07-09 09:00,18.8,1020.4,8624,13,26,2.1,42,Chuva
MET2023-0905,SBCG,2023-07-09 12:00,19.7,1020.0,8624,13,31,2.1,58,Chuva
MET2023-1001,SBGR,2023-07-10 00:00,16.3,1013.1,6509,22,46,3.4,77,Chuva
MET2023-1002,SBGR,2023-07-10 03:00,15.4,1013.6,6509,22,36,3.4,60,Chuva
MET2023-1003,SBGR,2023-07-10 06:00,14.5,1014.1,6509,22,47,3.4,68,Chuva
MET2023-1004,SBGR,2023-07-10 09:00,15.4,1013.6,6509,22,46,3.4,83,Chuva
MET2023-1005,SBGR,2023-07-10 12:00,16.3,1013.1,6509,22,40,3.4,73,Chuva
MET2023-1001,SBGL,2023-07-10 00:00,17.2,1016.1,8184,20,41,2.9,68,Chuva
MET2023-1002,SBGL,2023-07-10 03:00,16.3,1016.5,8184,20,31,2.9,52,Chuva
MET2023-1003,SBGL,2023-07-10 06:00,15.3,1017.0,8184,20,36,2.9,54,Chuva
MET2023-1004,SBGL,2023-07-10 09:00,16.3,1016.5,8184,20,32,2.9,63,Chuva
MET2023-1005,SBGL,2023-07-10 12:00,17.2,1016.1,8184,20,35,2.9,69,Chuva
MET2023-1001,SBBR,2023-07-10 00:00,18.5,1007.3,11811,18,43,0.7,39,Chuva
MET2023-1002,SBBR,2023-07-10 03:00,17.6,1007.8,11811,18,41,0.7,31,Chuva
MET2023-1003,SBBR,2023-07-10 06:00,16.6,1008.2,11811,18,34,0.7,29,Chuva
MET2023-1004,SBBR,2023-07-10 09:00,17.6,1007.8,11811,18,42,0.7,33,Chuva
MET2023-1005,SBBR,2023-07-10 12:00,18.5,1007.3,11811,18,40,0.7,34,Chuva
MET2023-1001,SBCF,2023-07-10 00:00,16.6,1013.5,7988,13,37,1.7,57,Chuva
MET2023-1002,SBCF,2023-07-10 03:00,15.7,1013.9,7988,13,32,1.7,42,Chuva
MET2023-1003,SBCF,2023-07-10 06:00,14.8,1014.4,7988,13,36,1.7,46,Chuva
MET2023-1004,SBCF,2023-07-10 09:00,15.7,1013.9,7988,13,37,1.7,69,Chuva
MET2023-1005,SBCF,2023-07-10 12:00,16.6,1013.5,7988,13,34,1.7,41,Chuva
MET2023-1001,SBPA,2023-07-10 00:00,12.8,1013.7,4121,26,37,4.8,89,Chuva
MET2023-1002,SBPA,2023-07-10 03:00,11.9,1014.1,4121,26,38,4.8,92,Chuva
MET2023-1003,SBPA,2023-07-10 06:00,11.0,1014.6,4121,26,51,4.8,96,Chuva
MET2023-1004,SBPA,2023-07-10 09:00,11.9,1014.1,4121,26,43,4.8,92,Chuva
MET2023-1005,SBPA,2023-07-10 12:00,12.8,1013.7,4121,26,43,4.8,71,Chuva
MET2023-1001,SBCT,2023-07-10 00:00,12.3,1014.0,5949,20,31,3.9,82,Chuva
MET2023-1002,SBCT,2023-07-10 03:00,11.4,1014.4,5949,20,42,3.9,71,Chuva
MET2023-1003,SBCT,2023-07-10 06:00,10.5,1014.9,5949,20,45,3.9,77,Chuva
MET2023-1004,SBCT,2023-07-10 09:00,11.4,1014.4,5949,20,31,3.9,72,Chuva
MET2023-1005,SBCT,2023-07-10 12:00,12.3,1014.0,5949,20,32,3.9,73,Chuva
MET2023-1001,SBRF,2023-07-10 00:00,22.9,1012.7,11199,17,39,0.5,27,Chuva
MET2023-1002,SBRF,2023-07-10 03:00,22.0,1013.1,11199,17,36,0.5,37,Chuva
MET2023-1003,SBRF,2023-07-10 06:00,21.0,1013.6,11199,17,35,0.5,12,Chuva
MET2023-1004,SBRF,2023-07-10 09:00,22.0,1013.1,11199,17,33,0.5,14,Chuva
MET2023-1005,SBRF,2023-07-10 12:00,22.9,1012.7,11199,17,33,0.5,25,Chuva
MET2023-1001,SBFL,2023-07-10 00:00,16.5,1014.8,7145,26,43,4.0,78,Chuva
MET2023-1002,SBFL,2023-07-10 03:00,15.5,1015.3,7145,26,36,4.0,89,Chuva
MET2023-1003,SBFL,2023-07-10 06:00,14.6,1015.7,7145,26,38,4.0,72,Chuva
MET2023-1004,SBFL,2023-07-10 09:00,15.5,1015.3,7145,26,44,4.0,70,Chuva
MET2023-1005,SBFL,2023-07-10 12:00,16.5,1014.8,7145,26,44,4.0,80,Chuva
MET2023-1001,SBSV,2023-07-10 00:00,23.8,1012.6,10222,14,35,0.9,25,Chuva
MET2023-1002,SBSV,2023-07-10 03:00,22.8,1013.1,10222,14,31,0.9,20,Chuva
MET2023-1003,SBSV,2023-07-10 06:00,21.9,1013.6,10222,14,30,0.9,17,Chuva
MET2023-1004,SBSV,2023-07-10 09:00,22.8,1013.1,10222,14,35,0.9,27,Chuva
MET2023-1005,SBSV,2023-07-10 12:00,23.8,1012.6,10222,14,34,0.9,44,Chuva
MET2023-1001,SBCG,2023-07-10 00:00,16.8,1013.9,9456,20,44,2.4,68,Chuva
MET2023-1002,SBCG,2023-07-10 03:00,15.9,1014.3,9456,20,40,2.4,50,Chuva
MET2023-1003,SBCG,2023-07-10 06:00,15.0,1014.8,9456,20,38,2.4,58,Chuva
MET2023-1004,SBCG,2023-07-10 09:00,15.9,1014.3,9456,20,32,2.4,57,Chuva
MET2023-1005,SBCG,2023-07-10 12:00,16.8,1013.9,9456,20,40,2.4,73,Chuva
MET2023-1101,SBGR,2023-07-11 00:00,16.1,1016.5,5940,15,35,3.4,64,Chuva
MET2023-1102,SBGR,2023-07-11 03:00,15.2,1016.9,5940,15,28,3.4,82,Chuva
MET2023-1103,SBGR,2023-07-11 06:00,14.3,1017.4,5940,15,29,3.4,78,Chuva
MET2023-1104,SBGR,2023-07-11 09:00,15.2,1016.9,5940,15,26,3.4,80,Chuva
MET2023-1105,SBGR,2023-07-11 12:00,16.1,1016.5,5940,15,35,3.4,63,Chuva
MET2023-1101,SBGL,2023-07-11 00:00,16.7,1014.2,9015,16,34,2.8,74,Chuva
MET2023-1102,SBGL,2023-07-11 03:00,15.7,1014.6,9015,16,27,2.8,77,Chuva
MET2023-1103,SBGL,2023-07-11 06:00,14.8,1015.1,9015,16,38,2.8,80,Chuva
MET2023-1104,SBGL,2023-07-11 09:00,15.7,1014.6,9015,16,39,2.8,53,Chuva
MET2023-1105,SBGL,2023-07-11 12:00,16.7,1014.2,9015,16,31,2.8,66,Chuva
MET2023-1101,SBBR,2023-07-11 00:00,18.8,1007.7,13586,7,31,0.6,26,Chuva
MET2023-1102,SBBR,2023-07-11 03:00,17.9,1008.1,13586,7,27,0.6,37,Chuva
MET2023-1103,SBBR,2023-07-11 06:00,17.0,1008.6,13586,7,30,0.6,22,Chuva
MET2023-1104,SBBR,2023-07-11 09:00,17.9,1008.1,13586,7,30,0.6,27,Chuva
MET2023-1105,SBBR,2023-07-11 12:00,18.8,1007.7,13586,7,29,0.6,31,Chuva
MET2023-1101,SBCF,2023-07-11 00:00,19.4,1012.4,10129,16,34,1.6,48,Chuva
MET2023-1102,SBCF,2023-07-11 03:00,18.5,1012.8,10129,16,41,1.6,42,Chuva
MET2023-1103,SBCF,2023-07-11 06:00,17.6,1013.3,10129,16,37,1.6,42,Chuva
MET2023-1104,SBCF,2023-07-11 09:00,18.5,1012.8,10129,16,38,1.6,43,Chuva
MET2023-1105,SBCF,2023-07-11 12:00,19.4,1012.4,10129,16,38,1.6,28,Chuva
MET2023-1101,SBPA,2023-07-11 00:00,13.4,1022.4,4000,36,56,5.2,79,Chuva intensa
MET2023-1102,SBPA,2023-07-11 03:00,12.5,1022.8,4000,36,59,5.2,100,Chuva intensa
MET2023-1103,SBPA,2023-07-11 06:00,11.6,1023.3,4000,36,48,5.2,100,Chuva intensa
MET2023-1104,SBPA,2023-07-11 09:00,12.5,1022.8,4000,36,53,5.2,95,Chuva intensa
MET2023-1105,SBPA,2023-07-11 12:00,13.4,1022.4,4000,36,58,5.2,88,Chuva intensa
MET2023-1101,SBCT,2023-07-11 00:00,12.4,1012.1,6076,29,50,3.9,67,Chuva
MET2023-1102,SBCT,2023-07-11 03:00,11.5,1012.5,6076,29,47,3.9,64,Chuva
MET2023-1103,SBCT,2023-07-11 06:00,10.6,1013.0,6076,29,41,3.9,67,Chuva
MET2023-1104,SBCT,2023-07-11 09:00,11.5,1012.5,6076,29,43,3.9,70,Chuva
MET2023-1105,SBCT,2023-07-11 12:00,12.4,1012.1,6076,29,50,3.9,57,Chuva
MET2023-1101,SBRF,2023-07-11 00:00,24.5,1015.6,10581,10,32,0.0,32,Ceu aberto
MET2023-1102,SBRF,2023-07-11 03:00,23.5,1016.0,10581,10,22,0.0,14,Ceu aberto
MET2023-1103,SBRF,2023-07-11 06:00,22.6,1016.5,10581,10,30,0.0,45,Ceu aberto
MET2023-1104,SBRF,2023-07-11 09:00,23.5,1016.0,10581,10,21,0.0,35,Ceu aberto
MET2023-1105,SBRF,2023-07-11 12:00,24.5,1015.6,10581,10,29,0.0,40,Ceu aberto
MET2023-1101,SBFL,2023-07-11 00:00,17.3,1018.2,5752,26,37,3.9,91,Chuva
MET2023-1102,SBFL,2023-07-11 03:00,16.4,1018.7,5752,26,37,3.9,89,Chuva
MET2023-1103,SBFL,2023-07-11 06:00,15.4,1019.2,5752,26,46,3.9,72,Chuva
MET2023-1104,SBFL,2023-07-11 09:00,16.4,1018.7,5752,26,48,3.9,50,Chuva
MET2023-1105,SBFL,2023-07-11 12:00,17.3,1018.2,5752,26,38,3.9,86,Chuva
MET2023-1101,SBSV,2023-07-11 00:00,21.2,1008.8,9418,18,43,1.9,54,Chuva
MET2023-1102,SBSV,2023-07-11 03:00,20.3,1009.3,9418,18,42,1.9,37,Chuva
MET2023-1103,SBSV,2023-07-11 06:00,19.3,1009.7,9418,18,37,1.9,66,Chuva
MET2023-1104,SBSV,2023-07-11 09:00,20.3,1009.3,9418,18,40,1.9,45,Chuva
MET2023-1105,SBSV,2023-07-11 12:00,21.2,1008.8,9418,18,40,1.9,38,Chuva
MET2023-1101,SBCG,2023-07-11 00:00,21.3,1007.0,9471,15,26,1.0,22,Chuva
MET2023-1102,SBCG,2023-07-11 03:00,20.3,1007.5,9471,15,26,1.0,29,Chuva
MET2023-1103,SBCG,2023-07-11 06:00,19.4,1008.0,9471,15,33,1.0,42,Chuva
MET2023-1104,SBCG,2023-07-11 09:00,20.3,1007.5,9471,15,30,1.0,44,Chuva
MET2023-1105,SBCG,2023-07-11 12:00,21.3,1007.0,9471,15,38,1.0,32,Chuva
MET2023-1201,SBGR,2023-07-12 00:00,17.7,1013.5,6719,8,25,2.6,77,Chuva
MET2023-1202,SBGR,2023-07-12 03:00,16.8,1014.0,6719,8,29,2.6,53,Chuva
MET2023-1203,SBGR,2023-07-12 06:00,15.9,1014.5,6719,8,27,2.6,64,Chuva
MET2023-1204,SBGR,2023-07-12 09:00,16.8,1014.0,6719,8,20,2.6,67,Chuva
MET2023-1205,SBGR,2023-07-12 12:00,17.7,1013.5,6719,8,33,2.6,71,Chuva
MET2023-1201,SBGL,2023-07-12 00:00,17.4,1012.6,9782,17,38,2.0,40,Chuva
MET2023-1202,SBGL,2023-07-12 03:00,16.5,1013.1,9782,17,34,2.0,44,Chuva
MET2023-1203,SBGL,2023-07-12 06:00,15.5,1013.6,9782,17,28,2.0,49,Chuva
MET2023-1204,SBGL,2023-07-12 09:00,16.5,1013.1,9782,17,40,2.0,50,Chuva
MET2023-1205,SBGL,2023-07-12 12:00,17.4,1012.6,9782,17,33,2.0,38,Chuva
MET2023-1201,SBBR,2023-07-12 00:00,21.8,1011.2,12066,11,32,0.0,14,Ceu aberto
MET2023-1202,SBBR,2023-07-12 03:00,20.9,1011.7,12066,11,36,0.0,27,Ceu aberto
MET2023-1203,SBBR,2023-07-12 06:00,20.0,1012.2,12066,11,24,0.0,7,Ceu aberto
MET2023-1204,SBBR,2023-07-12 09:00,20.9,1011.7,12066,11,30,0.0,24,Ceu aberto
MET2023-1205,SBBR,2023-07-12 12:00,21.8,1011.2,12066,11,30,0.0,19,Ceu aberto
MET2023-1201,SBCF,2023-07-12 00:00,16.7,1013.2,8229,13,32,2.3,50,Chuva
MET2023-1202,SBCF,2023-07-12 03:00,15.8,1013.7,8229,13,31,2.3,51,Chuva
MET2023-1203,SBCF,2023-07-12 06:00,14.8,1014.1,8229,13,34,2.3,56,Chuva
MET2023-1204,SBCF,2023-07-12 09:00,15.8,1013.7,8229,13,32,2.3,53,Chuva
MET2023-1205,SBCF,2023-07-12 12:00,16.7,1013.2,8229,13,31,2.3,46,Chuva
MET2023-1201,SBPA,2023-07-12 00:00,13.9,1019.8,2677,24,35,4.9,100,Chuva
MET2023-1202,SBPA,2023-07-12 03:00,12.9,1020.3,2677,24,42,4.9,92,Chuva
MET2023-1203,SBPA,2023-07-12 06:00,12.0,1020.7,2677,24,35,4.9,100,Chuva
MET2023-1204,SBPA,2023-07-12 09:00,12.9,1020.3,2677,24,46,4.9,87,Chuva
MET2023-1205,SBPA,2023-07-12 12:00,13.9,1019.8,2677,24,37,4.9,86,Chuva
MET2023-1201,SBCT,2023-07-12 00:00,14.0,1013.2,4016,24,41,3.8,82,Chuva
MET2023-1202,SBCT,2023-07-12 03:00,13.1,1013.7,4016,24,49,3.8,76,Chuva
MET2023-1203,SBCT,2023-07-12 06:00,12.1,1014.1,4016,24,48,3.8,69,Chuva
MET2023-1204,SBCT,2023-07-12 09:00,13.1,1013.7,4016,24,42,3.8,67,Chuva
MET2023-1205,SBCT,2023-07-12 12:00,14.0,1013.2,4016,24,44,3.8,76,Chuva
MET2023-1201,SBRF,2023-07-12 00:00,23.9,1016.5,11427,13,32,0.9,26,Chuva
MET2023-1202,SBRF,2023-07-12 03:00,22.9,1017.0,11427,13,32,0.9,28,Chuva
MET2023-1203,SBRF,2023-07-12 06:00,22.0,1017.5,11427,13,37,0.9,45,Chuva
MET2023-1204,SBRF,2023-07-12 09:00,22.9,1017.0,11427,13,31,0.9,37,Chuva
MET2023-1205,SBRF,2023-07-12 12:00,23.9,1016.5,11427,13,35,0.9,24,Chuva
MET2023-1201,SBFL,2023-07-12 00:00,16.3,1014.5,6483,24,47,3.4,66,Chuva
MET2023-1202,SBFL,2023-07-12 03:00,15.4,1015.0,6483,24,44,3.4,69,Chuva
MET2023-1203,SBFL,2023-07-12 06:00,14.5,1015.5,6483,24,43,3.4,59,Chuva
MET2023-1204,SBFL,2023-07-12 09:00,15.4,1015.0,6483,24,35,3.4,73,Chuva
MET2023-1205,SBFL,2023-07-12 12:00,16.3,1014.5,6483,24,41,3.4,73,Chuva
MET2023-1201,SBSV,2023-07-12 00:00,22.5,1015.1,9164,18,30,1.0,44,Chuva
MET2023-1202,SBSV,2023-07-12 03:00,21.6,1015.6,9164,18,28,1.0,46,Chuva
MET2023-1203,SBSV,2023-07-12 06:00,20.6,1016.0,9164,18,39,1.0,60,Chuva
MET2023-1204,SBSV,2023-07-12 09:00,21.6,1015.6,9164,18,41,1.0,36,Chuva
MET2023-1205,SBSV,2023-07-12 12:00,22.5,1015.1,9164,18,31,1.0,30,Chuva
MET2023-1201,SBCG,2023-07-12 00:00,20.2,1014.3,12156,16,39,1.4,22,Chuva
MET2023-1202,SBCG,2023-07-12 03:00,19.3,1014.8,12156,16,33,1.4,40,Chuva
MET2023-1203,SBCG,2023-07-12 06:00,18.3,1015.3,12156,16,39,1.4,19,Chuva
MET2023-1204,SBCG,2023-07-12 09:00,19.3,1014.8,12156,16,31,1.4,47,Chuva
MET2023-1205,SBCG,2023-07-12 12:00,20.2,1014.3,12156,16,39,1.4,33,Chuva
MET2023-1301,SBGR,2023-07-13 00:00,16.9,1014.4,6973,15,35,3.3,66,Chuva
MET2023-1302,SBGR,2023-07-13 03:00,16.0,1014.9,6973,15,35,3.3,79,Chuva
MET2023-1303,SBGR,2023-07-13 06:00,15.0,1015.4,6973,15,32,3.3,65,Chuva
MET2023-1304,SBGR,2023-07-13 09:00,16.0,1014.9,6973,15,40,3.3,60,Chuva
MET2023-1305,SBGR,2023-07-13 12:00,16.9,1014.4,6973,15,35,3.3,72,Chuva
MET2023-1301,SBGL,2023-07-13 00:00,21.0,1010.1,9012,19,39,2.0,57,Chuva
MET2023-1302,SBGL,2023-07-13 03:00,20.0,1010.6,9012,19,39,2.0,30,Chuva
MET2023-1303,SBGL,2023-07-13 06:00,19.1,1011.1,9012,19,32,2.0,50,Chuva
MET2023-1304,SBGL,2023-07-13 09:00,20.0,1010.6,9012,19,30,2.0,60,Chuva
MET2023-1305,SBGL,2023-07-13 12:00,21.0,1010.1,9012,19,43,2.0,36,Chuva
MET2023-1301,SBBR,2023-07-13 00:00,21.7,1013.6,11973,14,35,0.8,29,Chuva
MET2023-1302,SBBR,2023-07-13 03:00,20.7,1014.1,11973,14,33,0.8,31,Chuva
MET2023-1303,SBBR,2023-07-13 06:00,19.7,1014.6,11973,14,31,0.8,22,Chuva
MET2023-1304,SBBR,2023-07-13 09:00,20.7,1014.1,11973,14,37,0.8,10,Chuva
MET2023-1305,SBBR,2023-07-13 12:00,21.7,1013.6,11973,14,39,0.8,40,Chuva
MET2023-1301,SBCF,2023-07-13 00:00,18.0,1010.7,8961,15,39,1.6,52,Chuva
MET2023-1302,SBCF,2023-07-13 03:00,17.0,1011.2,8961,15,36,1.6,53,Chuva
MET2023-1303,SBCF,2023-07-13 06:00,16.0,1011.6,8961,15,29,1.6,39,Chuva
MET2023-1304,SBCF,2023-07-13 09:00,17.0,1011.2,8961,15,38,1.6,48,Chuva
MET2023-1305,SBCF,2023-07-13 12:00,18.0,1010.7,8961,15,33,1.6,38,Chuva
MET2023-1301,SBPA,2023-07-13 00:00,13.1,1016.4,5181,26,41,4.7,75,Chuva
MET2023-1302,SBPA,2023-07-13 03:00,12.2,1016.9,5181,26,41,4.7,100,Chuva
MET2023-1303,SBPA,2023-07-13 06:00,11.2,1017.4,5181,26,49,4.7,100,Chuva
MET2023-1304,SBPA,2023-07-13 09:00,12.2,1016.9,5181,26,39,4.7,90,Chuva
MET2023-1305,SBPA,2023-07-13 12:00,13.1,1016.4,5181,26,48,4.7,89,Chuva
MET2023-1301,SBCT,2023-07-13 00:00,12.6,1014.8,4644,24,36,3.9,90,Chuva
MET2023-1302,SBCT,2023-07-13 03:00,11.7,1015.3,4644,24,36,3.9,81,Chuva
MET2023-1303,SBCT,2023-07-13 06:00,10.7,1015.8,4644,24,47,3.9,84,Chuva
MET2023-1304,SBCT,2023-07-13 09:00,11.7,1015.3,4644,24,48,3.9,85,Chuva
MET2023-1305,SBCT,2023-07-13 12:00,12.6,1014.8,4644,24,41,3.9,100,Chuva
MET2023-1301,SBRF,2023-07-13 00:00,24.0,1007.5,12267,20,39,0.3,34,Ceu aberto
MET2023-1302,SBRF,2023-07-13 03:00,23.0,1008.0,12267,20,40,0.3,40,Ceu aberto
MET2023-1303,SBRF,2023-07-13 06:00,22.1,1008.5,12267,20,34,0.3,31,Ceu aberto
MET2023-1304,SBRF,2023-07-13 09:00,23.0,1008.0,12267,20,38,0.3,22,Ceu aberto
MET2023-1305,SBRF,2023-07-13 12:00,24.0,1007.5,12267,20,38,0.3,16,Ceu aberto
MET2023-1301,SBFL,2023-07-13 00:00,16.0,1016.4,7279,27,38,4.6,90,Chuva
MET2023-1302,SBFL,2023-07-13 03:00,15.0,1016.9,7279,27,40,4.6,84,Chuva
MET2023-1303,SBFL,2023-07-13 06:00,14.1,1017.4,7279,27,37,4.6,67,Chuva
MET2023-1304,SBFL,2023-07-13 09:00,15.0,1016.9,7279,27,39,4.6,87,Chuva
MET2023-1305,SBFL,2023-07-13 12:00,16.0,1016.4,7279,27,40,4.6,68,Chuva
MET2023-1301,SBSV,2023-07-13 00:00,20.8,1016.9,10410,12,34,0.8,25,Chuva
MET2023-1302,SBSV,2023-07-13 03:00,19.8,1017.4,10410,12,30,0.8,13,Chuva
MET2023-1303,SBSV,2023-07-13 06:00,18.9,1017.8,10410,12,36,0.8,33,Chuva
MET2023-1304,SBSV,2023-07-13 09:00,19.8,1017.4,10410,12,28,0.8,34,Chuva
MET2023-1305,SBSV,2023-07-13 12:00,20.8,1016.9,10410,12,24,0.8,25,Chuva
MET2023-1301,SBCG,2023-07-13 00:00,20.3,1006.8,10448,18,34,1.3,32,Chuva
MET2023-1302,SBCG,2023-07-13 03:00,19.4,1007.3,10448,18,35,1.3,47,Chuva
MET2023-1303,SBCG,2023-07-13 06:00,18.4,1007.8,10448,18,39,1.3,37,Chuva
MET2023-1304,SBCG,2023-07-13 09:00,19.4,1007.3,10448,18,37,1.3,48,Chuva
MET2023-1305,SBCG,2023-07-13 12:00,20.3,1006.8,10448,18,43,1.3,33,Chuva
MET2023-1401,SBGR,2023-07-14 00:00,16.9,1016.0,9880,19,35,2.2,43,Chuva
MET2023-1402,SBGR,2023-07-14 03:00,15.9,1016.5,9880,19,34,2.2,50,Chuva
MET2023-1403,SBGR,2023-07-14 06:00,15.0,1017.0,9880,19,40,2.2,42,Chuva
MET2023-1404,SBGR,2023-07-14 09:00,15.9,1016.5,9880,19,30,2.2,50,Chuva
MET2023-1405,SBGR,2023-07-14 12:00,16.9,1016.0,9880,19,43,2.2,45,Chuva
MET2023-1401,SBGL,2023-07-14 00:00,21.4,1016.8,10437,13,36,2.2,60,Chuva
MET2023-1402,SBGL,2023-07-14 03:00,20.5,1017.2,10437,13,34,2.2,53,Chuva
MET2023-1403,SBGL,2023-07-14 06:00,19.5,1017.7,10437,13,25,2.2,45,Chuva
MET2023-1404,SBGL,2023-07-14 09:00,20.5,1017.2,10437,13,23,2.2,35,Chuva
MET2023-1405,SBGL,2023-07-14 12:00,21.4,1016.8,10437,13,30,2.2,46,Chuva
MET2023-1401,SBBR,2023-07-14 00:00,20.7,1012.9,11193,9,29,1.2,29,Chuva
MET2023-1402,SBBR,2023-07-14 03:00,19.8,1013.4,11193,9,32,1.2,31,Chuva
MET2023-1403,SBBR,2023-07-14 06:00,18.8,1013.9,11193,9,29,1.2,55,Chuva
MET2023-1404,SBBR,2023-07-14 09:00,19.8,1013.4,11193,9,23,1.2,48,Chuva
MET2023-1405,SBBR,2023-07-14 12:00,20.7,1012.9,11193,9,26,1.2,31,Chuva
MET2023-1401,SBCF,2023-07-14 00:00,19.4,1014.3,8035,10,29,0.8,43,Chuva
MET2023-1402,SBCF,2023-07-14 03:00,18.4,1014.8,8035,10,31,0.8,22,Chuva
MET2023-1403,SBCF,2023-07-14 06:00,17.4,1015.2,8035,10,23,0.8,46,Chuva
MET2023-1404,SBCF,2023-07-14 09:00,18.4,1014.8,8035,10,26,0.8,22,Chuva
MET2023-1405,SBCF,2023-07-14 12:00,19.4,1014.3,8035,10,20,0.8,27,Chuva
MET2023-1401,SBPA,2023-07-14 00:00,15.7,1020.3,5892,23,43,3.2,59,Chuva
MET2023-1402,SBPA,2023-07-14 03:00,14.7,1020.8,5892,23,42,3.2,55,Chuva
MET2023-1403,SBPA,2023-07-14 06:00,13.7,1021.3,5892,23,48,3.2,61,Chuva
MET2023-1404,SBPA,2023-07-14 09:00,14.7,1020.8,5892,23,40,3.2,59,Chuva
MET2023-1405,SBPA,2023-07-14 12:00,15.7,1020.3,5892,23,41,3.2,71,Chuva
MET2023-1401,SBCT,2023-07-14 00:00,12.7,1014.7,6077,24,34,2.9,59,Chuva
MET2023-1402,SBCT,2023-07-14 03:00,11.8,1015.2,6077,24,45,2.9,45,Chuva
MET2023-1403,SBCT,2023-07-14 06:00,10.8,1015.7,6077,24,47,2.9,59,Chuva
MET2023-1404,SBCT,2023-07-14 09:00,11.8,1015.2,6077,24,35,2.9,62,Chuva
MET2023-1405,SBCT,2023-07-14 12:00,12.7,1014.7,6077,24,47,2.9,65,Chuva
MET2023-1401,SBRF,2023-07-14 00:00,27.2,1012.5,11892,17,35,0.0,8,Ceu aberto
MET2023-1402,SBRF,2023-07-14 03:00,26.3,1013.0,11892,17,29,0.0,37,Ceu aberto
MET2023-1403,SBRF,2023-07-14 06:00,25.3,1013.5,11892,17,38,0.0,42,Ceu aberto
MET2023-1404,SBRF,2023-07-14 09:00,26.3,1013.0,11892,17,39,0.0,1,Ceu aberto
MET2023-1405,SBRF,2023-07-14 12:00,27.2,1012.5,11892,17,31,0.0,14,Ceu aberto
MET2023-1401,SBFL,2023-07-14 00:00,13.8,1014.5,6601,24,36,3.7,57,Chuva
MET2023-1402,SBFL,2023-07-14 03:00,12.8,1015.0,6601,24,41,3.7,73,Chuva
MET2023-1403,SBFL,2023-07-14 06:00,11.8,1015.5,6601,24,40,3.7,98,Chuva
MET2023-1404,SBFL,2023-07-14 09:00,12.8,1015.0,6601,24,49,3.7,78,Chuva
MET2023-1405,SBFL,2023-07-14 12:00,13.8,1014.5,6601,24,43,3.7,84,Chuva
MET2023-1401,SBSV,2023-07-14 00:00,21.7,1015.7,8741,19,32,2.2,38,Chuva
MET2023-1402,SBSV,2023-07-14 03:00,20.7,1016.1,8741,19,43,2.2,56,Chuva
MET2023-1403,SBSV,2023-07-14 06:00,19.7,1016.6,8741,19,37,2.2,58,Chuva
MET2023-1404,SBSV,2023-07-14 09:00,20.7,1016.1,8741,19,42,2.2,56,Chuva
MET2023-1405,SBSV,2023-07-14 12:00,21.7,1015.7,8741,19,31,2.2,49,Chuva
MET2023-1401,SBCG,2023-07-14 00:00,19.6,1016.3,10277,12,35,1.4,44,Chuva
MET2023-1402,SBCG,2023-07-14 03:00,18.6,1016.8,10277,12,31,1.4,26,Chuva
MET2023-1403,SBCG,2023-07-14 06:00,17.6,1017.3,10277,12,25,1.4,32,Chuva
MET2023-1404,SBCG,2023-07-14 09:00,18.6,1016.8,10277,12,33,1.4,42,Chuva
MET2023-1405,SBCG,2023-07-14 12:00,19.6,1016.3,10277,12,29,1.4,16,Chuva
MET2023-1501,SBGR,2023-07-15 00:00,19.6,1014.9,8055,17,36,2.4,61,Chuva
MET2023-1502,SBGR,2023-07-15 03:00,18.6,1015.4,8055,17,41,2.4,53,Chuva
MET2023-1503,SBGR,2023-07-15 06:00,17.6,1015.9,8055,17,40,2.4,53,Chuva
MET2023-1504,SBGR,2023-07-15 09:00,18.6,1015.4,8055,17,34,2.4,61,Chuva
MET2023-1505,SBGR,2023-07-15 12:00,19.6,1014.9,8055,17,36,2.4,26,Chuva
MET2023-1501,SBGL,2023-07-15 00:00,22.9,1011.8,10603,20,36,1.7,37,Chuva
MET2023-1502,SBGL,2023-07-15 03:00,21.9,1012.3,10603,20,42,1.7,36,Chuva
MET2023-1503,SBGL,2023-07-15 06:00,20.9,1012.8,10603,20,45,1.7,38,Chuva
MET2023-1504,SBGL,2023-07-15 09:00,21.9,1012.3,10603,20,30,1.7,39,Chuva
MET2023-1505,SBGL,2023-07-15 12:00,22.9,1011.8,10603,20,30,1.7,53,Chuva
MET2023-1501,SBBR,2023-07-15 00:00,23.1,1013.0,10618,13,33,0.9,41,Chuva
MET2023-1502,SBBR,2023-07-15 03:00,22.1,1013.5,10618,13,34,0.9,37,Chuva
MET2023-1503,SBBR,2023-07-15 06:00,21.1,1014.0,10618,13,24,0.9,44,Chuva
MET2023-1504,SBBR,2023-07-15 09:00,22.1,1013.5,10618,13,30,0.9,32,Chuva
MET2023-1505,SBBR,2023-07-15 12:00,23.1,1013.0,10618,13,29,0.9,26,Chuva
MET2023-1501,SBCF,2023-07-15 00:00,18.7,1011.5,9334,13,28,1.6,49,Chuva
MET2023-1502,SBCF,2023-07-15 03:00,17.7,1012.0,9334,13,24,1.6,58,Chuva
MET2023-1503,SBCF,2023-07-15 06:00,16.7,1012.5,9334,13,34,1.6,43,Chuva
MET2023-1504,SBCF,2023-07-15 09:00,17.7,1012.0,9334,13,24,1.6,42,Chuva
MET2023-1505,SBCF,2023-07-15 12:00,18.7,1011.5,9334,13,28,1.6,36,Chuva
MET2023-1501,SBPA,2023-07-15 00:00,12.8,1014.8,6993,24,37,3.5,53,Chuva
MET2023-1502,SBPA,2023-07-15 03:00,11.8,1015.3,6993,24,44,3.5,73,Chuva
MET2023-1503,SBPA,2023-07-15 06:00,10.8,1015.8,6993,24,39,3.5,75,Chuva
MET2023-1504,SBPA,2023-07-15 09:00,11.8,1015.3,6993,24,44,3.5,42,Chuva
MET2023-1505,SBPA,2023-07-15 12:00,12.8,1014.8,6993,24,43,3.5,75,Chuva
MET2023-1501,SBCT,2023-07-15 00:00,12.0,1017.1,4535,26,48,3.6,79,Chuva
MET2023-1502,SBCT,2023-07-15 03:00,11.0,1017.6,4535,26,44,3.6,62,Chuva
MET2023-1503,SBCT,2023-07-15 06:00,10.0,1018.1,4535,26,48,3.6,74,Chuva
MET2023-1504,SBCT,2023-07-15 09:00,11.0,1017.6,4535,26,40,3.6,55,Chuva
MET2023-1505,SBCT,2023-07-15 12:00,12.0,1017.1,4535,26,38,3.6,73,Chuva
MET2023-1501,SBRF,2023-07-15 00:00,25.2,1012.9,10925,19,30,0.3,24,Ceu aberto
MET2023-1502,SBRF,2023-07-15 03:00,24.2,1013.4,10925,19,34,0.3,21,Ceu aberto
MET2023-1503,SBRF,2023-07-15 06:00,23.2,1013.9,10925,19,42,0.3,26,Ceu aberto
MET2023-1504,SBRF,2023-07-15 09:00,24.2,1013.4,10925,19,30,0.3,32,Ceu aberto
MET2023-1505,SBRF,2023-07-15 12:00,25.2,1012.9,10925,19,34,0.3,16,Ceu aberto
MET2023-1501,SBFL,2023-07-15 00:00,15.6,1013.9,7464,21,44,3.5,65,Chuva
MET2023-1502,SBFL,2023-07-15 03:00,14.6,1014.4,7464,21,37,3.5,69,Chuva
MET2023-1503,SBFL,2023-07-15 06:00,13.6,1014.9,7464,21,45,3.5,79,Chuva
MET2023-1504,SBFL,2023-07-15 09:00,14.6,1014.4,7464,21,32,3.5,71,Chuva
MET2023-1505,SBFL,2023-07-15 12:00,15.6,1013.9,7464,21,37,3.5,91,Chuva
MET2023-1501,SBSV,2023-07-15 00:00,26.1,1014.7,11257,20,34,0.9,35,Chuva
MET2023-1502,SBSV,2023-07-15 03:00,25.1,1015.2,11257,20,32,0.9,39,Chuva
MET2023-1503,SBSV,2023-07-15 06:00,24.1,1015.7,11257,20,31,0.9,45,Chuva
MET2023-1504,SBSV,2023-07-15 09:00,25.1,1015.2,11257,20,35,0.9,33,Chuva
MET2023-1505,SBSV,2023-07-15 12:00,26.1,1014.7,11257,20,36,0.9,39,Chuva
MET2023-1501,SBCG,2023-07-15 00:00,18.8,1013.5,8592,12,35,1.9,44,Chuva
MET2023-1502,SBCG,2023-07-15 03:00,17.8,1014.0,8592,12,25,1.9,44,Chuva
MET2023-1503,SBCG,2023-07-15 06:00,16.8,1014.5,8592,12,35,1.9,69,Chuva
MET2023-1504,SBCG,2023-07-15 09:00,17.8,1014.0,8592,12,25,1.9,57,Chuva
MET2023-1505,SBCG,2023-07-15 12:00,18.8,1013.5,8592,12,26,1.9,64,Chuva
MET2023-1601,SBGR,2023-07-16 00:00,18.9,1011.8,8087,17,38,1.3,55,Chuva
MET2023-1602,SBGR,2023-07-16 03:00,17.9,1012.3,8087,17,30,1.3,36,Chuva
MET2023-1603,SBGR,2023-07-16 06:00,16.9,1012.9,8087,17,33,1.3,45,Chuva
MET2023-1604,SBGR,2023-07-16 09:00,17.9,1012.3,8087,17,28,1.3,39,Chuva
MET2023-1605,SBGR,2023-07-16 12:00,18.9,1011.8,8087,17,31,1.3,29,Chuva
MET2023-1601,SBGL,2023-07-16 00:00,18.1,1011.5,9103,10,29,2.1,27,Chuva
MET2023-1602,SBGL,2023-07-16 03:00,17.1,1012.1,9103,10,20,2.1,56,Chuva
MET2023-1603,SBGL,2023-07-16 06:00,16.1,1012.6,9103,10,28,2.1,51,Chuva
MET2023-1604,SBGL,2023-07-16 09:00,17.1,1012.1,9103,10,30,2.1,62,Chuva
MET2023-1605,SBGL,2023-07-16 12:00,18.1,1011.5,9103,10,31,2.1,44,Chuva
MET2023-1601,SBBR,2023-07-16 00:00,23.1,1011.5,12434,12,22,0.3,18,Ceu aberto
MET2023-1602,SBBR,2023-07-16 03:00,22.1,1012.0,12434,12,26,0.3,25,Ceu aberto
MET2023-1603,SBBR,2023-07-16 06:00,21.1,1012.5,12434,12,27,0.3,39,Ceu aberto
MET2023-1604,SBBR,2023-07-16 09:00,22.1,1012.0,12434,12,27,0.3,26,Ceu aberto
MET2023-1605,SBBR,2023-07-16 12:00,23.1,1011.5,12434,12,35,0.3,24,Ceu aberto
MET2023-1601,SBCF,2023-07-16 00:00,20.4,1014.3,7245,10,24,1.2,36,Chuva
MET2023-1602,SBCF,2023-07-16 03:00,19.4,1014.8,7245,10,24,1.2,55,Chuva
MET2023-1603,SBCF,2023-07-16 06:00,18.3,1015.4,7245,10,27,1.2,37,Chuva
MET2023-1604,SBCF,2023-07-16 09:00,19.4,1014.8,7245,10,21,1.2,43,Chuva
MET2023-1605,SBCF,2023-07-16 12:00,20.4,1014.3,7245,10,21,1.2,38,Chuva
MET2023-1601,SBPA,2023-07-16 00:00,12.4,1016.0,5453,24,43,4.0,85,Chuva
MET2023-1602,SBPA,2023-07-16 03:00,11.4,1016.5,5453,24,37,4.0,84,Chuva
MET2023-1603,SBPA,2023-07-16 06:00,10.4,1017.0,5453,24,40,4.0,90,Chuva
MET2023-1604,SBPA,2023-07-16 09:00,11.4,1016.5,5453,24,45,4.0,71,Chuva
MET2023-1605,SBPA,2023-07-16 12:00,12.4,1016.0,5453,24,48,4.0,66,Chuva
MET2023-1601,SBCT,2023-07-16 00:00,12.9,1010.6,6987,23,47,2.3,52,Chuva
MET2023-1602,SBCT,2023-07-16 03:00,11.8,1011.1,6987,23,41,2.3,54,Chuva
MET2023-1603,SBCT,2023-07-16 06:00,10.8,1011.6,6987,23,43,2.3,38,Chuva
MET2023-1604,SBCT,2023-07-16 09:00,11.8,1011.1,6987,23,34,2.3,62,Chuva
MET2023-1605,SBCT,2023-07-16 12:00,12.9,1010.6,6987,23,40,2.3,48,Chuva
MET2023-1601,SBRF,2023-07-16 00:00,23.2,1018.0,10519,15,39,0.1,26,Ceu aberto
MET2023-1602,SBRF,2023-07-16 03:00,22.2,1018.5,10519,15,28,0.1,5,Ceu aberto
MET2023-1603,SBRF,2023-07-16 06:00,21.2,1019.0,10519,15,31,0.1,25,Ceu aberto
MET2023-1604,SBRF,2023-07-16 09:00,22.2,1018.5,10519,15,34,0.1,22,Ceu aberto
MET2023-1605,SBRF,2023-07-16 12:00,23.2,1018.0,10519,15,40,0.1,14,Ceu aberto
MET2023-1601,SBFL,2023-07-16 00:00,17.1,1013.7,7433,22,43,2.6,46,Chuva
MET2023-1602,SBFL,2023-07-16 03:00,16.1,1014.2,7433,22,36,2.6,73,Chuva
MET2023-1603,SBFL,2023-07-16 06:00,15.1,1014.7,7433,22,35,2.6,70,Chuva
MET2023-1604,SBFL,2023-07-16 09:00,16.1,1014.2,7433,22,41,2.6,59,Chuva
MET2023-1605,SBFL,2023-07-16 12:00,17.1,1013.7,7433,22,33,2.6,74,Chuva
MET2023-1601,SBSV,2023-07-16 00:00,22.6,1015.5,11462,14,31,0.5,30,Chuva
MET2023-1602,SBSV,2023-07-16 03:00,21.6,1016.0,11462,14,25,0.5,48,Chuva
MET2023-1603,SBSV,2023-07-16 06:00,20.6,1016.5,11462,14,26,0.5,25,Chuva
MET2023-1604,SBSV,2023-07-16 09:00,21.6,1016.0,11462,14,29,0.5,35,Chuva
MET2023-1605,SBSV,2023-07-16 12:00,22.6,1015.5,11462,14,39,0.5,26,Chuva
MET2023-1601,SBCG,2023-07-16 00:00,19.4,1009.0,10795,15,31,1.2,43,Chuva
MET2023-1602,SBCG,2023-07-16 03:00,18.4,1009.5,10795,15,37,1.2,41,Chuva
MET2023-1603,SBCG,2023-07-16 06:00,17.4,1010.0,10795,15,31,1.2,22,Chuva
MET2023-1604,SBCG,2023-07-16 09:00,18.4,1009.5,10795,15,35,1.2,30,Chuva
MET2023-1605,SBCG,2023-07-16 12:00,19.4,1009.0,10795,15,39,1.2,31,Chuva
MET2023-1701,SBGR,2023-07-17 00:00,18.7,1011.8,8190,17,34,1.8,52,Chuva
MET2023-1702,SBGR,2023-07-17 03:00,17.7,1012.3,8190,17,36,1.8,62,Chuva
MET2023-1703,SBGR,2023-07-17 06:00,16.7,1012.8,8190,17,31,1.8,47,Chuva
MET2023-1704,SBGR,2023-07-17 09:00,17.7,1012.3,8190,17,32,1.8,44,Chuva
MET2023-1705,SBGR,2023-07-17 12:00,18.7,1011.8,8190,17,39,1.8,55,Chuva
MET2023-1701,SBGL,2023-07-17 00:00,20.2,1003.5,10404,12,35,1.3,28,Chuva
MET2023-1702,SBGL,2023-07-17 03:00,19.2,1004.0,10404,12,25,1.3,38,Chuva
MET2023-1703,SBGL,2023-07-17 06:00,18.2,1004.5,10404,12,28,1.3,45,Chuva
MET2023-1704,SBGL,2023-07-17 09:00,19.2,1004.0,10404,12,34,1.3,34,Chuva
MET2023-1705,SBGL,2023-07-17 12:00,20.2,1003.5,10404,12,32,1.3,48,Chuva
MET2023-1701,SBBR,2023-07-17 00:00,23.9,1014.6,10082,11,23,0.2,21,Ceu aberto
MET2023-1702,SBBR,2023-07-17 03:00,22.8,1015.2,10082,11,32,0.2,15,Ceu aberto
MET2023-1703,SBBR,2023-07-17 06:00,21.8,1015.7,10082,11,35,0.2,22,Ceu aberto
MET2023-1704,SBBR,2023-07-17 09:00,22.8,1015.2,10082,11,24,0.2,11,Ceu aberto
MET2023-1705,SBBR,2023-07-17 12:00,23.9,1014.6,10082,11,24,0.2,11,Ceu aberto
MET2023-1701,SBCF,2023-07-17 00:00,21.6,1014.2,9652,15,36,0.7,19,Chuva
MET2023-1702,SBCF,2023-07-17 03:00,20.5,1014.7,9652,15,38,0.7,26,Chuva
MET2023-1703,SBCF,2023-07-17 06:00,19.5,1015.2,9652,15,39,0.7,19,Chuva
MET2023-1704,SBCF,2023-07-17 09:00,20.5,1014.7,9652,15,37,0.7,45,Chuva
MET2023-1705,SBCF,2023-07-17 12:00,21.6,1014.2,9652,15,35,0.7,13,Chuva
MET2023-1701,SBPA,2023-07-17 00:00,14.7,1014.2,5621,25,50,3.2,81,Chuva
MET2023-1702,SBPA,2023-07-17 03:00,13.6,1014.8,5621,25,36,3.2,74,Chuva
MET2023-1703,SBPA,2023-07-17 06:00,12.6,1015.3,5621,25,40,3.2,52,Chuva
MET2023-1704,SBPA,2023-07-17 09:00,13.6,1014.8,5621,25,46,3.2,63,Chuva
MET2023-1705,SBPA,2023-07-17 12:00,14.7,1014.2,5621,25,43,3.2,70,Chuva
MET2023-1701,SBCT,2023-07-17 00:00,10.0,1017.9,7214,25,46,3.0,63,Chuva
MET2023-1702,SBCT,2023-07-17 03:00,9.0,1018.5,7214,25,46,3.0,60,Chuva
MET2023-1703,SBCT,2023-07-17 06:00,8.0,1019.0,7214,25,48,3.0,71,Chuva
MET2023-1704,SBCT,2023-07-17 09:00,9.0,1018.5,7214,25,38,3.0,51,Chuva
MET2023-1705,SBCT,2023-07-17 12:00,10.0,1017.9,7214,25,50,3.0,52,Chuva
MET2023-1701,SBRF,2023-07-17 00:00,27.7,1013.5,12255,21,37,0.3,30,Ceu aberto
MET2023-1702,SBRF,2023-07-17 03:00,26.6,1014.0,12255,21,33,0.3,30,Ceu aberto
MET2023-1703,SBRF,2023-07-17 06:00,25.6,1014.5,12255,21,37,0.3,32,Ceu aberto
MET2023-1704,SBRF,2023-07-17 09:00,26.6,1014.0,12255,21,31,0.3,8,Ceu aberto
MET2023-1705,SBRF,2023-07-17 12:00,27.7,1013.5,12255,21,42,0.3,20,Ceu aberto
MET2023-1701,SBFL,2023-07-17 00:00,16.9,1019.5,9509,20,42,2.3,56,Chuva
MET2023-1702,SBFL,2023-07-17 03:00,15.9,1020.0,9509,20,38,2.3,43,Chuva
MET2023-1703,SBFL,2023-07-17 06:00,14.8,1020.5,9509,20,43,2.3,51,Chuva
MET2023-1704,SBFL,2023-07-17 09:00,15.9,1020.0,9509,20,33,2.3,42,Chuva
MET2023-1705,SBFL,2023-07-17 12:00,16.9,1019.5,9509,20,43,2.3,43,Chuva
MET2023-1701,SBSV,2023-07-17 00:00,26.5,1013.6,10654,13,37,1.3,41,Chuva
MET2023-1702,SBSV,2023-07-17 03:00,25.5,1014.1,10654,13,23,1.3,35,Chuva
MET2023-1703,SBSV,2023-07-17 06:00,24.5,1014.6,10654,13,31,1.3,40,Chuva
MET2023-1704,SBSV,2023-07-17 09:00,25.5,1014.1,10654,13,27,1.3,28,Chuva
MET2023-1705,SBSV,2023-07-17 12:00,26.5,1013.6,10654,13,32,1.3,25,Chuva
MET2023-1701,SBCG,2023-07-17 00:00,23.7,1009.1,10279,13,30,0.7,39,Chuva
MET2023-1702,SBCG,2023-07-17 03:00,22.6,1009.6,10279,13,34,0.7,25,Chuva
MET2023-1703,SBCG,2023-07-17 06:00,21.6,1010.1,10279,13,29,0.7,28,Chuva
MET2023-1704,SBCG,2023-07-17 09:00,22.6,1009.6,10279,13,38,0.7,43,Chuva
MET2023-1705,SBCG,2023-07-17 12:00,23.7,1009.1,10279,13,33,0.7,41,Chuva
MET2023-1801,SBGR,2023-07-18 00:00,18.5,1010.8,8760,14,31,1.0,25,Chuva
MET2023-1802,SBGR,2023-07-18 03:00,17.4,1011.3,8760,14,39,1.0,35,Chuva
MET2023-1803,SBGR,2023-07-18 06:00,16.4,1011.8,8760,14,27,1.0,27,Chuva
MET2023-1804,SBGR,2023-07-18 09:00,17.4,1011.3,8760,14,39,1.0,33,Chuva
MET2023-1805,SBGR,2023-07-18 12:00,18.5,1010.8,8760,14,35,1.0,26,Chuva
MET2023-1801,SBGL,2023-07-18 00:00,20.2,1019.0,9132,10,28,0.9,27,Chuva
MET2023-1802,SBGL,2023-07-18 03:00,19.1,1019.5,9132,10,24,0.9,43,Chuva
MET2023-1803,SBGL,2023-07-18 06:00,18.1,1020.1,9132,10,35,0.9,21,Chuva
MET2023-1804,SBGL,2023-07-18 09:00,19.1,1019.5,9132,10,29,0.9,33,Chuva
MET2023-1805,SBGL,2023-07-18 12:00,20.2,1019.0,9132,10,22,0.9,36,Chuva
MET2023-1801,SBBR,2023-07-18 00:00,25.8,1014.1,10072,14,34,0.8,20,Chuva
MET2023-1802,SBBR,2023-07-18 03:00,24.7,1014.7,10072,14,33,0.8,20,Chuva
MET2023-1803,SBBR,2023-07-18 06:00,23.7,1015.2,10072,14,33,0.8,22,Chuva
MET2023-1804,SBBR,2023-07-18 09:00,24.7,1014.7,10072,14,37,0.8,37,Chuva
MET2023-1805,SBBR,2023-07-18 12:00,25.8,1014.1,10072,14,27,0.8,35,Chuva
MET2023-1801,SBCF,2023-07-18 00:00,22.6,1013.4,8709,18,32,1.2,34,Chuva
MET2023-1802,SBCF,2023-07-18 03:00,21.5,1013.9,8709,18,35,1.2,36,Chuva
MET2023-1803,SBCF,2023-07-18 06:00,20.5,1014.4,8709,18,40,1.2,42,Chuva
MET2023-1804,SBCF,2023-07-18 09:00,21.5,1013.9,8709,18,31,1.2,28,Chuva
MET2023-1805,SBCF,2023-07-18 12:00,22.6,1013.4,8709,18,39,1.2,35,Chuva
MET2023-1801,SBPA,2023-07-18 00:00,14.6,1019.2,5742,20,39,3.5,86,Chuva
MET2023-1802,SBPA,2023-07-18 03:00,13.5,1019.7,5742,20,33,3.5,67,Chuva
MET2023-1803,SBPA,2023-07-18 06:00,12.5,1020.2,5742,20,33,3.5,75,Chuva
MET2023-1804,SBPA,2023-07-18 09:00,13.5,1019.7,5742,20,43,3.5,65,Chuva
MET2023-1805,SBPA,2023-07-18 12:00,14.6,1019.2,5742,20,34,3.5,65,Chuva
MET2023-1801,SBCT,2023-07-18 00:00,16.3,1013.4,8134,24,47,2.5,61,Chuva
MET2023-1802,SBCT,2023-07-18 03:00,15.2,1014.0,8134,24,48,2.5,43,Chuva
MET2023-1803,SBCT,2023-07-18 06:00,14.2,1014.5,8134,24,44,2.5,59,Chuva
MET2023-1804,SBCT,2023-07-18 09:00,15.2,1014.0,8134,24,46,2.5,58,Chuva
MET2023-1805,SBCT,2023-07-18 12:00,16.3,1013.4,8134,24,35,2.5,74,Chuva
MET2023-1801,SBRF,2023-07-18 00:00,28.5,1010.1,13072,23,46,0.0,6,Ceu aberto
MET2023-1802,SBRF,2023-07-18 03:00,27.5,1010.6,13072,23,43,0.0,17,Ceu aberto
MET2023-1803,SBRF,2023-07-18 06:00,26.4,1011.2,13072,23,42,0.0,34,Ceu aberto
MET2023-1804,SBRF,2023-07-18 09:00,27.5,1010.6,13072,23,36,0.0,13,Ceu aberto
MET2023-1805,SBRF,2023-07-18 12:00,28.5,1010.1,13072,23,39,0.0,37,Ceu aberto
MET2023-1801,SBFL,2023-07-18 00:00,17.7,1015.7,7600,14,31,1.8,46,Chuva
MET2023-1802,SBFL,2023-07-18 03:00,16.7,1016.2,7600,14,38,1.8,49,Chuva
MET2023-1803,SBFL,2023-07-18 06:00,15.6,1016.7,7600,14,30,1.8,42,Chuva
MET2023-1804,SBFL,2023-07-18 09:00,16.7,1016.2,7600,14,34,1.8,39,Chuva
MET2023-1805,SBFL,2023-07-18 12:00,17.7,1015.7,7600,14,26,1.8,41,Chuva
MET2023-1801,SBSV,2023-07-18 00:00,26.6,1012.7,11218,18,33,0.4,20,Ceu aberto
MET2023-1802,SBSV,2023-07-18 03:00,25.5,1013.3,11218,18,32,0.4,56,Ceu aberto
MET2023-1803,SBSV,2023-07-18 06:00,24.4,1013.8,11218,18,34,0.4,39,Ceu aberto
MET2023-1804,SBSV,2023-07-18 09:00,25.5,1013.3,11218,18,34,0.4,31,Ceu aberto
MET2023-1805,SBSV,2023-07-18 12:00,26.6,1012.7,11218,18,33,0.4,32,Ceu aberto
MET2023-1801,SBCG,2023-07-18 00:00,20.5,1009.2,11054,15,33,1.4,20,Chuva
MET2023-1802,SBCG,2023-07-18 03:00,19.4,1009.7,11054,15,28,1.4,45,Chuva
MET2023-1803,SBCG,2023-07-18 06:00,18.4,1010.2,11054,15,38,1.4,50,Chuva
MET2023-1804,SBCG,2023-07-18 09:00,19.4,1009.7,11054,15,38,1.4,37,Chuva
MET2023-1805,SBCG,2023-07-18 12:00,20.5,1009.2,11054,15,35,1.4,57,Chuva
MET2023-1901,SBGR,2023-07-19 00:00,20.0,1011.2,9643,11,24,1.1,34,Chuva
MET2023-1902,SBGR,2023-07-19 03:00,18.9,1011.7,9643,11,21,1.1,46,Chuva
MET2023-1903,SBGR,2023-07-19 06:00,17.9,1012.3,9643,11,29,1.1,46,Chuva
MET2023-1904,SBGR,2023-07-19 09:00,18.9,1011.7,9643,11,23,1.1,30,Chuva
MET2023-1905,SBGR,2023-07-19 12:00,20.0,1011.2,9643,11,23,1.1,24,Chuva
MET2023-1901,SBGL,2023-07-19 00:00,21.6,1008.6,8669,18,31,1.1,31,Chuva
MET2023-1902,SBGL,2023-07-19 03:00,20.5,1009.2,8669,18,31,1.1,38,Chuva
MET2023-1903,SBGL,2023-07-19 06:00,19.5,1009.7,8669,18,36,1.1,41,Chuva
MET2023-1904,SBGL,2023-07-19 09:00,20.5,1009.2,8669,18,34,1.1,50,Chuva
MET2023-1905,SBGL,2023-07-19 12:00,21.6,1008.6,8669,18,38,1.1,13,Chuva
MET2023-1901,SBBR,2023-07-19 00:00,22.3,1013.5,8963,11,28,0.5,36,Chuva
MET2023-1902,SBBR,2023-07-19 03:00,21.2,1014.0,8963,11,22,0.5,18,Chuva
MET2023-1903,SBBR,2023-07-19 06:00,20.1,1014.5,8963,11,26,0.5,30,Chuva
MET2023-1904,SBBR,2023-07-19 09:00,21.2,1014.0,8963,11,23,0.5,17,Chuva
MET2023-1905,SBBR,2023-07-19 12:00,22.3,1013.5,8963,11,26,0.5,34,Chuva
MET2023-1901,SBCF,2023-07-19 00:00,20.2,1012.9,7024,13,32,1.0,27,Chuva
MET2023-1902,SBCF,2023-07-19 03:00,19.1,1013.5,7024,13,33,1.0,23,Chuva
MET2023-1903,SBCF,2023-07-19 06:00,18.0,1014.0,7024,13,23,1.0,43,Chuva
MET2023-1904,SBCF,2023-07-19 09:00,19.1,1013.5,7024,13,34,1.0,47,Chuva
MET2023-1905,SBCF,2023-07-19 12:00,20.2,1012.9,7024,13,36,1.0,36,Chuva
MET2023-1901,SBPA,2023-07-19 00:00,14.9,1020.2,8736,19,42,1.7,43,Chuva
MET2023-1902,SBPA,2023-07-19 03:00,13.9,1020.7,8736,19,42,1.7,37,Chuva
MET2023-1903,SBPA,2023-07-19 06:00,12.8,1021.3,8736,19,35,1.7,44,Chuva
MET2023-1904,SBPA,2023-07-19 09:00,13.9,1020.7,8736,19,41,1.7,45,Chuva
MET2023-1905,SBPA,2023-07-19 12:00,14.9,1020.2,8736,19,30,1.7,46,Chuva
MET2023-1901,SBCT,2023-07-19 00:00,13.5,1018.6,7301,21,32,2.1,46,Chuva
MET2023-1902,SBCT,2023-07-19 03:00,12.5,1019.1,7301,21,37,2.1,48,Chuva
MET2023-1903,SBCT,2023-07-19 06:00,11.4,1019.6,7301,21,46,2.1,65,Chuva
MET2023-1904,SBCT,2023-07-19 09:00,12.5,1019.1,7301,21,39,2.1,41,Chuva
MET2023-1905,SBCT,2023-07-19 12:00,13.5,1018.6,7301,21,36,2.1,44,Chuva
MET2023-1901,SBRF,2023-07-19 00:00,26.9,1011.0,10874,10,31,0.7,42,Chuva
MET2023-1902,SBRF,2023-07-19 03:00,25.9,1011.5,10874,10,20,0.7,36,Chuva
MET2023-1903,SBRF,2023-07-19 06:00,24.8,1012.0,10874,10,27,0.7,18,Chuva
MET2023-1904,SBRF,2023-07-19 09:00,25.9,1011.5,10874,10,20,0.7,35,Chuva
MET2023-1905,SBRF,2023-07-19 12:00,26.9,1011.0,10874,10,28,0.7,36,Chuva
MET2023-1901,SBFL,2023-07-19 00:00,19.3,1015.6,9198,20,40,1.3,40,Chuva
MET2023-1902,SBFL,2023-07-19 03:00,18.2,1016.2,9198,20,39,1.3,32,Chuva
MET2023-1903,SBFL,2023-07-19 06:00,17.1,1016.7,9198,20,33,1.3,45,Chuva
MET2023-1904,SBFL,2023-07-19 09:00,18.2,1016.2,9198,20,43,1.3,43,Chuva
MET2023-1905,SBFL,2023-07-19 12:00,19.3,1015.6,9198,20,41,1.3,41,Chuva
MET2023-1901,SBSV,2023-07-19 00:00,28.3,1014.1,11172,17,34,0.0,24,Ceu aberto
MET2023-1902,SBSV,2023-07-19 03:00,27.2,1014.6,11172,17,38,0.0,11,Ceu aberto
MET2023-1903,SBSV,2023-07-19 06:00,26.1,1015.1,11172,17,32,0.0,13,Ceu aberto
MET2023-1904,SBSV,2023-07-19 09:00,27.2,1014.6,11172,17,31,0.0,16,Ceu aberto
MET2023-1905,SBSV,2023-07-19 12:00,28.3,1014.1,11172,17,41,0.0,6,Ceu aberto
MET2023-1901,SBCG,2023-07-19 00:00,20.5,1013.4,10612,14,34,1.4,36,Chuva
MET2023-1902,SBCG,2023-07-19 03:00,19.4,1013.9,10612,14,36,1.4,50,Chuva
MET2023-1903,SBCG,2023-07-19 06:00,18.3,1014.4,10612,14,28,1.4,29,Chuva
MET2023-1904,SBCG,2023-07-19 09:00,19.4,1013.9,10612,14,38,1.4,26,Chuva
MET2023-1905,SBCG,2023-07-19 12:00,20.5,1013.4,10612,14,28,1.4,51,Chuva
MET2023-2001,SBGR,2023-07-20 00:00,20.4,1010.9,9156,11,33,1.6,32,Chuva
MET2023-2002,SBGR,2023-07-20 03:00,19.3,1011.5,9156,11,32,1.6,37,Chuva
MET2023-2003,SBGR,2023-07-20 06:00,18.3,1012.0,9156,11,22,1.6,50,Chuva
MET2023-2004,SBGR,2023-07-20 09:00,19.3,1011.5,9156,11,31,1.6,34,Chuva
MET2023-2005,SBGR,2023-07-20 12:00,20.4,1010.9,9156,11,21,1.6,24,Chuva
MET2023-2001,SBGL,2023-07-20 00:00,21.2,1014.9,10085,15,38,0.5,38,Ceu aberto
MET2023-2002,SBGL,2023-07-20 03:00,20.1,1015.4,10085,15,38,0.5,33,Ceu aberto
MET2023-2003,SBGL,2023-07-20 06:00,19.0,1016.0,10085,15,40,0.5,24,Ceu aberto
MET2023-2004,SBGL,2023-07-20 09:00,20.1,1015.4,10085,15,37,0.5,22,Ceu aberto
MET2023-2005,SBGL,2023-07-20 12:00,21.2,1014.9,10085,15,33,0.5,33,Ceu aberto
MET2023-2001,SBBR,2023-07-20 00:00,25.0,1012.3,10757,9,31,0.3,22,Ceu aberto
MET2023-2002,SBBR,2023-07-20 03:00,23.9,1012.9,10757,9,28,0.3,35,Ceu aberto
MET2023-2003,SBBR,2023-07-20 06:00,22.8,1013.4,10757,9,23,0.3,11,Ceu aberto
MET2023-2004,SBBR,2023-07-20 09:00,23.9,1012.9,10757,9,20,0.3,30,Ceu aberto
MET2023-2005,SBBR,2023-07-20 12:00,25.0,1012.3,10757,9,31,0.3,37,Ceu aberto
MET2023-2001,SBCF,2023-07-20 00:00,22.2,1017.5,10087,15,40,1.7,63,Chuva
MET2023-2002,SBCF,2023-07-20 03:00,21.1,1018.0,10087,15,36,1.7,63,Chuva
MET2023-2003,SBCF,2023-07-20 06:00,20.0,1018.5,10087,15,31,1.7,40,Chuva
MET2023-2004,SBCF,2023-07-20 09:00,21.1,1018.0,10087,15,28,1.7,52,Chuva
MET2023-2005,SBCF,2023-07-20 12:00,22.2,1017.5,10087,15,39,1.7,47,Chuva
MET2023-2001,SBPA,2023-07-20 00:00,15.7,1009.8,8169,24,41,1.8,48,Chuva
MET2023-2002,SBPA,2023-07-20 03:00,14.7,1010.4,8169,24,44,1.8,36,Chuva
MET2023-2003,SBPA,2023-07-20 06:00,13.6,1010.9,8169,24,48,1.8,62,Chuva
MET2023-2004,SBPA,2023-07-20 09:00,14.7,1010.4,8169,24,36,1.8,66,Chuva
MET2023-2005,SBPA,2023-07-20 12:00,15.7,1009.8,8169,24,44,1.8,47,Chuva
MET2023-2001,SBCT,2023-07-20 00:00,12.1,1019.0,7935,16,36,1.2,41,Chuva
MET2023-2002,SBCT,2023-07-20 03:00,11.1,1019.6,7935,16,33,1.2,47,Chuva
MET2023-2003,SBCT,2023-07-20 06:00,10.0,1020.1,7935,16,28,1.2,42,Chuva
MET2023-2004,SBCT,2023-07-20 09:00,11.1,1019.6,7935,16,26,1.2,43,Chuva
MET2023-2005,SBCT,2023-07-20 12:00,12.1,1019.0,7935,16,36,1.2,51,Chuva
MET2023-2001,SBRF,2023-07-20 00:00,28.8,1012.0,12043,17,29,0.0,17,Ceu aberto
MET2023-2002,SBRF,2023-07-20 03:00,27.7,1012.5,12043,17,36,0.0,23,Ceu aberto
MET2023-2003,SBRF,2023-07-20 06:00,26.7,1013.1,12043,17,36,0.0,17,Ceu aberto
MET2023-2004,SBRF,2023-07-20 09:00,27.7,1012.5,12043,17,36,0.0,15,Ceu aberto
MET2023-2005,SBRF,2023-07-20 12:00,28.8,1012.0,12043,17,28,0.0,18,Ceu aberto
MET2023-2001,SBFL,2023-07-20 00:00,16.1,1015.5,8944,20,33,1.9,55,Chuva
MET2023-2002,SBFL,2023-07-20 03:00,15.1,1016.0,8944,20,43,1.9,46,Chuva
MET2023-2003,SBFL,2023-07-20 06:00,14.0,1016.6,8944,20,41,1.9,50,Chuva
MET2023-2004,SBFL,2023-07-20 09:00,15.1,1016.0,8944,20,34,1.9,50,Chuva
MET2023-2005,SBFL,2023-07-20 12:00,16.1,1015.5,8944,20,37,1.9,48,Chuva
MET2023-2001,SBSV,2023-07-20 00:00,25.3,1011.8,10477,13,27,0.4,10,Ceu aberto
MET2023-2002,SBSV,2023-07-20 03:00,24.2,1012.3,10477,13,25,0.4,23,Ceu aberto
MET2023-2003,SBSV,2023-07-20 06:00,23.1,1012.9,10477,13,38,0.4,23,Ceu aberto
MET2023-2004,SBSV,2023-07-20 09:00,24.2,1012.3,10477,13,34,0.4,25,Ceu aberto
MET2023-2005,SBSV,2023-07-20 12:00,25.3,1011.8,10477,13,27,0.4,30,Ceu aberto
MET2023-2001,SBCG,2023-07-20 00:00,21.9,1015.7,10057,11,27,0.5,22,Chuva
MET2023-2002,SBCG,2023-07-20 03:00,20.8,1016.3,10057,11,31,0.5,24,Chuva
MET2023-2003,SBCG,2023-07-20 06:00,19.7,1016.8,10057,11,26,0.5,31,Chuva
MET2023-2004,SBCG,2023-07-20 09:00,20.8,1016.3,10057,11,34,0.5,8,Chuva
MET2023-2005,SBCG,2023-07-20 12:00,21.9,1015.7,10057,11,30,0.5,26,Chuva
MET2023-2101,SBGR,2023-07-21 00:00,19.1,1015.3,9162,22,36,1.3,29,Chuva
MET2023-2102,SBGR,2023-07-21 03:00,18.1,1015.9,9162,22,39,1.3,38,Chuva
MET2023-2103,SBGR,2023-07-21 06:00,17.0,1016.4,9162,22,37,1.3,30,Chuva
MET2023-2104,SBGR,2023-07-21 09:00,18.1,1015.9,9162,22,44,1.3,37,Chuva
MET2023-2105,SBGR,2023-07-21 12:00,19.1,1015.3,9162,22,39,1.3,32,Chuva
MET2023-2101,SBGL,2023-07-21 00:00,22.7,1017.6,11501,17,35,0.8,39,Chuva
MET2023-2102,SBGL,2023-07-21 03:00,21.6,1018.1,11501,17,40,0.8,19,Chuva
MET2023-2103,SBGL,2023-07-21 06:00,20.5,1018.7,11501,17,34,0.8,26,Chuva
MET2023-2104,SBGL,2023-07-21 09:00,21.6,1018.1,11501,17,38,0.8,-1,Chuva
MET2023-2105,SBGL,2023-07-21 12:00,22.7,1017.6,11501,17,40,0.8,17,Chuva
MET2023-2101,SBBR,2023-07-21 00:00,25.5,1009.2,9450,9,21,1.1,33,Chuva
MET2023-2102,SBBR,2023-07-21 03:00,24.4,1009.7,9450,9,22,1.1,54,Chuva
MET2023-2103,SBBR,2023-07-21 06:00,23.3,1010.2,9450,9,26,1.1,52,Chuva
MET2023-2104,SBBR,2023-07-21 09:00,24.4,1009.7,9450,9,29,1.1,38,Chuva
MET2023-2105,SBBR,2023-07-21 12:00,25.5,1009.2,9450,9,24,1.1,20,Chuva
MET2023-2101,SBCF,2023-07-21 00:00,19.4,1014.0,8910,12,25,0.4,18,Ceu aberto
MET2023-2102,SBCF,2023-07-21 03:00,18.3,1014.5,8910,12,35,0.4,29,Ceu aberto
MET2023-2103,SBCF,2023-07-21 06:00,17.3,1015.1,8910,12,37,0.4,23,Ceu aberto
MET2023-2104,SBCF,2023-07-21 09:00,18.3,1014.5,8910,12,31,0.4,22,Ceu aberto
MET2023-2105,SBCF,2023-07-21 12:00,19.4,1014.0,8910,12,34,0.4,15,Ceu aberto
MET2023-2101,SBPA,2023-07-21 00:00,14.2,1016.2,8849,21,42,1.7,49,Chuva
MET2023-2102,SBPA,2023-07-21 03:00,13.1,1016.7,8849,21,35,1.7,49,Chuva
MET2023-2103,SBPA,2023-07-21 06:00,12.0,1017.3,8849,21,35,1.7,41,Chuva
MET2023-2104,SBPA,2023-07-21 09:00,13.1,1016.7,8849,21,35,1.7,50,Chuva
MET2023-2105,SBPA,2023-07-21 12:00,14.2,1016.2,8849,21,43,1.7,57,Chuva
MET2023-2101,SBCT,2023-07-21 00:00,14.0,1011.9,6131,20,30,2.1,50,Chuva
MET2023-2102,SBCT,2023-07-21 03:00,12.9,1012.5,6131,20,34,2.1,44,Chuva
MET2023-2103,SBCT,2023-07-21 06:00,11.8,1013.0,6131,20,43,2.1,43,Chuva
MET2023-2104,SBCT,2023-07-21 09:00,12.9,1012.5,6131,20,37,2.1,66,Chuva
MET2023-2105,SBCT,2023-07-21 12:00,14.0,1011.9,6131,20,32,2.1,48,Chuva
MET2023-2101,SBRF,2023-07-21 00:00,24.3,1011.3,11473,20,30,0.0,23,Ceu aberto
MET2023-2102,SBRF,2023-07-21 03:00,23.2,1011.9,11473,20,33,0.0,21,Ceu aberto
MET2023-2103,SBRF,2023-07-21 06:00,22.1,1012.4,11473,20,39,0.0,-1,Ceu aberto
MET2023-2104,SBRF,2023-07-21 09:00,23.2,1011.9,11473,20,43,0.0,25,Ceu aberto
MET2023-2105,SBRF,2023-07-21 12:00,24.3,1011.3,11473,20,30,0.0,59,Ceu aberto
MET2023-2101,SBFL,2023-07-21 00:00,17.6,1013.7,10086,16,27,0.8,28,Chuva
MET2023-2102,SBFL,2023-07-21 03:00,16.5,1014.2,10086,16,37,0.8,33,Chuva
MET2023-2103,SBFL,2023-07-21 06:00,15.4,1014.8,10086,16,31,0.8,22,Chuva
MET2023-2104,SBFL,2023-07-21 09:00,16.5,1014.2,10086,16,29,0.8,43,Chuva
MET2023-2105,SBFL,2023-07-21 12:00,17.6,1013.7,10086,16,32,0.8,26,Chuva
MET2023-2101,SBSV,2023-07-21 00:00,25.4,1013.4,9642,18,42,0.8,50,Chuva
MET2023-2102,SBSV,2023-07-21 03:00,24.4,1013.9,9642,18,34,0.8,32,Chuva
MET2023-2103,SBSV,2023-07-21 06:00,23.3,1014.4,9642,18,40,0.8,44,Chuva
MET2023-2104,SBSV,2023-07-21 09:00,24.4,1013.9,9642,18,32,0.8,29,Chuva
MET2023-2105,SBSV,2023-07-21 12:00,25.4,1013.4,9642,18,43,0.8,31,Chuva
MET2023-2101,SBCG,2023-07-21 00:00,23.7,1012.2,12134,8,31,0.1,32,Ceu aberto
MET2023-2102,SBCG,2023-07-21 03:00,22.6,1012.8,12134,8,32,0.1,24,Ceu aberto
MET2023-2103,SBCG,2023-07-21 06:00,21.5,1013.3,12134,8,22,0.1,26,Ceu aberto
MET2023-2104,SBCG,2023-07-21 09:00,22.6,1012.8,12134,8,22,0.1,31,Ceu aberto
MET2023-2105,SBCG,2023-07-21 12:00,23.7,1012.2,12134,8,28,0.1,31,Ceu aberto
MET2023-2201,SBGR,2023-07-22 00:00,18.9,1013.9,7136,13,37,1.5,38,Chuva
MET2023-2202,SBGR,2023-07-22 03:00,17.8,1014.4,7136,13,26,1.5,49,Chuva
MET2023-2203,SBGR,2023-07-22 06:00,16.7,1015.0,7136,13,24,1.5,41,Chuva
MET2023-2204,SBGR,2023-07-22 09:00,17.8,1014.4,7136,13,25,1.5,46,Chuva
MET2023-2205,SBGR,2023-07-22 12:00,18.9,1013.9,7136,13,26,1.5,31,Chuva
MET2023-2201,SBGL,2023-07-22 00:00,21.9,1014.5,7777,17,39,2.0,45,Chuva
MET2023-2202,SBGL,2023-07-22 03:00,20.8,1015.1,7777,17,39,2.0,58,Chuva
MET2023-2203,SBGL,2023-07-22 06:00,19.7,1015.6,7777,17,40,2.0,51,Chuva
MET2023-2204,SBGL,2023-07-22 09:00,20.8,1015.1,7777,17,39,2.0,55,Chuva
MET2023-2205,SBGL,2023-07-22 12:00,21.9,1014.5,7777,17,34,2.0,38,Chuva
MET2023-2201,SBBR,2023-07-22 00:00,25.6,1009.5,13135,6,19,0.0,13,Ceu aberto
MET2023-2202,SBBR,2023-07-22 03:00,24.5,1010.1,13135,6,21,0.0,32,Ceu aberto
MET2023-2203,SBBR,2023-07-22 06:00,23.4,1010.6,13135,6,18,0.0,17,Ceu aberto
MET2023-2204,SBBR,2023-07-22 09:00,24.5,1010.1,13135,6,27,0.0,1,Ceu aberto
MET2023-2205,SBBR,2023-07-22 12:00,25.6,1009.5,13135,6,24,0.0,22,Ceu aberto
MET2023-2201,SBCF,2023-07-22 00:00,22.0,1006.6,8622,11,35,0.8,22,Chuva
MET2023-2202,SBCF,2023-07-22 03:00,20.9,1007.2,8622,11,27,0.8,41,Chuva
MET2023-2203,SBCF,2023-07-22 06:00,19.9,1007.7,8622,11,35,0.8,45,Chuva
MET2023-2204,SBCF,2023-07-22 09:00,20.9,1007.2,8622,11,34,0.8,51,Chuva
MET2023-2205,SBCF,2023-07-22 12:00,22.0,1006.6,8622,11,35,0.8,40,Chuva
MET2023-2201,SBPA,2023-07-22 00:00,12.9,1014.7,7884,20,32,1.2,62,Chuva
MET2023-2202,SBPA,2023-07-22 03:00,11.8,1015.2,7884,20,45,1.2,53,Chuva
MET2023-2203,SBPA,2023-07-22 06:00,10.7,1015.8,7884,20,31,1.2,44,Chuva
MET2023-2204,SBPA,2023-07-22 09:00,11.8,1015.2,7884,20,40,1.2,29,Chuva
MET2023-2205,SBPA,2023-07-22 12:00,12.9,1014.7,7884,20,33,1.2,39,Chuva
MET2023-2201,SBCT,2023-07-22 00:00,11.7,1018.4,7368,21,31,1.3,38,Chuva
MET2023-2202,SBCT,2023-07-22 03:00,10.6,1019.0,7368,21,41,1.3,24,Chuva
MET2023-2203,SBCT,2023-07-22 06:00,9.5,1019.5,7368,21,40,1.3,37,Chuva
MET2023-2204,SBCT,2023-07-22 09:00,10.6,1019.0,7368,21,34,1.3,21,Chuva
MET2023-2205,SBCT,2023-07-22 12:00,11.7,1018.4,7368,21,43,1.3,50,Chuva
MET2023-2201,SBRF,2023-07-22 00:00,28.4,1014.8,10712,11,24,0.0,30,Ceu aberto
MET2023-2202,SBRF,2023-07-22 03:00,27.3,1015.3,10712,11,23,0.0,4,Ceu aberto
MET2023-2203,SBRF,2023-07-22 06:00,26.2,1015.9,10712,11,34,0.0,-8,Ceu aberto
MET2023-2204,SBRF,2023-07-22 09:00,27.3,1015.3,10712,11,25,0.0,32,Ceu aberto
MET2023-2205,SBRF,2023-07-22 12:00,28.4,1014.8,10712,11,34,0.0,15,Ceu aberto
MET2023-2201,SBFL,2023-07-22 00:00,16.4,1009.1,8620,18,29,1.6,63,Chuva
MET2023-2202,SBFL,2023-07-22 03:00,15.3,1009.6,8620,18,35,1.6,32,Chuva
MET2023-2203,SBFL,2023-07-22 06:00,14.2,1010.2,8620,18,38,1.6,41,Chuva
MET2023-2204,SBFL,2023-07-22 09:00,15.3,1009.6,8620,18,43,1.6,61,Chuva
MET2023-2205,SBFL,2023-07-22 12:00,16.4,1009.1,8620,18,29,1.6,49,Chuva
MET2023-2201,SBSV,2023-07-22 00:00,24.9,1011.9,11514,15,31,0.1,24,Ceu aberto
MET2023-2202,SBSV,2023-07-22 03:00,23.8,1012.5,11514,15,33,0.1,33,Ceu aberto
MET2023-2203,SBSV,2023-07-22 06:00,22.7,1013.0,11514,15,37,0.1,18,Ceu aberto
MET2023-2204,SBSV,2023-07-22 09:00,23.8,1012.5,11514,15,34,0.1,8,Ceu aberto
MET2023-2205,SBSV,2023-07-22 12:00,24.9,1011.9,11514,15,27,0.1,14,Ceu aberto
MET2023-2201,SBCG,2023-07-22 00:00,21.5,1007.4,12228,17,30,0.5,21,Chuva
MET2023-2202,SBCG,2023-07-22 03:00,20.4,1008.0,12228,17,30,0.5,16,Chuva
MET2023-2203,SBCG,2023-07-22 06:00,19.3,1008.5,12228,17,41,0.5,25,Chuva
MET2023-2204,SBCG,2023-07-22 09:00,20.4,1008.0,12228,17,36,0.5,28,Chuva
MET2023-2205,SBCG,2023-07-22 12:00,21.5,1007.4,12228,17,38,0.5,12,Chuva
MET2023-2301,SBGR,2023-07-23 00:00,20.1,1016.0,7848,19,39,1.1,52,Chuva
MET2023-2302,SBGR,2023-07-23 03:00,19.0,1016.6,7848,19,35,1.1,44,Chuva
MET2023-2303,SBGR,2023-07-23 06:00,17.9,1017.1,7848,19,31,1.1,42,Chuva
MET2023-2304,SBGR,2023-07-23 09:00,19.0,1016.6,7848,19,41,1.1,48,Chuva
MET2023-2305,SBGR,2023-07-23 12:00,20.1,1016.0,7848,19,35,1.1,37,Chuva
MET2023-2301,SBGL,2023-07-23 00:00,23.1,1011.8,9993,16,31,2.1,24,Chuva
MET2023-2302,SBGL,2023-07-23 03:00,22.0,1012.4,9993,16,35,2.1,48,Chuva
MET2023-2303,SBGL,2023-07-23 06:00,20.9,1012.9,9993,16,30,2.1,50,Chuva
MET2023-2304,SBGL,2023-07-23 09:00,22.0,1012.4,9993,16,26,2.1,66,Chuva
MET2023-2305,SBGL,2023-07-23 12:00,23.1,1011.8,9993,16,31,2.1,44,Chuva
MET2023-2301,SBBR,2023-07-23 00:00,25.8,1011.9,11870,11,36,0.0,28,Ceu aberto
MET2023-2302,SBBR,2023-07-23 03:00,24.7,1012.4,11870,11,22,0.0,36,Ceu aberto
MET2023-2303,SBBR,2023-07-23 06:00,23.6,1013.0,11870,11,32,0.0,30,Ceu aberto
MET2023-2304,SBBR,2023-07-23 09:00,24.7,1012.4,11870,11,23,0.0,7,Ceu aberto
MET2023-2305,SBBR,2023-07-23 12:00,25.8,1011.9,11870,11,26,0.0,25,Ceu aberto
MET2023-2301,SBCF,2023-07-23 00:00,17.5,1017.5,8972,12,36,1.5,37,Chuva
MET2023-2302,SBCF,2023-07-23 03:00,16.4,1018.1,8972,12,24,1.5,34,Chuva
MET2023-2303,SBCF,2023-07-23 06:00,15.3,1018.6,8972,12,23,1.5,40,Chuva
MET2023-2304,SBCF,2023-07-23 09:00,16.4,1018.1,8972,12,32,1.5,31,Chuva
MET2023-2305,SBCF,2023-07-23 12:00,17.5,1017.5,8972,12,26,1.5,45,Chuva
MET2023-2301,SBPA,2023-07-23 00:00,16.1,1014.9,8222,21,32,0.8,45,Chuva
MET2023-2302,SBPA,2023-07-23 03:00,15.0,1015.4,8222,21,40,0.8,31,Chuva
MET2023-2303,SBPA,2023-07-23 06:00,13.9,1016.0,8222,21,40,0.8,31,Chuva
MET2023-2304,SBPA,2023-07-23 09:00,15.0,1015.4,8222,21,37,0.8,32,Chuva
MET2023-2305,SBPA,2023-07-23 12:00,16.1,1014.9,8222,21,35,0.8,36,Chuva
MET2023-2301,SBCT,2023-07-23 00:00,12.8,1018.9,7308,21,38,1.2,38,Chuva
MET2023-2302,SBCT,2023-07-23 03:00,11.7,1019.5,7308,21,44,1.2,31,Chuva
MET2023-2303,SBCT,2023-07-23 06:00,10.6,1020.0,7308,21,35,1.2,44,Chuva
MET2023-2304,SBCT,2023-07-23 09:00,11.7,1019.5,7308,21,43,1.2,17,Chuva
MET2023-2305,SBCT,2023-07-23 12:00,12.8,1018.9,7308,21,44,1.2,31,Chuva
MET2023-2301,SBRF,2023-07-23 00:00,24.2,1011.8,10961,11,29,0.0,21,Ceu aberto
MET2023-2302,SBRF,2023-07-23 03:00,23.1,1012.3,10961,11,33,0.0,13,Ceu aberto
MET2023-2303,SBRF,2023-07-23 06:00,22.0,1012.9,10961,11,23,0.0,24,Ceu aberto
MET2023-2304,SBRF,2023-07-23 09:00,23.1,1012.3,10961,11,25,0.0,8,Ceu aberto
MET2023-2305,SBRF,2023-07-23 12:00,24.2,1011.8,10961,11,31,0.0,2,Ceu aberto
MET2023-2301,SBFL,2023-07-23 00:00,19.9,1011.4,8694,15,39,1.7,41,Chuva
MET2023-2302,SBFL,2023-07-23 03:00,18.8,1012.0,8694,15,30,1.7,40,Chuva
MET2023-2303,SBFL,2023-07-23 06:00,17.7,1012.5,8694,15,29,1.7,30,Chuva
MET2023-2304,SBFL,2023-07-23 09:00,18.8,1012.0,8694,15,35,1.7,50,Chuva
MET2023-2305,SBFL,2023-07-23 12:00,19.9,1011.4,8694,15,38,1.7,54,Chuva
MET2023-2301,SBSV,2023-07-23 00:00,24.7,1011.6,10219,18,30,0.0,28,Ceu aberto
MET2023-2302,SBSV,2023-07-23 03:00,23.6,1012.2,10219,18,43,0.0,28,Ceu aberto
MET2023-2303,SBSV,2023-07-23 06:00,22.5,1012.7,10219,18,41,0.0,38,Ceu aberto
MET2023-2304,SBSV,2023-07-23 09:00,23.6,1012.2,10219,18,33,0.0,42,Ceu aberto
MET2023-2305,SBSV,2023-07-23 12:00,24.7,1011.6,10219,18,35,0.0,13,Ceu aberto
MET2023-2301,SBCG,2023-07-23 00:00,20.3,1011.0,11792,15,34,1.1,41,Chuva
MET2023-2302,SBCG,2023-07-23 03:00,19.2,1011.5,11792,15,37,1.1,42,Chuva
MET2023-2303,SBCG,2023-07-23 06:00,18.1,1012.1,11792,15,29,1.1,28,Chuva
MET2023-2304,SBCG,2023-07-23 09:00,19.2,1011.5,11792,15,38,1.1,31,Chuva
MET2023-2305,SBCG,2023-07-23 12:00,20.3,1011.0,11792,15,35,1.1,44,Chuva
MET2023-2401,SBGR,2023-07-24 00:00,22.2,1017.4,10589,17,39,0.2,17,Ceu aberto
MET2023-2402,SBGR,2023-07-24 03:00,21.1,1018.0,10589,17,31,0.2,12,Ceu aberto
MET2023-2403,SBGR,2023-07-24 06:00,20.0,1018.5,10589,17,37,0.2,30,Ceu aberto
MET2023-2404,SBGR,2023-07-24 09:00,21.1,1018.0,10589,17,38,0.2,25,Ceu aberto
MET2023-2405,SBGR,2023-07-24 12:00,22.2,1017.4,10589,17,40,0.2,12,Ceu aberto
MET2023-2401,SBGL,2023-07-24 00:00,21.5,1006.9,10189,17,28,0.8,31,Chuva
MET2023-2402,SBGL,2023-07-24 03:00,20.4,1007.5,10189,17,30,0.8,32,Chuva
MET2023-2403,SBGL,2023-07-24 06:00,19.3,1008.0,10189,17,33,0.8,28,Chuva
MET2023-2404,SBGL,2023-07-24 09:00,20.4,1007.5,10189,17,35,0.8,25,Chuva
MET2023-2405,SBGL,2023-07-24 12:00,21.5,1006.9,10189,17,37,0.8,22,Chuva
MET2023-2401,SBBR,2023-07-24 00:00,24.4,1013.6,12012,18,42,0.0,30,Ceu aberto
MET2023-2402,SBBR,2023-07-24 03:00,23.3,1014.2,12012,18,34,0.0,24,Ceu aberto
MET2023-2403,SBBR,2023-07-24 06:00,22.2,1014.7,12012,18,33,0.0,12,Ceu aberto
MET2023-2404,SBBR,2023-07-24 09:00,23.3,1014.2,12012,18,36,0.0,26,Ceu aberto
MET2023-2405,SBBR,2023-07-24 12:00,24.4,1013.6,12012,18,40,0.0,22,Ceu aberto
MET2023-2401,SBCF,2023-07-24 00:00,22.6,1014.7,9516,13,33,1.1,24,Chuva
MET2023-2402,SBCF,2023-07-24 03:00,21.5,1015.2,9516,13,32,1.1,47,Chuva
MET2023-2403,SBCF,2023-07-24 06:00,20.4,1015.8,9516,13,32,1.1,23,Chuva
MET2023-2404,SBCF,2023-07-24 09:00,21.5,1015.2,9516,13,29,1.1,28,Chuva
MET2023-2405,SBCF,2023-07-24 12:00,22.6,1014.7,9516,13,29,1.1,39,Chuva
MET2023-2401,SBPA,2023-07-24 00:00,16.7,1017.8,6199,26,51,2.4,56,Chuva
MET2023-2402,SBPA,2023-07-24 03:00,15.6,1018.4,6199,26,45,2.4,46,Chuva
MET2023-2403,SBPA,2023-07-24 06:00,14.5,1018.9,6199,26,45,2.4,55,Chuva
MET2023-2404,SBPA,2023-07-24 09:00,15.6,1018.4,6199,26,42,2.4,39,Chuva
MET2023-2405,SBPA,2023-07-24 12:00,16.7,1017.8,6199,26,40,2.4,70,Chuva
MET2023-2401,SBCT,2023-07-24 00:00,13.8,1013.7,6827,21,46,2.1,51,Chuva
MET2023-2402,SBCT,2023-07-24 03:00,12.7,1014.3,6827,21,40,2.1,45,Chuva
MET2023-2403,SBCT,2023-07-24 06:00,11.6,1014.8,6827,21,36,2.1,60,Chuva
MET2023-2404,SBCT,2023-07-24 09:00,12.7,1014.3,6827,21,37,2.1,62,Chuva
MET2023-2405,SBCT,2023-07-24 12:00,13.8,1013.7,6827,21,36,2.1,62,Chuva
MET2023-2401,SBRF,2023-07-24 00:00,29.0,1007.7,11654,14,35,0.7,41,Chuva
MET2023-2402,SBRF,2023-07-24 03:00,27.9,1008.2,11654,14,37,0.7,48,Chuva
MET2023-2403,SBRF,2023-07-24 06:00,26.8,1008.8,11654,14,33,0.7,30,Chuva
MET2023-2404,SBRF,2023-07-24 09:00,27.9,1008.2,11654,14,27,0.7,51,Chuva
MET2023-2405,SBRF,2023-07-24 12:00,29.0,1007.7,11654,14,37,0.7,20,Chuva
MET2023-2401,SBFL,2023-07-24 00:00,17.1,1014.7,11263,16,26,1.0,35,Chuva
MET2023-2402,SBFL,2023-07-24 03:00,16.0,1015.3,11263,16,27,1.0,46,Chuva
MET2023-2403,SBFL,2023-07-24 06:00,14.9,1015.8,11263,16,29,1.0,57,Chuva
MET2023-2404,SBFL,2023-07-24 09:00,16.0,1015.3,11263,16,35,1.0,54,Chuva
MET2023-2405,SBFL,2023-07-24 12:00,17.1,1014.7,11263,16,29,1.0,34,Chuva
MET2023-2401,SBSV,2023-07-24 00:00,27.7,1006.5,11706,18,35,1.1,23,Chuva
MET2023-2402,SBSV,2023-07-24 03:00,26.6,1007.1,11706,18,31,1.1,41,Chuva
MET2023-2403,SBSV,2023-07-24 06:00,25.5,1007.6,11706,18,34,1.1,54,Chuva
MET2023-2404,SBSV,2023-07-24 09:00,26.6,1007.1,11706,18,42,1.1,26,Chuva
MET2023-2405,SBSV,2023-07-24 12:00,27.7,1006.5,11706,18,39,1.1,48,Chuva
MET2023-2401,SBCG,2023-07-24 00:00,25.2,1009.2,8671,10,35,0.7,20,Chuva
MET2023-2402,SBCG,2023-07-24 03:00,24.1,1009.7,8671,10,26,0.7,28,Chuva
MET2023-2403,SBCG,2023-07-24 06:00,23.0,1010.3,8671,10,28,0.7,25,Chuva
MET2023-2404,SBCG,2023-07-24 09:00,24.1,1009.7,8671,10,23,0.7,10,Chuva
MET2023-2405,SBCG,2023-07-24 12:00,25.2,1009.2,8671,10,26,0.7,23,Chuva
MET2023-2501,SBGR,2023-07-25 00:00,16.9,1011.5,8651,19,41,0.8,33,Chuva
MET2023-2502,SBGR,2023-07-25 03:00,15.8,1012.0,8651,19,43,0.8,35,Chuva
MET2023-2503,SBGR,2023-07-25 06:00,14.7,1012.6,8651,19,31,0.8,33,Chuva
MET2023-2504,SBGR,2023-07-25 09:00,15.8,1012.0,8651,19,36,0.8,46,Chuva
MET2023-2505,SBGR,2023-07-25 12:00,16.9,1011.5,8651,19,35,0.8,50,Chuva
MET2023-2501,SBGL,2023-07-25 00:00,20.5,1012.6,9453,13,24,0.5,34,Chuva
MET2023-2502,SBGL,2023-07-25 03:00,19.5,1013.2,9453,13,32,0.5,37,Chuva
MET2023-2503,SBGL,2023-07-25 06:00,18.4,1013.7,9453,13,32,0.5,30,Chuva
MET2023-2504,SBGL,2023-07-25 09:00,19.5,1013.2,9453,13,29,0.5,29,Chuva
MET2023-2505,SBGL,2023-07-25 12:00,20.5,1012.6,9453,13,25,0.5,41,Chuva
MET2023-2501,SBBR,2023-07-25 00:00,25.3,1010.8,10240,8,24,0.2,22,Ceu aberto
MET2023-2502,SBBR,2023-07-25 03:00,24.2,1011.3,10240,8,26,0.2,28,Ceu aberto
MET2023-2503,SBBR,2023-07-25 06:00,23.1,1011.9,10240,8,30,0.2,38,Ceu aberto
MET2023-2504,SBBR,2023-07-25 09:00,24.2,1011.3,10240,8,19,0.2,46,Ceu aberto
MET2023-2505,SBBR,2023-07-25 12:00,25.3,1010.8,10240,8,30,0.2,19,Ceu aberto
MET2023-2501,SBCF,2023-07-25 00:00,19.6,1015.4,10462,10,27,0.7,26,Chuva
MET2023-2502,SBCF,2023-07-25 03:00,18.6,1015.9,10462,10,28,0.7,33,Chuva
MET2023-2503,SBCF,2023-07-25 06:00,17.5,1016.5,10462,10,27,0.7,35,Chuva
MET2023-2504,SBCF,2023-07-25 09:00,18.6,1015.9,10462,10,32,0.7,25,Chuva
MET2023-2505,SBCF,2023-07-25 12:00,19.6,1015.4,10462,10,22,0.7,39,Chuva
MET2023-2501,SBPA,2023-07-25 00:00,18.2,1012.4,6626,22,37,2.3,56,Chuva
MET2023-2502,SBPA,2023-07-25 03:00,17.2,1012.9,6626,22,35,2.3,48,Chuva
MET2023-2503,SBPA,2023-07-25 06:00,16.1,1013.5,6626,22,44,2.3,53,Chuva
MET2023-2504,SBPA,2023-07-25 09:00,17.2,1012.9,6626,22,44,2.3,36,Chuva
MET2023-2505,SBPA,2023-07-25 12:00,18.2,1012.4,6626,22,44,2.3,64,Chuva
MET2023-2501,SBCT,2023-07-25 00:00,16.1,1015.1,9075,20,44,0.8,49,Chuva
MET2023-2502,SBCT,2023-07-25 03:00,15.0,1015.6,9075,20,38,0.8,19,Chuva
MET2023-2503,SBCT,2023-07-25 06:00,13.9,1016.2,9075,20,39,0.8,37,Chuva
MET2023-2504,SBCT,2023-07-25 09:00,15.0,1015.6,9075,20,38,0.8,46,Chuva
MET2023-2505,SBCT,2023-07-25 12:00,16.1,1015.1,9075,20,38,0.8,38,Chuva
MET2023-2501,SBRF,2023-07-25 00:00,29.4,1006.9,11888,13,26,0.0,15,Ceu aberto
MET2023-2502,SBRF,2023-07-25 03:00,28.3,1007.4,11888,13,29,0.0,18,Ceu aberto
MET2023-2503,SBRF,2023-07-25 06:00,27.2,1008.0,11888,13,31,0.0,14,Ceu aberto
MET2023-2504,SBRF,2023-07-25 09:00,28.3,1007.4,11888,13,30,0.0,30,Ceu aberto
MET2023-2505,SBRF,2023-07-25 12:00,29.4,1006.9,11888,13,25,0.0,16,Ceu aberto
MET2023-2501,SBFL,2023-07-25 00:00,16.3,1015.9,8031,17,36,2.0,51,Chuva
MET2023-2502,SBFL,2023-07-25 03:00,15.3,1016.4,8031,17,42,2.0,70,Chuva
MET2023-2503,SBFL,2023-07-25 06:00,14.2,1016.9,8031,17,28,2.0,55,Chuva
MET2023-2504,SBFL,2023-07-25 09:00,15.3,1016.4,8031,17,41,2.0,45,Chuva
MET2023-2505,SBFL,2023-07-25 12:00,16.3,1015.9,8031,17,28,2.0,58,Chuva
MET2023-2501,SBSV,2023-07-25 00:00,26.0,1011.7,10999,11,36,0.1,8,Ceu aberto
MET2023-2502,SBSV,2023-07-25 03:00,24.9,1012.3,10999,11,32,0.1,30,Ceu aberto
MET2023-2503,SBSV,2023-07-25 06:00,23.8,1012.8,10999,11,23,0.1,0,Ceu aberto
MET2023-2504,SBSV,2023-07-25 09:00,24.9,1012.3,10999,11,22,0.1,32,Ceu aberto
MET2023-2505,SBSV,2023-07-25 12:00,26.0,1011.7,10999,11,28,0.1,34,Ceu aberto
MET2023-2501,SBCG,2023-07-25 00:00,18.9,1013.1,11466,14,30,0.2,34,Ceu aberto
MET2023-2502,SBCG,2023-07-25 03:00,17.8,1013.6,11466,14,28,0.2,28,Ceu aberto
MET2023-2503,SBCG,2023-07-25 06:00,16.7,1014.2,11466,14,33,0.2,33,Ceu aberto
MET2023-2504,SBCG,2023-07-25 09:00,17.8,1013.6,11466,14,32,0.2,13,Ceu aberto
MET2023-2505,SBCG,2023-07-25 12:00,18.9,1013.1,11466,14,36,0.2,9,Ceu aberto
MET2023-2601,SBGR,2023-07-26 00:00,19.5,1014.4,8447,10,23,1.3,39,Chuva
MET2023-2602,SBGR,2023-07-26 03:00,18.4,1014.9,8447,10,32,1.3,51,Chuva
MET2023-2603,SBGR,2023-07-26 06:00,17.3,1015.5,8447,10,26,1.3,30,Chuva
MET2023-2604,SBGR,2023-07-26 09:00,18.4,1014.9,8447,10,29,1.3,44,Chuva
MET2023-2605,SBGR,2023-07-26 12:00,19.5,1014.4,8447,10,33,1.3,44,Chuva
MET2023-2601,SBGL,2023-07-26 00:00,21.8,1012.0,10749,10,28,0.0,31,Ceu aberto
MET2023-2602,SBGL,2023-07-26 03:00,20.7,1012.5,10749,10,35,0.0,23,Ceu aberto
MET2023-2603,SBGL,2023-07-26 06:00,19.7,1013.1,10749,10,26,0.0,11,Ceu aberto
MET2023-2604,SBGL,2023-07-26 09:00,20.7,1012.5,10749,10,22,0.0,33,Ceu aberto
MET2023-2605,SBGL,2023-07-26 12:00,21.8,1012.0,10749,10,28,0.0,8,Ceu aberto
MET2023-2601,SBBR,2023-07-26 00:00,21.0,1009.3,13308,16,34,0.2,11,Ceu aberto
MET2023-2602,SBBR,2023-07-26 03:00,19.9,1009.9,13308,16,34,0.2,30,Ceu aberto
MET2023-2603,SBBR,2023-07-26 06:00,18.8,1010.4,13308,16,26,0.2,15,Ceu aberto
MET2023-2604,SBBR,2023-07-26 09:00,19.9,1009.9,13308,16,31,0.2,26,Ceu aberto
MET2023-2605,SBBR,2023-07-26 12:00,21.0,1009.3,13308,16,29,0.2,38,Ceu aberto
MET2023-2601,SBCF,2023-07-26 00:00,21.4,1017.1,10570,14,26,0.7,55,Chuva
MET2023-2602,SBCF,2023-07-26 03:00,20.3,1017.7,10570,14,28,0.7,49,Chuva
MET2023-2603,SBCF,2023-07-26 06:00,19.3,1018.2,10570,14,32,0.7,16,Chuva
MET2023-2604,SBCF,2023-07-26 09:00,20.3,1017.7,10570,14,29,0.7,30,Chuva
MET2023-2605,SBCF,2023-07-26 12:00,21.4,1017.1,10570,14,29,0.7,28,Chuva
MET2023-2601,SBPA,2023-07-26 00:00,16.1,1016.3,7181,18,36,2.1,44,Chuva
MET2023-2602,SBPA,2023-07-26 03:00,15.0,1016.9,7181,18,34,2.1,61,Chuva
MET2023-2603,SBPA,2023-07-26 06:00,13.9,1017.4,7181,18,31,2.1,52,Chuva
MET2023-2604,SBPA,2023-07-26 09:00,15.0,1016.9,7181,18,28,2.1,54,Chuva
MET2023-2605,SBPA,2023-07-26 12:00,16.1,1016.3,7181,18,41,2.1,62,Chuva
MET2023-2601,SBCT,2023-07-26 00:00,15.9,1015.7,8619,19,31,1.8,55,Chuva
MET2023-2602,SBCT,2023-07-26 03:00,14.8,1016.3,8619,19,33,1.8,40,Chuva
MET2023-2603,SBCT,2023-07-26 06:00,13.7,1016.8,8619,19,33,1.8,39,Chuva
MET2023-2604,SBCT,2023-07-26 09:00,14.8,1016.3,8619,19,37,1.8,31,Chuva
MET2023-2605,SBCT,2023-07-26 12:00,15.9,1015.7,8619,19,38,1.8,65,Chuva
MET2023-2601,SBRF,2023-07-26 00:00,28.2,1007.0,10670,14,25,0.8,27,Chuva
MET2023-2602,SBRF,2023-07-26 03:00,27.1,1007.6,10670,14,34,0.8,42,Chuva
MET2023-2603,SBRF,2023-07-26 06:00,26.0,1008.1,10670,14,38,0.8,37,Chuva
MET2023-2604,SBRF,2023-07-26 09:00,27.1,1007.6,10670,14,25,0.8,54,Chuva
MET2023-2605,SBRF,2023-07-26 12:00,28.2,1007.0,10670,14,34,0.8,17,Chuva
MET2023-2601,SBFL,2023-07-26 00:00,18.0,1015.6,8970,17,31,1.5,46,Chuva
MET2023-2602,SBFL,2023-07-26 03:00,16.9,1016.1,8970,17,29,1.5,42,Chuva
MET2023-2603,SBFL,2023-07-26 06:00,15.8,1016.7,8970,17,37,1.5,53,Chuva
MET2023-2604,SBFL,2023-07-26 09:00,16.9,1016.1,8970,17,31,1.5,50,Chuva
MET2023-2605,SBFL,2023-07-26 12:00,18.0,1015.6,8970,17,32,1.5,49,Chuva
MET2023-2601,SBSV,2023-07-26 00:00,23.9,1011.8,10737,16,37,0.4,29,Ceu aberto
MET2023-2602,SBSV,2023-07-26 03:00,22.8,1012.4,10737,16,37,0.4,15,Ceu aberto
MET2023-2603,SBSV,2023-07-26 06:00,21.7,1012.9,10737,16,36,0.4,22,Ceu aberto
MET2023-2604,SBSV,2023-07-26 09:00,22.8,1012.4,10737,16,37,0.4,11,Ceu aberto
MET2023-2605,SBSV,2023-07-26 12:00,23.9,1011.8,10737,16,33,0.4,29,Ceu aberto
MET2023-2601,SBCG,2023-07-26 00:00,21.6,1007.3,12438,16,30,0.4,12,Ceu aberto
MET2023-2602,SBCG,2023-07-26 03:00,20.6,1007.9,12438,16,29,0.4,27,Ceu aberto
MET2023-2603,SBCG,2023-07-26 06:00,19.5,1008.4,12438,16,31,0.4,27,Ceu aberto
MET2023-2604,SBCG,2023-07-26 09:00,20.6,1007.9,12438,16,37,0.4,11,Ceu aberto
MET2023-2605,SBCG,2023-07-26 12:00,21.6,1007.3,12438,16,27,0.4,15,Ceu aberto
MET2023-2701,SBGR,2023-07-27 00:00,17.7,1015.1,8065,11,26,1.4,43,Chuva
MET2023-2702,SBGR,2023-07-27 03:00,16.6,1015.6,8065,11,34,1.4,45,Chuva
MET2023-2703,SBGR,2023-07-27 06:00,15.6,1016.1,8065,11,23,1.4,46,Chuva
MET2023-2704,SBGR,2023-07-27 09:00,16.6,1015.6,8065,11,31,1.4,42,Chuva
MET2023-2705,SBGR,2023-07-27 12:00,17.7,1015.1,8065,11,26,1.4,44,Chuva
MET2023-2701,SBGL,2023-07-27 00:00,24.6,1011.7,8639,17,40,1.6,38,Chuva
MET2023-2702,SBGL,2023-07-27 03:00,23.6,1012.2,8639,17,29,1.6,43,Chuva
MET2023-2703,SBGL,2023-07-27 06:00,22.5,1012.8,8639,17,37,1.6,48,Chuva
MET2023-2704,SBGL,2023-07-27 09:00,23.6,1012.2,8639,17,38,1.6,52,Chuva
MET2023-2705,SBGL,2023-07-27 12:00,24.6,1011.7,8639,17,29,1.6,40,Chuva
MET2023-2701,SBBR,2023-07-27 00:00,25.0,1013.1,10627,13,23,0.3,25,Ceu aberto
MET2023-2702,SBBR,2023-07-27 03:00,23.9,1013.7,10627,13,33,0.3,36,Ceu aberto
MET2023-2703,SBBR,2023-07-27 06:00,22.8,1014.2,10627,13,28,0.3,23,Ceu aberto
MET2023-2704,SBBR,2023-07-27 09:00,23.9,1013.7,10627,13,25,0.3,26,Ceu aberto
MET2023-2705,SBBR,2023-07-27 12:00,25.0,1013.1,10627,13,25,0.3,36,Ceu aberto
MET2023-2701,SBCF,2023-07-27 00:00,20.4,1017.7,8723,20,40,1.1,40,Chuva
MET2023-2702,SBCF,2023-07-27 03:00,19.3,1018.3,8723,20,31,1.1,41,Chuva
MET2023-2703,SBCF,2023-07-27 06:00,18.2,1018.8,8723,20,40,1.1,46,Chuva
MET2023-2704,SBCF,2023-07-27 09:00,19.3,1018.3,8723,20,35,1.1,40,Chuva
MET2023-2705,SBCF,2023-07-27 12:00,20.4,1017.7,8723,20,31,1.1,43,Chuva
MET2023-2701,SBPA,2023-07-27 00:00,16.3,1015.2,8646,25,50,1.8,38,Chuva
MET2023-2702,SBPA,2023-07-27 03:00,15.2,1015.7,8646,25,40,1.8,41,Chuva
MET2023-2703,SBPA,2023-07-27 06:00,14.2,1016.2,8646,25,37,1.8,60,Chuva
MET2023-2704,SBPA,2023-07-27 09:00,15.2,1015.7,8646,25,36,1.8,50,Chuva
MET2023-2705,SBPA,2023-07-27 12:00,16.3,1015.2,8646,25,41,1.8,46,Chuva
MET2023-2701,SBCT,2023-07-27 00:00,11.8,1012.8,4241,23,41,1.9,59,Chuva
MET2023-2702,SBCT,2023-07-27 03:00,10.7,1013.4,4241,23,35,1.9,50,Chuva
MET2023-2703,SBCT,2023-07-27 06:00,9.7,1013.9,4241,23,42,1.9,43,Chuva
MET2023-2704,SBCT,2023-07-27 09:00,10.7,1013.4,4241,23,39,1.9,62,Chuva
MET2023-2705,SBCT,2023-07-27 12:00,11.8,1012.8,4241,23,36,1.9,44,Chuva
MET2023-2701,SBRF,2023-07-27 00:00,28.4,1014.0,10304,10,27,0.6,21,Chuva
MET2023-2702,SBRF,2023-07-27 03:00,27.4,1014.5,10304,10,25,0.6,37,Chuva
MET2023-2703,SBRF,2023-07-27 06:00,26.3,1015.1,10304,10,25,0.6,28,Chuva
MET2023-2704,SBRF,2023-07-27 09:00,27.4,1014.5,10304,10,21,0.6,25,Chuva
MET2023-2705,SBRF,2023-07-27 12:00,28.4,1014.0,10304,10,23,0.6,15,Chuva
MET2023-2701,SBFL,2023-07-27 00:00,17.8,1017.2,8269,18,30,1.7,53,Chuva
MET2023-2702,SBFL,2023-07-27 03:00,16.7,1017.7,8269,18,36,1.7,33,Chuva
MET2023-2703,SBFL,2023-07-27 06:00,15.6,1018.2,8269,18,37,1.7,30,Chuva
MET2023-2704,SBFL,2023-07-27 09:00,16.7,1017.7,8269,18,39,1.7,44,Chuva
MET2023-2705,SBFL,2023-07-27 12:00,17.8,1017.2,8269,18,40,1.7,41,Chuva
MET2023-2701,SBSV,2023-07-27 00:00,24.5,1006.8,10584,22,39,0.6,29,Chuva
MET2023-2702,SBSV,2023-07-27 03:00,23.5,1007.4,10584,22,47,0.6,21,Chuva
MET2023-2703,SBSV,2023-07-27 06:00,22.4,1007.9,10584,22,40,0.6,37,Chuva
MET2023-2704,SBSV,2023-07-27 09:00,23.5,1007.4,10584,22,47,0.6,19,Chuva
MET2023-2705,SBSV,2023-07-27 12:00,24.5,1006.8,10584,22,32,0.6,42,Chuva
MET2023-2701,SBCG,2023-07-27 00:00,20.2,1011.8,10788,16,30,0.2,15,Ceu aberto
MET2023-2702,SBCG,2023-07-27 03:00,19.2,1012.4,10788,16,27,0.2,25,Ceu aberto
MET2023-2703,SBCG,2023-07-27 06:00,18.1,1012.9,10788,16,30,0.2,10,Ceu aberto
MET2023-2704,SBCG,2023-07-27 09:00,19.2,1012.4,10788,16,32,0.2,32,Ceu aberto
MET2023-2705,SBCG,2023-07-27 12:00,20.2,1011.8,10788,16,40,0.2,20,Ceu aberto
MET2023-2801,SBGR,2023-07-28 00:00,15.8,1015.9,9123,12,25,0.9,21,Chuva
MET2023-2802,SBGR,2023-07-28 03:00,14.7,1016.4,9123,12,34,0.9,36,Chuva
MET2023-2803,SBGR,2023-07-28 06:00,13.7,1016.9,9123,12,24,0.9,24,Chuva
MET2023-2804,SBGR,2023-07-28 09:00,14.7,1016.4,9123,12,23,0.9,35,Chuva
MET2023-2805,SBGR,2023-07-28 12:00,15.8,1015.9,9123,12,24,0.9,46,Chuva
MET2023-2801,SBGL,2023-07-28 00:00,20.7,1014.3,11796,16,30,1.0,25,Chuva
MET2023-2802,SBGL,2023-07-28 03:00,19.6,1014.9,11796,16,31,1.0,43,Chuva
MET2023-2803,SBGL,2023-07-28 06:00,18.6,1015.4,11796,16,28,1.0,12,Chuva
MET2023-2804,SBGL,2023-07-28 09:00,19.6,1014.9,11796,16,36,1.0,29,Chuva
MET2023-2805,SBGL,2023-07-28 12:00,20.7,1014.3,11796,16,33,1.0,25,Chuva
MET2023-2801,SBBR,2023-07-28 00:00,24.1,1013.4,11006,11,26,0.0,20,Ceu aberto
MET2023-2802,SBBR,2023-07-28 03:00,23.0,1013.9,11006,11,27,0.0,16,Ceu aberto
MET2023-2803,SBBR,2023-07-28 06:00,22.0,1014.5,11006,11,23,0.0,18,Ceu aberto
MET2023-2804,SBBR,2023-07-28 09:00,23.0,1013.9,11006,11,27,0.0,16,Ceu aberto
MET2023-2805,SBBR,2023-07-28 12:00,24.1,1013.4,11006,11,35,0.0,22,Ceu aberto
MET2023-2801,SBCF,2023-07-28 00:00,21.9,1009.9,10992,8,32,0.9,29,Chuva
MET2023-2802,SBCF,2023-07-28 03:00,20.8,1010.4,10992,8,32,0.9,36,Chuva
MET2023-2803,SBCF,2023-07-28 06:00,19.8,1010.9,10992,8,30,0.9,41,Chuva
MET2023-2804,SBCF,2023-07-28 09:00,20.8,1010.4,10992,8,19,0.9,20,Chuva
MET2023-2805,SBCF,2023-07-28 12:00,21.9,1009.9,10992,8,27,0.9,22,Chuva
MET2023-2801,SBPA,2023-07-28 00:00,13.2,1016.2,8624,23,36,2.0,47,Chuva
MET2023-2802,SBPA,2023-07-28 03:00,12.2,1016.7,8624,23,36,2.0,60,Chuva
MET2023-2803,SBPA,2023-07-28 06:00,11.1,1017.2,8624,23,42,2.0,36,Chuva
MET2023-2804,SBPA,2023-07-28 09:00,12.2,1016.7,8624,23,43,2.0,61,Chuva
MET2023-2805,SBPA,2023-07-28 12:00,13.2,1016.2,8624,23,36,2.0,45,Chuva
MET2023-2801,SBCT,2023-07-28 00:00,15.7,1014.2,6901,22,33,1.6,55,Chuva
MET2023-2802,SBCT,2023-07-28 03:00,14.7,1014.7,6901,22,41,1.6,37,Chuva
MET2023-2803,SBCT,2023-07-28 06:00,13.6,1015.2,6901,22,33,1.6,29,Chuva
MET2023-2804,SBCT,2023-07-28 09:00,14.7,1014.7,6901,22,34,1.6,38,Chuva
MET2023-2805,SBCT,2023-07-28 12:00,15.7,1014.2,6901,22,46,1.6,41,Chuva
MET2023-2801,SBRF,2023-07-28 00:00,27.3,1010.7,11328,14,37,0.4,42,Ceu aberto
MET2023-2802,SBRF,2023-07-28 03:00,26.2,1011.3,11328,14,32,0.4,11,Ceu aberto
MET2023-2803,SBRF,2023-07-28 06:00,25.2,1011.8,11328,14,27,0.4,27,Ceu aberto
MET2023-2804,SBRF,2023-07-28 09:00,26.2,1011.3,11328,14,38,0.4,14,Ceu aberto
MET2023-2805,SBRF,2023-07-28 12:00,27.3,1010.7,11328,14,35,0.4,10,Ceu aberto
MET2023-2801,SBFL,2023-07-28 00:00,17.3,1014.9,8614,24,37,1.9,31,Chuva
MET2023-2802,SBFL,2023-07-28 03:00,16.3,1015.4,8614,24,45,1.9,46,Chuva
MET2023-2803,SBFL,2023-07-28 06:00,15.3,1016.0,8614,24,39,1.9,56,Chuva
MET2023-2804,SBFL,2023-07-28 09:00,16.3,1015.4,8614,24,48,1.9,42,Chuva
MET2023-2805,SBFL,2023-07-28 12:00,17.3,1014.9,8614,24,39,1.9,19,Chuva
MET2023-2801,SBSV,2023-07-28 00:00,25.4,1014.9,11555,17,39,0.2,3,Ceu aberto
MET2023-2802,SBSV,2023-07-28 03:00,24.3,1015.4,11555,17,32,0.2,36,Ceu aberto
MET2023-2803,SBSV,2023-07-28 06:00,23.3,1015.9,11555,17,39,0.2,29,Ceu aberto
MET2023-2804,SBSV,2023-07-28 09:00,24.3,1015.4,11555,17,39,0.2,17,Ceu aberto
MET2023-2805,SBSV,2023-07-28 12:00,25.4,1014.9,11555,17,33,0.2,21,Ceu aberto
MET2023-2801,SBCG,2023-07-28 00:00,21.2,1018.7,10526,17,38,0.3,29,Ceu aberto
MET2023-2802,SBCG,2023-07-28 03:00,20.1,1019.3,10526,17,35,0.3,17,Ceu aberto
MET2023-2803,SBCG,2023-07-28 06:00,19.1,1019.8,10526,17,38,0.3,15,Ceu aberto
MET2023-2804,SBCG,2023-07-28 09:00,20.1,1019.3,10526,17,34,0.3,15,Ceu aberto
MET2023-2805,SBCG,2023-07-28 12:00,21.2,1018.7,10526,17,40,0.3,-1,Ceu aberto
MET2023-2901,SBGR,2023-07-29 00:00,21.3,1014.0,8474,10,20,1.5,38,Chuva
MET2023-2902,SBGR,2023-07-29 03:00,20.3,1014.5,8474,10,20,1.5,51,Chuva
MET2023-2903,SBGR,2023-07-29 06:00,19.3,1015.0,8474,10,28,1.5,46,Chuva
MET2023-2904,SBGR,2023-07-29 09:00,20.3,1014.5,8474,10,22,1.5,48,Chuva
MET2023-2905,SBGR,2023-07-29 12:00,21.3,1014.0,8474,10,31,1.5,57,Chuva
MET2023-2901,SBGL,2023-07-29 00:00,17.8,1017.7,8869,18,37,1.9,43,Chuva
MET2023-2902,SBGL,2023-07-29 03:00,16.8,1018.2,8869,18,34,1.9,60,Chuva
MET2023-2903,SBGL,2023-07-29 06:00,15.7,1018.7,8869,18,33,1.9,48,Chuva
MET2023-2904,SBGL,2023-07-29 09:00,16.8,1018.2,8869,18,41,1.9,50,Chuva
MET2023-2905,SBGL,2023-07-29 12:00,17.8,1017.7,8869,18,41,1.9,47,Chuva
MET2023-2901,SBBR,2023-07-29 00:00,22.2,1008.0,11320,10,23,1.5,48,Chuva
MET2023-2902,SBBR,2023-07-29 03:00,21.2,1008.6,11320,10,23,1.5,41,Chuva
MET2023-2903,SBBR,2023-07-29 06:00,20.2,1009.1,11320,10,28,1.5,40,Chuva
MET2023-2904,SBBR,2023-07-29 09:00,21.2,1008.6,11320,10,33,1.5,35,Chuva
MET2023-2905,SBBR,2023-07-29 12:00,22.2,1008.0,11320,10,34,1.5,61,Chuva
MET2023-2901,SBCF,2023-07-29 00:00,20.1,1013.0,7993,13,31,1.0,28,Chuva
MET2023-2902,SBCF,2023-07-29 03:00,19.0,1013.5,7993,13,32,1.0,23,Chuva
MET2023-2903,SBCF,2023-07-29 06:00,18.0,1014.0,7993,13,29,1.0,38,Chuva
MET2023-2904,SBCF,2023-07-29 09:00,19.0,1013.5,7993,13,32,1.0,36,Chuva
MET2023-2905,SBCF,2023-07-29 12:00,20.1,1013.0,7993,13,32,1.0,36,Chuva
MET2023-2901,SBPA,2023-07-29 00:00,15.3,1013.2,6853,31,46,4.4,74,Chuva
MET2023-2902,SBPA,2023-07-29 03:00,14.2,1013.7,6853,31,49,4.4,91,Chuva
MET2023-2903,SBPA,2023-07-29 06:00,13.2,1014.2,6853,31,44,4.4,80,Chuva
MET2023-2904,SBPA,2023-07-29 09:00,14.2,1013.7,6853,31,42,4.4,100,Chuva
MET2023-2905,SBPA,2023-07-29 12:00,15.3,1013.2,6853,31,48,4.4,78,Chuva
MET2023-2901,SBCT,2023-07-29 00:00,14.1,1010.4,7122,21,36,2.4,64,Chuva
MET2023-2902,SBCT,2023-07-29 03:00,13.0,1010.9,7122,21,42,2.4,55,Chuva
MET2023-2903,SBCT,2023-07-29 06:00,12.0,1011.4,7122,21,36,2.4,50,Chuva
MET2023-2904,SBCT,2023-07-29 09:00,13.0,1010.9,7122,21,45,2.4,56,Chuva
MET2023-2905,SBCT,2023-07-29 12:00,14.1,1010.4,7122,21,42,2.4,53,Chuva
MET2023-2901,SBRF,2023-07-29 00:00,25.5,1012.2,12018,17,34,0.0,25,Ceu aberto
MET2023-2902,SBRF,2023-07-29 03:00,24.5,1012.7,12018,17,33,0.0,15,Ceu aberto
MET2023-2903,SBRF,2023-07-29 06:00,23.4,1013.2,12018,17,30,0.0,26,Ceu aberto
MET2023-2904,SBRF,2023-07-29 09:00,24.5,1012.7,12018,17,34,0.0,10,Ceu aberto
MET2023-2905,SBRF,2023-07-29 12:00,25.5,1012.2,12018,17,27,0.0,21,Ceu aberto
MET2023-2901,SBFL,2023-07-29 00:00,18.2,1014.2,7205,15,34,2.2,47,Chuva
MET2023-2902,SBFL,2023-07-29 03:00,17.2,1014.8,7205,15,34,2.2,40,Chuva
MET2023-2903,SBFL,2023-07-29 06:00,16.2,1015.3,7205,15,27,2.2,42,Chuva
MET2023-2904,SBFL,2023-07-29 09:00,17.2,1014.8,7205,15,31,2.2,55,Chuva
MET2023-2905,SBFL,2023-07-29 12:00,18.2,1014.2,7205,15,40,2.2,49,Chuva
MET2023-2901,SBSV,2023-07-29 00:00,27.1,1013.8,11808,10,32,0.1,-7,Ceu aberto
MET2023-2902,SBSV,2023-07-29 03:00,26.1,1014.4,11808,10,25,0.1,26,Ceu aberto
MET2023-2903,SBSV,2023-07-29 06:00,25.1,1014.9,11808,10,21,0.1,18,Ceu aberto
MET2023-2904,SBSV,2023-07-29 09:00,26.1,1014.4,11808,10,28,0.1,23,Ceu aberto
MET2023-2905,SBSV,2023-07-29 12:00,27.1,1013.8,11808,10,29,0.1,28,Ceu aberto
MET2023-2901,SBCG,2023-07-29 00:00,20.5,1009.6,11298,17,27,0.5,27,Ceu aberto
MET2023-2902,SBCG,2023-07-29 03:00,19.4,1010.1,11298,17,41,0.5,41,Ceu aberto
MET2023-2903,SBCG,2023-07-29 06:00,18.4,1010.6,11298,17,28,0.5,11,Ceu aberto
MET2023-2904,SBCG,2023-07-29 09:00,19.4,1010.1,11298,17,37,0.5,28,Ceu aberto
MET2023-2905,SBCG,2023-07-29 12:00,20.5,1009.6,11298,17,29,0.5,34,Ceu aberto
MET2023-3001,SBGR,2023-07-30 00:00,20.4,1015.2,9223,15,34,2.2,55,Chuva
MET2023-3002,SBGR,2023-07-30 03:00,19.4,1015.7,9223,15,27,2.2,42,Chuva
MET2023-3003,SBGR,2023-07-30 06:00,18.4,1016.2,9223,15,39,2.2,46,Chuva
MET2023-3004,SBGR,2023-07-30 09:00,19.4,1015.7,9223,15,37,2.2,40,Chuva
MET2023-3005,SBGR,2023-07-30 12:00,20.4,1015.2,9223,15,28,2.2,63,Chuva
MET2023-3001,SBGL,2023-07-30 00:00,20.0,1018.9,10305,13,30,1.6,41,Chuva
MET2023-3002,SBGL,2023-07-30 03:00,18.9,1019.4,10305,13,25,1.6,40,Chuva
MET2023-3003,SBGL,2023-07-30 06:00,17.9,1019.9,10305,13,34,1.6,39,Chuva
MET2023-3004,SBGL,2023-07-30 09:00,18.9,1019.4,10305,13,29,1.6,39,Chuva
MET2023-3005,SBGL,2023-07-30 12:00,20.0,1018.9,10305,13,23,1.6,44,Chuva
MET2023-3001,SBBR,2023-07-30 00:00,24.2,1010.2,12044,12,24,1.0,31,Chuva
MET2023-3002,SBBR,2023-07-30 03:00,23.2,1010.7,12044,12,36,1.0,24,Chuva
MET2023-3003,SBBR,2023-07-30 06:00,22.2,1011.2,12044,12,36,1.0,49,Chuva
MET2023-3004,SBBR,2023-07-30 09:00,23.2,1010.7,12044,12,26,1.0,47,Chuva
MET2023-3005,SBBR,2023-07-30 12:00,24.2,1010.2,12044,12,33,1.0,24,Chuva
MET2023-3001,SBCF,2023-07-30 00:00,20.2,1014.9,9651,10,35,0.9,21,Chuva
MET2023-3002,SBCF,2023-07-30 03:00,19.2,1015.4,9651,10,30,0.9,45,Chuva
MET2023-3003,SBCF,2023-07-30 06:00,18.1,1015.9,9651,10,27,0.9,27,Chuva
MET2023-3004,SBCF,2023-07-30 09:00,19.2,1015.4,9651,10,33,0.9,26,Chuva
MET2023-3005,SBCF,2023-07-30 12:00,20.2,1014.9,9651,10,32,0.9,21,Chuva
MET2023-3001,SBPA,2023-07-30 00:00,16.5,1011.2,8208,22,35,3.0,46,Chuva
MET2023-3002,SBPA,2023-07-30 03:00,15.5,1011.7,8208,22,38,3.0,59,Chuva
MET2023-3003,SBPA,2023-07-30 06:00,14.5,1012.2,8208,22,41,3.0,64,Chuva
MET2023-3004,SBPA,2023-07-30 09:00,15.5,1011.7,8208,22,46,3.0,68,Chuva
MET2023-3005,SBPA,2023-07-30 12:00,16.5,1011.2,8208,22,42,3.0,54,Chuva
MET2023-3001,SBCT,2023-07-30 00:00,15.7,1012.6,6590,14,29,2.6,59,Chuva
MET2023-3002,SBCT,2023-07-30 03:00,14.7,1013.1,6590,14,38,2.6,59,Chuva
MET2023-3003,SBCT,2023-07-30 06:00,13.7,1013.6,6590,14,37,2.6,31,Chuva
MET2023-3004,SBCT,2023-07-30 09:00,14.7,1013.1,6590,14,35,2.6,71,Chuva
MET2023-3005,SBCT,2023-07-30 12:00,15.7,1012.6,6590,14,37,2.6,62,Chuva
MET2023-3001,SBRF,2023-07-30 00:00,24.0,1005.1,12378,15,38,0.0,22,Ceu aberto
MET2023-3002,SBRF,2023-07-30 03:00,23.0,1005.6,12378,15,32,0.0,21,Ceu aberto
MET2023-3003,SBRF,2023-07-30 06:00,22.0,1006.1,12378,15,31,0.0,12,Ceu aberto
MET2023-3004,SBRF,2023-07-30 09:00,23.0,1005.6,12378,15,38,0.0,25,Ceu aberto
MET2023-3005,SBRF,2023-07-30 12:00,24.0,1005.1,12378,15,34,0.0,15,Ceu aberto
MET2023-3001,SBFL,2023-07-30 00:00,13.4,1017.7,9012,19,31,2.0,44,Chuva
MET2023-3002,SBFL,2023-07-30 03:00,12.4,1018.2,9012,19,34,2.0,49,Chuva
MET2023-3003,SBFL,2023-07-30 06:00,11.3,1018.7,9012,19,33,2.0,65,Chuva
MET2023-3004,SBFL,2023-07-30 09:00,12.4,1018.2,9012,19,32,2.0,55,Chuva
MET2023-3005,SBFL,2023-07-30 12:00,13.4,1017.7,9012,19,34,2.0,48,Chuva
MET2023-3001,SBSV,2023-07-30 00:00,24.2,1013.8,12126,15,29,0.9,27,Chuva
MET2023-3002,SBSV,2023-07-30 03:00,23.2,1014.3,12126,15,28,0.9,28,Chuva
MET2023-3003,SBSV,2023-07-30 06:00,22.2,1014.8,12126,15,32,0.9,36,Chuva
MET2023-3004,SBSV,2023-07-30 09:00,23.2,1014.3,12126,15,34,0.9,28,Chuva
MET2023-3005,SBSV,2023-07-30 12:00,24.2,1013.8,12126,15,37,0.9,32,Chuva
MET2023-3001,SBCG,2023-07-30 00:00,21.0,1015.8,8571,23,47,1.5,40,Chuva
MET2023-3002,SBCG,2023-07-30 03:00,20.0,1016.3,8571,23,39,1.5,49,Chuva
MET2023-3003,SBCG,2023-07-30 06:00,19.0,1016.8,8571,23,48,1.5,44,Chuva
MET2023-3004,SBCG,2023-07-30 09:00,20.0,1016.3,8571,23,41,1.5,25,Chuva
MET2023-3005,SBCG,2023-07-30 12:00,21.0,1015.8,8571,23,48,1.5,39,Chuva
MET2023-3101,SBGR,2023-07-31 00:00,18.2,1011.6,7370,13,24,2.1,44,Chuva
MET2023-3102,SBGR,2023-07-31 03:00,17.2,1012.1,7370,13,25,2.1,55,Chuva
MET2023-3103,SBGR,2023-07-31 06:00,16.2,1012.6,7370,13,27,2.1,22,Chuva
MET2023-3104,SBGR,2023-07-31 09:00,17.2,1012.1,7370,13,27,2.1,48,Chuva
MET2023-3105,SBGR,2023-07-31 12:00,18.2,1011.6,7370,13,37,2.1,45,Chuva
MET2023-3101,SBGL,2023-07-31 00:00,19.6,1015.5,10535,17,31,1.6,44,Chuva
MET2023-3102,SBGL,2023-07-31 03:00,18.6,1016.0,10535,17,34,1.6,55,Chuva
MET2023-3103,SBGL,2023-07-31 06:00,17.6,1016.5,10535,17,42,1.6,53,Chuva
MET2023-3104,SBGL,2023-07-31 09:00,18.6,1016.0,10535,17,32,1.6,64,Chuva
MET2023-3105,SBGL,2023-07-31 12:00,19.6,1015.5,10535,17,33,1.6,67,Chuva
MET2023-3101,SBBR,2023-07-31 00:00,21.8,1015.7,9479,14,32,1.4,45,Chuva
MET2023-3102,SBBR,2023-07-31 03:00,20.8,1016.1,9479,14,39,1.4,25,Chuva
MET2023-3103,SBBR,2023-07-31 06:00,19.8,1016.6,9479,14,36,1.4,55,Chuva
MET2023-3104,SBBR,2023-07-31 09:00,20.8,1016.1,9479,14,26,1.4,25,Chuva
MET2023-3105,SBBR,2023-07-31 12:00,21.8,1015.7,9479,14,30,1.4,29,Chuva
MET2023-3101,SBCF,2023-07-31 00:00,18.7,1017.7,9226,19,32,2.0,45,Chuva
MET2023-3102,SBCF,2023-07-31 03:00,17.7,1018.2,9226,19,32,2.0,33,Chuva
MET2023-3103,SBCF,2023-07-31 06:00,16.7,1018.7,9226,19,29,2.0,50,Chuva
MET2023-3104,SBCF,2023-07-31 09:00,17.7,1018.2,9226,19,38,2.0,21,Chuva
MET2023-3105,SBCF,2023-07-31 12:00,18.7,1017.7,9226,19,43,2.0,56,Chuva
MET2023-3101,SBPA,2023-07-31 00:00,15.5,1016.9,6315,21,42,3.6,84,Chuva
MET2023-3102,SBPA,2023-07-31 03:00,14.5,1017.4,6315,21,37,3.6,73,Chuva
MET2023-3103,SBPA,2023-07-31 06:00,13.5,1017.9,6315,21,37,3.6,65,Chuva
MET2023-3104,SBPA,2023-07-31 09:00,14.5,1017.4,6315,21,44,3.6,81,Chuva
MET2023-3105,SBPA,2023-07-31 12:00,15.5,1016.9,6315,21,46,3.6,71,Chuva
MET2023-3101,SBCT,2023-07-31 00:00,10.0,1015.7,7675,24,35,3.5,63,Chuva
MET2023-3102,SBCT,2023-07-31 03:00,9.0,1016.2,7675,24,35,3.5,56,Chuva
MET2023-3103,SBCT,2023-07-31 06:00,8.1,1016.7,7675,24,39,3.5,59,Chuva
MET2023-3104,SBCT,2023-07-31 09:00,9.0,1016.2,7675,24,42,3.5,61,Chuva
MET2023-3105,SBCT,2023-07-31 12:00,10.0,1015.7,7675,24,39,3.5,66,Chuva
MET2023-3101,SBRF,2023-07-31 00:00,25.6,1013.3,13389,13,32,0.9,42,Chuva
MET2023-3102,SBRF,2023-07-31 03:00,24.6,1013.8,13389,13,24,0.9,28,Chuva
MET2023-3103,SBRF,2023-07-31 06:00,23.7,1014.3,13389,13,32,0.9,35,Chuva
MET2023-3104,SBRF,2023-07-31 09:00,24.6,1013.8,13389,13,34,0.9,38,Chuva
MET2023-3105,SBRF,2023-07-31 12:00,25.6,1013.3,13389,13,23,0.9,28,Chuva
MET2023-3101,SBFL,2023-07-31 00:00,15.6,1019.8,7044,20,39,2.5,46,Chuva
MET2023-3102,SBFL,2023-07-31 03:00,14.6,1020.3,7044,20,38,2.5,53,Chuva
MET2023-3103,SBFL,2023-07-31 06:00,13.6,1020.8,7044,20,33,2.5,50,Chuva
MET2023-3104,SBFL,2023-07-31 09:00,14.6,1020.3,7044,20,33,2.5,74,Chuva
MET2023-3105,SBFL,2023-07-31 12:00,15.6,1019.8,7044,20,33,2.5,50,Chuva
MET2023-3101,SBSV,2023-07-31 00:00,21.8,1009.3,9808,18,32,0.7,25,Chuva
MET2023-3102,SBSV,2023-07-31 03:00,20.8,1009.8,9808,18,36,0.7,35,Chuva
MET2023-3103,SBSV,2023-07-31 06:00,19.8,1010.3,9808,18,41,0.7,34,Chuva
MET2023-3104,SBSV,2023-07-31 09:00,20.8,1009.8,9808,18,33,0.7,19,Chuva
MET2023-3105,SBSV,2023-07-31 12:00,21.8,1009.3,9808,18,29,0.7,41,Chuva
MET2023-3101,SBCG,2023-07-31 00:00,18.2,1011.6,11211,18,33,1.7,39,Chuva
MET2023-3102,SBCG,2023-07-31 03:00,17.2,1012.1,11211,18,35,1.7,54,Chuva
MET2023-3103,SBCG,2023-07-31 06:00,16.2,1012.6,11211,18,43,1.7,55,Chuva
MET2023-3104,SBCG,2023-07-31 09:00,17.2,1012.1,11211,18,31,1.7,55,Chuva
MET2023-3105,SBCG,2023-07-31 12:00,18.2,1011.6,11211,18,42,1.7,61,Chuva