id_voo,codigo_voo,data,horario_previsto,horario_realizado,aeroporto_origem,aeroporto_destino,id_rota,matricula_aeronave,atraso_minutos,status,motivo_atraso,cancelado,desviado
2023-000001,XYZ230001,2023-07-01,00:00,2023-07-01 00:13,SBGR,SBGL,ROT001,PR-ADH,13,Realizado,Meteorologia,0,0
2023-000002,XYZ230002,2023-07-01,00:00,2023-07-01 00:10,SBGR,SBBR,ROT002,PR-BKR,10,Realizado,Meteorologia,0,0
2023-000003,XYZ230003,2023-07-01,00:00,2023-07-01 00:42,SBGR,SBCF,ROT003,PR-CEV,42,Realizado,Meteorologia,0,0
2023-000004,XYZ230004,2023-07-01,00:00,2023-07-01 00:40,SBGR,SBPA,ROT004,PR-DQF,40,Realizado,Meteorologia,0,0
2023-000005,XYZ230005,2023-07-01,00:00,2023-07-01 00:24,SBGL,SBBR,ROT010,PR-EHX,24,Realizado,Meteorologia,0,0
2023-000006,XYZ230006,2023-07-01,00:00,2023-07-01 00:31,SBGL,SBCF,ROT011,PR-FKA,31,Realizado,Meteorologia,0,0
2023-000007,XYZ230007,2023-07-01,00:00,2023-07-01 00:33,SBGL,SBPA,ROT012,PR-GMB,33,Realizado,Meteorologia,0,0
2023-000008,XYZ230008,2023-07-01,00:00,2023-07-01 00:16,SBGL,SBCT,ROT013,PR-HNC,16,Realizado,Meteorologia,0,0
2023-000009,XYZ230009,2023-07-01,03:00,2023-07-01 03:25,SBGR,SBGL,ROT001,PR-JRD,25,Realizado,Meteorologia,0,0
2023-000010,XYZ230010,2023-07-01,03:00,2023-07-01 03:40,SBGR,SBBR,ROT002,PR-KSE,40,Realizado,Meteorologia,0,0
2023-000011,XYZ230011,2023-07-01,03:00,2023-07-01 03:44,SBGR,SBCF,ROT003,PR-LTF,44,Realizado,Meteorologia,0,0
2023-000012,XYZ230012,2023-07-01,03:00,2023-07-01 03:39,SBGR,SBPA,ROT004,PR-MUG,39,Realizado,Meteorologia,0,0
2023-000013,XYZ230013,2023-07-01,03:00,2023-07-01 03:28,SBGL,SBBR,ROT010,PR-NVH,28,Realizado,Meteorologia,0,0
2023-000014,XYZ230014,2023-07-01,03:00,2023-07-01 03:48,SBGL,SBCF,ROT011,PR-PWL,48,Realizado,Meteorologia,0,0
2023-000015,XYZ230015,2023-07-01,03:00,2023-07-01 03:39,SBGL,SBPA,ROT012,PR-QXA,39,Realizado,Meteorologia,0,0
2023-000016,XYZ230016,2023-07-01,03:00,2023-07-01 03:34,SBGL,SBCT,ROT013,PR-RYB,34,Realizado,Meteorologia,0,0
2023-000017,XYZ230017,2023-07-01,06:00,2023-07-01 06:39,SBGR,SBGL,ROT001,PR-SCD,39,Realizado,Meteorologia,0,0
2023-000018,XYZ230018,2023-07-01,06:00,2023-07-01 06:46,SBGR,SBBR,ROT002,PR-TQJ,46,Realizado,Meteorologia,0,0
2023-000019,XYZ230019,2023-07-01,06:00,2023-07-01 06:17,SBGR,SBCF,ROT003,PR-UKM,17,Realizado,Meteorologia,0,0
2023-000020,XYZ230020,2023-07-01,06:00,2023-07-01 06:41,SBGR,SBPA,ROT004,PR-VPN,41,Desviado,Meteorologia,0,1
2023-000021,XYZ230021,2023-07-01,06:00,2023-07-01 06:41,SBGL,SBBR,ROT010,PR-WAR,41,Realizado,Meteorologia,0,0
2023-000022,XYZ230022,2023-07-01,06:00,,SBGL,SBCF,ROT011,PR-XBE,0,Cancelado,Meteorologia,1,0
2023-000023,XYZ230023,2023-07-01,06:00,2023-07-01 06:33,SBGL,SBPA,ROT012,PR-YCF,33,Realizado,Meteorologia,0,0
2023-000024,XYZ230024,2023-07-01,06:00,2023-07-01 06:33,SBGL,SBCT,ROT013,PR-ZDG,33,Desviado,Meteorologia,0,1
2023-000025,XYZ230025,2023-07-01,09:00,2023-07-01 09:47,SBGR,SBGL,ROT001,PR-ADH,47,Realizado,Meteorologia,0,0
2023-000026,XYZ230026,2023-07-01,09:00,2023-07-01 09:48,SBGR,SBBR,ROT002,PR-BKR,48,Realizado,Meteorologia,0,0
2023-000027,XYZ230027,2023-07-01,09:00,2023-07-01 09:46,SBGR,SBCF,ROT003,PR-CEV,46,Realizado,Meteorologia,0,0
2023-000028,XYZ230028,2023-07-01,09:00,2023-07-01 09:41,SBGR,SBPA,ROT004,PR-DQF,41,Desviado,Meteorologia,0,1
2023-000029,XYZ230029,2023-07-01,09:00,2023-07-01 09:40,SBGL,SBBR,ROT010,PR-EHX,40,Desviado,Meteorologia,0,1
2023-000030,XYZ230030,2023-07-01,09:00,2023-07-01 09:23,SBGL,SBCF,ROT011,PR-FKA,23,Realizado,Meteorologia,0,0
2023-000031,XYZ230031,2023-07-01,09:00,2023-07-01 09:15,SBGL,SBPA,ROT012,PR-GMB,15,Realizado,Meteorologia,0,0
2023-000032,XYZ230032,2023-07-01,09:00,2023-07-01 09:45,SBGL,SBCT,ROT013,PR-HNC,45,Realizado,Meteorologia,0,0
2023-000033,XYZ230033,2023-07-01,12:00,2023-07-01 12:25,SBGR,SBGL,ROT001,PR-JRD,25,Realizado,Meteorologia,0,0
2023-000034,XYZ230034,2023-07-01,12:00,2023-07-01 12:28,SBGR,SBBR,ROT002,PR-KSE,28,Realizado,Meteorologia,0,0
2023-000035,XYZ230035,2023-07-01,12:00,2023-07-01 12:42,SBGR,SBCF,ROT003,PR-LTF,42,Realizado,Meteorologia,0,0
2023-000036,XYZ230036,2023-07-01,12:00,2023-07-01 12:41,SBGR,SBPA,ROT004,PR-MUG,41,Realizado,Meteorologia,0,0
2023-000037,XYZ230037,2023-07-01,12:00,2023-07-01 12:34,SBGL,SBBR,ROT010,PR-NVH,34,Realizado,Meteorologia,0,0
2023-000038,XYZ230038,2023-07-01,12:00,2023-07-01 12:20,SBGL,SBCF,ROT011,PR-PWL,20,Realizado,Meteorologia,0,0
2023-000039,XYZ230039,2023-07-01,12:00,2023-07-01 12:33,SBGL,SBPA,ROT012,PR-QXA,33,Realizado,Meteorologia,0,0
2023-000040,XYZ230040,2023-07-01,12:00,2023-07-01 12:45,SBGL,SBCT,ROT013,PR-RYB,45,Realizado,Meteorologia,0,0
2023-000041,XYZ230041,2023-07-02,00:00,2023-07-02 00:25,SBGR,SBGL,ROT001,PR-SCD,25,Realizado,Meteorologia,0,0
2023-000042,XYZ230042,2023-07-02,00:00,2023-07-02 00:35,SBGR,SBBR,ROT002,PR-TQJ,35,Realizado,Meteorologia,0,0
2023-000043,XYZ230043,2023-07-02,00:00,2023-07-02 00:30,SBGR,SBCF,ROT003,PR-UKM,30,Realizado,Meteorologia,0,0
2023-000044,XYZ230044,2023-07-02,00:00,2023-07-02 00:21,SBGR,SBPA,ROT004,PR-VPN,21,Realizado,Meteorologia,0,0
2023-000045,XYZ230045,2023-07-02,00:00,2023-07-02 00:34,SBGL,SBBR,ROT010,PR-WAR,34,Realizado,Meteorologia,0,0
2023-000046,XYZ230046,2023-07-02,00:00,2023-07-02 00:45,SBGL,SBCF,ROT011,PR-XBE,45,Realizado,Meteorologia,0,0
2023-000047,XYZ230047,2023-07-02,00:00,2023-07-02 00:26,SBGL,SBPA,ROT012,PR-YCF,26,Realizado,Meteorologia,0,0
2023-000048,XYZ230048,2023-07-02,00:00,2023-07-02 00:55,SBGL,SBCT,ROT013,PR-ZDG,55,Desviado,Meteorologia,0,1
2023-000049,XYZ230049,2023-07-02,03:00,2023-07-02 03:13,SBGR,SBGL,ROT001,PR-ADH,13,Realizado,Meteorologia,0,0
2023-000050,XYZ230050,2023-07-02,03:00,2023-07-02 03:34,SBGR,SBBR,ROT002,PR-BKR,34,Realizado,Meteorologia,0,0
2023-000051,XYZ230051,2023-07-02,03:00,2023-07-02 03:31,SBGR,SBCF,ROT003,PR-CEV,31,Realizado,Meteorologia,0,0
2023-000052,XYZ230052,2023-07-02,03:00,2023-07-02 03:21,SBGR,SBPA,ROT004,PR-DQF,21,Realizado,Meteorologia,0,0
2023-000053,XYZ230053,2023-07-02,03:00,2023-07-02 03:26,SBGL,SBBR,ROT010,PR-EHX,26,Realizado,Meteorologia,0,0
2023-000054,XYZ230054,2023-07-02,03:00,,SBGL,SBCF,ROT011,PR-FKA,0,Cancelado,Meteorologia,1,0
2023-000055,XYZ230055,2023-07-02,03:00,,SBGL,SBPA,ROT012,PR-GMB,0,Cancelado,Meteorologia,1,0
2023-000056,XYZ230056,2023-07-02,03:00,2023-07-02 03:11,SBGL,SBCT,ROT013,PR-HNC,11,Realizado,Meteorologia,0,0
2023-000057,XYZ230057,2023-07-02,06:00,2023-07-02 06:13,SBGR,SBGL,ROT001,PR-JRD,13,Realizado,Meteorologia,0,0
2023-000058,XYZ230058,2023-07-02,06:00,2023-07-02 06:12,SBGR,SBBR,ROT002,PR-KSE,12,Realizado,Meteorologia,0,0
2023-000059,XYZ230059,2023-07-02,06:00,2023-07-02 06:33,SBGR,SBCF,ROT003,PR-LTF,33,Realizado,Meteorologia,0,0
2023-000060,XYZ230060,2023-07-02,06:00,2023-07-02 06:11,SBGR,SBPA,ROT004,PR-MUG,11,Realizado,Meteorologia,0,0
2023-000061,XYZ230061,2023-07-02,06:00,2023-07-02 06:21,SBGL,SBBR,ROT010,PR-NVH,21,Realizado,Meteorologia,0,0
2023-000062,XYZ230062,2023-07-02,06:00,2023-07-02 06:23,SBGL,SBCF,ROT011,PR-PWL,23,Realizado,Meteorologia,0,0
2023-000063,XYZ230063,2023-07-02,06:00,2023-07-02 06:25,SBGL,SBPA,ROT012,PR-QXA,25,Realizado,Meteorologia,0,0
2023-000064,XYZ230064,2023-07-02,06:00,2023-07-02 06:43,SBGL,SBCT,ROT013,PR-RYB,43,Realizado,Meteorologia,0,0
2023-000065,XYZ230065,2023-07-02,09:00,2023-07-02 09:16,SBGR,SBGL,ROT001,PR-SCD,16,Realizado,Meteorologia,0,0
2023-000066,XYZ230066,2023-07-02,09:00,2023-07-02 09:16,SBGR,SBBR,ROT002,PR-TQJ,16,Realizado,Meteorologia,0,0
2023-000067,XYZ230067,2023-07-02,09:00,2023-07-02 09:20,SBGR,SBCF,ROT003,PR-UKM,20,Realizado,Meteorologia,0,0
2023-000068,XYZ230068,2023-07-02,09:00,2023-07-02 09:26,SBGR,SBPA,ROT004,PR-VPN,26,Realizado,Meteorologia,0,0
2023-000069,XYZ230069,2023-07-02,09:00,2023-07-02 09:37,SBGL,SBBR,ROT010,PR-WAR,37,Realizado,Meteorologia,0,0
2023-000070,XYZ230070,2023-07-02,09:00,2023-07-02 09:31,SBGL,SBCF,ROT011,PR-XBE,31,Realizado,Meteorologia,0,0
2023-000071,XYZ230071,2023-07-02,09:00,2023-07-02 09:50,SBGL,SBPA,ROT012,PR-YCF,50,Desviado,Meteorologia,0,1
2023-000072,XYZ230072,2023-07-02,09:00,2023-07-02 09:33,SBGL,SBCT,ROT013,PR-ZDG,33,Desviado,Meteorologia,0,1
2023-000073,XYZ230073,2023-07-02,12:00,2023-07-02 12:12,SBGR,SBGL,ROT001,PR-ADH,12,Realizado,Meteorologia,0,0
2023-000074,XYZ230074,2023-07-02,12:00,2023-07-02 12:42,SBGR,SBBR,ROT002,PR-BKR,42,Realizado,Meteorologia,0,0
2023-000075,XYZ230075,2023-07-02,12:00,2023-07-02 12:19,SBGR,SBCF,ROT003,PR-CEV,19,Realizado,Meteorologia,0,0
2023-000076,XYZ230076,2023-07-02,12:00,2023-07-02 12:38,SBGR,SBPA,ROT004,PR-DQF,38,Realizado,Meteorologia,0,0
2023-000077,XYZ230077,2023-07-02,12:00,2023-07-02 12:43,SBGL,SBBR,ROT010,PR-EHX,43,Realizado,Meteorologia,0,0
2023-000078,XYZ230078,2023-07-02,12:00,2023-07-02 12:27,SBGL,SBCF,ROT011,PR-FKA,27,Realizado,Meteorologia,0,0
2023-000079,XYZ230079,2023-07-02,12:00,2023-07-02 12:42,SBGL,SBPA,ROT012,PR-GMB,42,Realizado,Meteorologia,0,0
2023-000080,XYZ230080,2023-07-02,12:00,2023-07-02 12:45,SBGL,SBCT,ROT013,PR-HNC,45,Realizado,Meteorologia,0,0
2023-000081,XYZ230081,2023-07-03,00:00,2023-07-03 00:40,SBGR,SBGL,ROT001,PR-JRD,40,Realizado,Meteorologia,0,0
2023-000082,XYZ230082,2023-07-03,00:00,2023-07-03 00:34,SBGR,SBBR,ROT002,PR-KSE,34,Realizado,Meteorologia,0,0
2023-000083,XYZ230083,2023-07-03,00:00,2023-07-03 00:18,SBGR,SBCF,ROT003,PR-LTF,18,Realizado,Meteorologia,0,0
2023-000084,XYZ230084,2023-07-03,00:00,2023-07-03 00:48,SBGR,SBPA,ROT004,PR-MUG,48,Desviado,Meteorologia,0,1
2023-000085,XYZ230085,2023-07-03,00:00,2023-07-03 00:26,SBGL,SBBR,ROT010,PR-NVH,26,Realizado,Meteorologia,0,0
2023-000086,XYZ230086,2023-07-03,00:00,2023-07-03 00:22,SBGL,SBCF,ROT011,PR-PWL,22,Realizado,Meteorologia,0,0
2023-000087,XYZ230087,2023-07-03,00:00,2023-07-03 00:11,SBGL,SBPA,ROT012,PR-QXA,11,Realizado,Meteorologia,0,0
2023-000088,XYZ230088,2023-07-03,00:00,2023-07-03 00:13,SBGL,SBCT,ROT013,PR-RYB,13,Realizado,Meteorologia,0,0
2023-000089,XYZ230089,2023-07-03,03:00,2023-07-03 03:20,SBGR,SBGL,ROT001,PR-SCD,20,Realizado,Meteorologia,0,0
2023-000090,XYZ230090,2023-07-03,03:00,2023-07-03 03:32,SBGR,SBBR,ROT002,PR-TQJ,32,Desviado,Meteorologia,0,1
2023-000091,XYZ230091,2023-07-03,03:00,2023-07-03 03:47,SBGR,SBCF,ROT003,PR-UKM,47,Realizado,Meteorologia,0,0
2023-000092,XYZ230092,2023-07-03,03:00,2023-07-03 03:19,SBGR,SBPA,ROT004,PR-VPN,19,Realizado,Meteorologia,0,0
2023-000093,XYZ230093,2023-07-03,03:00,2023-07-03 03:49,SBGL,SBBR,ROT010,PR-WAR,49,Realizado,Meteorologia,0,0
2023-000094,XYZ230094,2023-07-03,03:00,2023-07-03 03:41,SBGL,SBCF,ROT011,PR-XBE,41,Realizado,Meteorologia,0,0
2023-000095,XYZ230095,2023-07-03,03:00,2023-07-03 03:14,SBGL,SBPA,ROT012,PR-YCF,14,Realizado,Meteorologia,0,0
2023-000096,XYZ230096,2023-07-03,03:00,2023-07-03 03:27,SBGL,SBCT,ROT013,PR-ZDG,27,Realizado,Meteorologia,0,0
2023-000097,XYZ230097,2023-07-03,06:00,2023-07-03 06:10,SBGR,SBGL,ROT001,PR-ADH,10,Realizado,Meteorologia,0,0
2023-000098,XYZ230098,2023-07-03,06:00,2023-07-03 06:13,SBGR,SBBR,ROT002,PR-BKR,13,Realizado,Meteorologia,0,0
2023-000099,XYZ230099,2023-07-03,06:00,2023-07-03 06:47,SBGR,SBCF,ROT003,PR-CEV,47,Desviado,Meteorologia,0,1
2023-000100,XYZ230100,2023-07-03,06:00,2023-07-03 06:28,SBGR,SBPA,ROT004,PR-DQF,28,Realizado,Meteorologia,0,0
2023-000101,XYZ230101,2023-07-03,06:00,2023-07-03 06:45,SBGL,SBBR,ROT010,PR-EHX,45,Realizado,Meteorologia,0,0
2023-000102,XYZ230102,2023-07-03,06:00,2023-07-03 06:26,SBGL,SBCF,ROT011,PR-FKA,26,Realizado,Meteorologia,0,0
2023-000103,XYZ230103,2023-07-03,06:00,2023-07-03 06:15,SBGL,SBPA,ROT012,PR-GMB,15,Realizado,Meteorologia,0,0
2023-000104,XYZ230104,2023-07-03,06:00,2023-07-03 06:44,SBGL,SBCT,ROT013,PR-HNC,44,Realizado,Meteorologia,0,0
2023-000105,XYZ230105,2023-07-03,09:00,2023-07-03 09:45,SBGR,SBGL,ROT001,PR-JRD,45,Realizado,Meteorologia,0,0
2023-000106,XYZ230106,2023-07-03,09:00,,SBGR,SBBR,ROT002,PR-KSE,0,Cancelado,Meteorologia,1,0
2023-000107,XYZ230107,2023-07-03,09:00,2023-07-03 09:39,SBGR,SBCF,ROT003,PR-LTF,39,Realizado,Meteorologia,0,0
2023-000108,XYZ230108,2023-07-03,09:00,2023-07-03 09:48,SBGR,SBPA,ROT004,PR-MUG,48,Realizado,Meteorologia,0,0
2023-000109,XYZ230109,2023-07-03,09:00,2023-07-03 09:26,SBGL,SBBR,ROT010,PR-NVH,26,Realizado,Meteorologia,0,0
2023-000110,XYZ230110,2023-07-03,09:00,2023-07-03 09:45,SBGL,SBCF,ROT011,PR-PWL,45,Realizado,Meteorologia,0,0
2023-000111,XYZ230111,2023-07-03,09:00,2023-07-03 09:37,SBGL,SBPA,ROT012,PR-QXA,37,Realizado,Meteorologia,0,0
2023-000112,XYZ230112,2023-07-03,09:00,2023-07-03 09:17,SBGL,SBCT,ROT013,PR-RYB,17,Realizado,Meteorologia,0,0
2023-000113,XYZ230113,2023-07-03,12:00,2023-07-03 12:15,SBGR,SBGL,ROT001,PR-SCD,15,Realizado,Meteorologia,0,0
2023-000114,XYZ230114,2023-07-03,12:00,2023-07-03 12:28,SBGR,SBBR,ROT002,PR-TQJ,28,Realizado,Meteorologia,0,0
2023-000115,XYZ230115,2023-07-03,12:00,2023-07-03 12:51,SBGR,SBCF,ROT003,PR-UKM,51,Desviado,Meteorologia,0,1
2023-000116,XYZ230116,2023-07-03,12:00,2023-07-03 12:25,SBGR,SBPA,ROT004,PR-VPN,25,Realizado,Meteorologia,0,0
2023-000117,XYZ230117,2023-07-03,12:00,2023-07-03 12:43,SBGL,SBBR,ROT010,PR-WAR,43,Realizado,Meteorologia,0,0
2023-000118,XYZ230118,2023-07-03,12:00,2023-07-03 12:27,SBGL,SBCF,ROT011,PR-XBE,27,Desviado,Meteorologia,0,1
2023-000119,XYZ230119,2023-07-03,12:00,2023-07-03 12:24,SBGL,SBPA,ROT012,PR-YCF,24,Realizado,Meteorologia,0,0
2023-000120,XYZ230120,2023-07-03,12:00,2023-07-03 12:45,SBGL,SBCT,ROT013,PR-ZDG,45,Realizado,Meteorologia,0,0
2023-000121,XYZ230121,2023-07-04,00:00,2023-07-04 00:47,SBGR,SBGL,ROT001,PR-ADH,47,Realizado,Meteorologia,0,0
2023-000122,XYZ230122,2023-07-04,00:00,2023-07-04 00:37,SBGR,SBBR,ROT002,PR-BKR,37,Realizado,Meteorologia,0,0
2023-000123,XYZ230123,2023-07-04,00:00,2023-07-04 00:21,SBGR,SBCF,ROT003,PR-CEV,21,Desviado,Meteorologia,0,1
2023-000124,XYZ230124,2023-07-04,00:00,2023-07-04 00:24,SBGR,SBPA,ROT004,PR-DQF,24,Desviado,Meteorologia,0,1
2023-000125,XYZ230125,2023-07-04,00:00,2023-07-04 00:32,SBGL,SBBR,ROT010,PR-EHX,32,Realizado,Meteorologia,0,0
2023-000126,XYZ230126,2023-07-04,00:00,2023-07-04 00:17,SBGL,SBCF,ROT011,PR-FKA,17,Realizado,Meteorologia,0,0
2023-000127,XYZ230127,2023-07-04,00:00,2023-07-04 00:44,SBGL,SBPA,ROT012,PR-GMB,44,Realizado,Meteorologia,0,0
2023-000128,XYZ230128,2023-07-04,00:00,2023-07-04 00:34,SBGL,SBCT,ROT013,PR-HNC,34,Realizado,Meteorologia,0,0
2023-000129,XYZ230129,2023-07-04,03:00,2023-07-04 03:42,SBGR,SBGL,ROT001,PR-JRD,42,Realizado,Meteorologia,0,0
2023-000130,XYZ230130,2023-07-04,03:00,2023-07-04 03:15,SBGR,SBBR,ROT002,PR-KSE,15,Realizado,Meteorologia,0,0
2023-000131,XYZ230131,2023-07-04,03:00,2023-07-04 03:39,SBGR,SBCF,ROT003,PR-LTF,39,Realizado,Meteorologia,0,0
2023-000132,XYZ230132,2023-07-04,03:00,2023-07-04 03:36,SBGR,SBPA,ROT004,PR-MUG,36,Realizado,Meteorologia,0,0
2023-000133,XYZ230133,2023-07-04,03:00,2023-07-04 03:40,SBGL,SBBR,ROT010,PR-NVH,40,Desviado,Meteorologia,0,1
2023-000134,XYZ230134,2023-07-04,03:00,2023-07-04 03:24,SBGL,SBCF,ROT011,PR-PWL,24,Realizado,Meteorologia,0,0
2023-000135,XYZ230135,2023-07-04,03:00,2023-07-04 03:29,SBGL,SBPA,ROT012,PR-QXA,29,Realizado,Meteorologia,0,0
2023-000136,XYZ230136,2023-07-04,03:00,2023-07-04 03:24,SBGL,SBCT,ROT013,PR-RYB,24,Realizado,Meteorologia,0,0
2023-000137,XYZ230137,2023-07-04,06:00,2023-07-04 06:21,SBGR,SBGL,ROT001,PR-SCD,21,Realizado,Meteorologia,0,0
2023-000138,XYZ230138,2023-07-04,06:00,2023-07-04 06:38,SBGR,SBBR,ROT002,PR-TQJ,38,Realizado,Meteorologia,0,0
2023-000139,XYZ230139,2023-07-04,06:00,2023-07-04 06:14,SBGR,SBCF,ROT003,PR-UKM,14,Realizado,Meteorologia,0,0
2023-000140,XYZ230140,2023-07-04,06:00,2023-07-04 06:35,SBGR,SBPA,ROT004,PR-VPN,35,Realizado,Meteorologia,0,0
2023-000141,XYZ230141,2023-07-04,06:00,2023-07-04 06:14,SBGL,SBBR,ROT010,PR-WAR,14,Realizado,Meteorologia,0,0
2023-000142,XYZ230142,2023-07-04,06:00,2023-07-04 06:40,SBGL,SBCF,ROT011,PR-XBE,40,Realizado,Meteorologia,0,0
2023-000143,XYZ230143,2023-07-04,06:00,2023-07-04 06:17,SBGL,SBPA,ROT012,PR-YCF,17,Realizado,Meteorologia,0,0
2023-000144,XYZ230144,2023-07-04,06:00,2023-07-04 06:47,SBGL,SBCT,ROT013,PR-ZDG,47,Realizado,Meteorologia,0,0
2023-000145,XYZ230145,2023-07-04,09:00,2023-07-04 09:17,SBGR,SBGL,ROT001,PR-ADH,17,Realizado,Meteorologia,0,0
2023-000146,XYZ230146,2023-07-04,09:00,2023-07-04 09:34,SBGR,SBBR,ROT002,PR-BKR,34,Realizado,Meteorologia,0,0
2023-000147,XYZ230147,2023-07-04,09:00,2023-07-04 09:44,SBGR,SBCF,ROT003,PR-CEV,44,Realizado,Meteorologia,0,0
2023-000148,XYZ230148,2023-07-04,09:00,2023-07-04 09:16,SBGR,SBPA,ROT004,PR-DQF,16,Realizado,Meteorologia,0,0
2023-000149,XYZ230149,2023-07-04,09:00,2023-07-04 09:51,SBGL,SBBR,ROT010,PR-EHX,51,Desviado,Meteorologia,0,1
2023-000150,XYZ230150,2023-07-04,09:00,2023-07-04 09:41,SBGL,SBCF,ROT011,PR-FKA,41,Realizado,Meteorologia,0,0
2023-000151,XYZ230151,2023-07-04,09:00,,SBGL,SBPA,ROT012,PR-GMB,0,Cancelado,Meteorologia,1,0
2023-000152,XYZ230152,2023-07-04,09:00,2023-07-04 09:14,SBGL,SBCT,ROT013,PR-HNC,14,Realizado,Meteorologia,0,0
2023-000153,XYZ230153,2023-07-04,12:00,2023-07-04 12:20,SBGR,SBGL,ROT001,PR-JRD,20,Realizado,Meteorologia,0,0
2023-000154,XYZ230154,2023-07-04,12:00,2023-07-04 12:26,SBGR,SBBR,ROT002,PR-KSE,26,Realizado,Meteorologia,0,0
2023-000155,XYZ230155,2023-07-04,12:00,2023-07-04 12:35,SBGR,SBCF,ROT003,PR-LTF,35,Realizado,Meteorologia,0,0
2023-000156,XYZ230156,2023-07-04,12:00,2023-07-04 12:22,SBGR,SBPA,ROT004,PR-MUG,22,Desviado,Meteorologia,0,1
2023-000157,XYZ230157,2023-07-04,12:00,2023-07-04 12:18,SBGL,SBBR,ROT010,PR-NVH,18,Realizado,Meteorologia,0,0
2023-000158,XYZ230158,2023-07-04,12:00,2023-07-04 12:53,SBGL,SBCF,ROT011,PR-PWL,53,Desviado,Meteorologia,0,1
2023-000159,XYZ230159,2023-07-04,12:00,2023-07-04 12:11,SBGL,SBPA,ROT012,PR-QXA,11,Realizado,Meteorologia,0,0
2023-000160,XYZ230160,2023-07-04,12:00,2023-07-04 12:16,SBGL,SBCT,ROT013,PR-RYB,16,Realizado,Meteorologia,0,0
2023-000161,XYZ230161,2023-07-05,00:00,2023-07-05 00:32,SBGR,SBGL,ROT001,PR-SCD,32,Realizado,Meteorologia,0,0
2023-000162,XYZ230162,2023-07-05,00:00,2023-07-05 00:24,SBGR,SBBR,ROT002,PR-TQJ,24,Realizado,Meteorologia,0,0
2023-000163,XYZ230163,2023-07-05,00:00,2023-07-05 00:40,SBGR,SBCF,ROT003,PR-UKM,40,Desviado,Meteorologia,0,1
2023-000164,XYZ230164,2023-07-05,00:00,2023-07-05 00:45,SBGR,SBPA,ROT004,PR-VPN,45,Realizado,Meteorologia,0,0
2023-000165,XYZ230165,2023-07-05,00:00,2023-07-05 00:24,SBGL,SBBR,ROT010,PR-WAR,24,Realizado,Meteorologia,0,0
2023-000166,XYZ230166,2023-07-05,00:00,2023-07-05 00:44,SBGL,SBCF,ROT011,PR-XBE,44,Realizado,Meteorologia,0,0
2023-000167,XYZ230167,2023-07-05,00:00,2023-07-05 00:14,SBGL,SBPA,ROT012,PR-YCF,14,Realizado,Meteorologia,0,0
2023-000168,XYZ230168,2023-07-05,00:00,2023-07-05 00:48,SBGL,SBCT,ROT013,PR-ZDG,48,Realizado,Meteorologia,0,0
2023-000169,XYZ230169,2023-07-05,03:00,2023-07-05 03:11,SBGR,SBGL,ROT001,PR-ADH,11,Realizado,Meteorologia,0,0
2023-000170,XYZ230170,2023-07-05,03:00,2023-07-05 03:31,SBGR,SBBR,ROT002,PR-BKR,31,Realizado,Meteorologia,0,0
2023-000171,XYZ230171,2023-07-05,03:00,2023-07-05 03:30,SBGR,SBCF,ROT003,PR-CEV,30,Realizado,Meteorologia,0,0
2023-000172,XYZ230172,2023-07-05,03:00,2023-07-05 03:11,SBGR,SBPA,ROT004,PR-DQF,11,Realizado,Meteorologia,0,0
2023-000173,XYZ230173,2023-07-05,03:00,2023-07-05 03:36,SBGL,SBBR,ROT010,PR-EHX,36,Realizado,Meteorologia,0,0
2023-000174,XYZ230174,2023-07-05,03:00,2023-07-05 03:23,SBGL,SBCF,ROT011,PR-FKA,23,Realizado,Meteorologia,0,0
2023-000175,XYZ230175,2023-07-05,03:00,2023-07-05 03:19,SBGL,SBPA,ROT012,PR-GMB,19,Realizado,Meteorologia,0,0
2023-000176,XYZ230176,2023-07-05,03:00,2023-07-05 03:43,SBGL,SBCT,ROT013,PR-HNC,43,Realizado,Meteorologia,0,0
2023-000177,XYZ230177,2023-07-05,06:00,2023-07-05 06:37,SBGR,SBGL,ROT001,PR-JRD,37,Realizado,Meteorologia,0,0
2023-000178,XYZ230178,2023-07-05,06:00,2023-07-05 06:43,SBGR,SBBR,ROT002,PR-KSE,43,Realizado,Meteorologia,0,0
2023-000179,XYZ230179,2023-07-05,06:00,2023-07-05 06:42,SBGR,SBCF,ROT003,PR-LTF,42,Realizado,Meteorologia,0,0
2023-000180,XYZ230180,2023-07-05,06:00,2023-07-05 06:30,SBGR,SBPA,ROT004,PR-MUG,30,Realizado,Meteorologia,0,0
2023-000181,XYZ230181,2023-07-05,06:00,2023-07-05 06:25,SBGL,SBBR,ROT010,PR-NVH,25,Realizado,Meteorologia,0,0
2023-000182,XYZ230182,2023-07-05,06:00,2023-07-05 06:24,SBGL,SBCF,ROT011,PR-PWL,24,Realizado,Meteorologia,0,0
2023-000183,XYZ230183,2023-07-05,06:00,2023-07-05 06:15,SBGL,SBPA,ROT012,PR-QXA,15,Realizado,Meteorologia,0,0
2023-000184,XYZ230184,2023-07-05,06:00,2023-07-05 06:48,SBGL,SBCT,ROT013,PR-RYB,48,Realizado,Meteorologia,0,0
2023-000185,XYZ230185,2023-07-05,09:00,,SBGR,SBGL,ROT001,PR-SCD,0,Cancelado,Meteorologia,1,0
2023-000186,XYZ230186,2023-07-05,09:00,2023-07-05 09:43,SBGR,SBBR,ROT002,PR-TQJ,43,Realizado,Meteorologia,0,0
2023-000187,XYZ230187,2023-07-05,09:00,2023-07-05 09:23,SBGR,SBCF,ROT003,PR-UKM,23,Realizado,Meteorologia,0,0
2023-000188,XYZ230188,2023-07-05,09:00,2023-07-05 09:13,SBGR,SBPA,ROT004,PR-VPN,13,Realizado,Meteorologia,0,0
2023-000189,XYZ230189,2023-07-05,09:00,2023-07-05 09:24,SBGL,SBBR,ROT010,PR-WAR,24,Realizado,Meteorologia,0,0
2023-000190,XYZ230190,2023-07-05,09:00,2023-07-05 09:55,SBGL,SBCF,ROT011,PR-XBE,55,Desviado,Meteorologia,0,1
2023-000191,XYZ230191,2023-07-05,09:00,2023-07-05 09:43,SBGL,SBPA,ROT012,PR-YCF,43,Realizado,Meteorologia,0,0
2023-000192,XYZ230192,2023-07-05,09:00,2023-07-05 09:42,SBGL,SBCT,ROT013,PR-ZDG,42,Realizado,Meteorologia,0,0
2023-000193,XYZ230193,2023-07-05,12:00,2023-07-05 12:45,SBGR,SBGL,ROT001,PR-ADH,45,Realizado,Meteorologia,0,0
2023-000194,XYZ230194,2023-07-05,12:00,2023-07-05 12:49,SBGR,SBBR,ROT002,PR-BKR,49,Realizado,Meteorologia,0,0
2023-000195,XYZ230195,2023-07-05,12:00,2023-07-05 12:34,SBGR,SBCF,ROT003,PR-CEV,34,Realizado,Meteorologia,0,0
2023-000196,XYZ230196,2023-07-05,12:00,2023-07-05 12:31,SBGR,SBPA,ROT004,PR-DQF,31,Realizado,Meteorologia,0,0
2023-000197,XYZ230197,2023-07-05,12:00,2023-07-05 12:15,SBGL,SBBR,ROT010,PR-EHX,15,Realizado,Meteorologia,0,0
2023-000198,XYZ230198,2023-07-05,12:00,2023-07-05 12:14,SBGL,SBCF,ROT011,PR-FKA,14,Realizado,Meteorologia,0,0
2023-000199,XYZ230199,2023-07-05,12:00,2023-07-05 12:13,SBGL,SBPA,ROT012,PR-GMB,13,Realizado,Meteorologia,0,0
2023-000200,XYZ230200,2023-07-05,12:00,2023-07-05 12:10,SBGL,SBCT,ROT013,PR-HNC,10,Realizado,Meteorologia,0,0
2023-000201,XYZ230201,2023-07-06,00:00,2023-07-06 00:17,SBGR,SBGL,ROT001,PR-JRD,17,Realizado,Meteorologia,0,0
2023-000202,XYZ230202,2023-07-06,00:00,2023-07-06 00:41,SBGR,SBBR,ROT002,PR-KSE,41,Realizado,Meteorologia,0,0
2023-000203,XYZ230203,2023-07-06,00:00,2023-07-06 00:22,SBGR,SBCF,ROT003,PR-LTF,22,Realizado,Meteorologia,0,0
2023-000204,XYZ230204,2023-07-06,00:00,2023-07-06 00:19,SBGR,SBPA,ROT004,PR-MUG,19,Realizado,Meteorologia,0,0
2023-000205,XYZ230205,2023-07-06,00:00,2023-07-06 00:20,SBGL,SBBR,ROT010,PR-NVH,20,Realizado,Meteorologia,0,0
2023-000206,XYZ230206,2023-07-06,00:00,2023-07-06 00:43,SBGL,SBCF,ROT011,PR-PWL,43,Realizado,Meteorologia,0,0
2023-000207,XYZ230207,2023-07-06,00:00,2023-07-06 00:54,SBGL,SBPA,ROT012,PR-QXA,54,Desviado,Meteorologia,0,1
2023-000208,XYZ230208,2023-07-06,00:00,2023-07-06 00:14,SBGL,SBCT,ROT013,PR-RYB,14,Realizado,Meteorologia,0,0
2023-000209,XYZ230209,2023-07-06,03:00,2023-07-06 03:46,SBGR,SBGL,ROT001,PR-SCD,46,Realizado,Meteorologia,0,0
2023-000210,XYZ230210,2023-07-06,03:00,2023-07-06 03:18,SBGR,SBBR,ROT002,PR-TQJ,18,Realizado,Meteorologia,0,0
2023-000211,XYZ230211,2023-07-06,03:00,2023-07-06 03:29,SBGR,SBCF,ROT003,PR-UKM,29,Realizado,Meteorologia,0,0
2023-000212,XYZ230212,2023-07-06,03:00,2023-07-06 03:37,SBGR,SBPA,ROT004,PR-VPN,37,Realizado,Meteorologia,0,0
2023-000213,XYZ230213,2023-07-06,03:00,2023-07-06 03:56,SBGL,SBBR,ROT010,PR-WAR,56,Desviado,Meteorologia,0,1
2023-000214,XYZ230214,2023-07-06,03:00,2023-07-06 03:26,SBGL,SBCF,ROT011,PR-XBE,26,Realizado,Meteorologia,0,0
2023-000215,XYZ230215,2023-07-06,03:00,2023-07-06 03:49,SBGL,SBPA,ROT012,PR-YCF,49,Realizado,Meteorologia,0,0
2023-000216,XYZ230216,2023-07-06,03:00,2023-07-06 03:38,SBGL,SBCT,ROT013,PR-ZDG,38,Realizado,Meteorologia,0,0
2023-000217,XYZ230217,2023-07-06,06:00,,SBGR,SBGL,ROT001,PR-ADH,0,Cancelado,Meteorologia,1,0
2023-000218,XYZ230218,2023-07-06,06:00,2023-07-06 06:40,SBGR,SBBR,ROT002,PR-BKR,40,Realizado,Meteorologia,0,0
2023-000219,XYZ230219,2023-07-06,06:00,2023-07-06 06:48,SBGR,SBCF,ROT003,PR-CEV,48,Realizado,Meteorologia,0,0
2023-000220,XYZ230220,2023-07-06,06:00,2023-07-06 06:29,SBGR,SBPA,ROT004,PR-DQF,29,Realizado,Meteorologia,0,0
2023-000221,XYZ230221,2023-07-06,06:00,2023-07-06 06:29,SBGL,SBBR,ROT010,PR-EHX,29,Realizado,Meteorologia,0,0
2023-000222,XYZ230222,2023-07-06,06:00,,SBGL,SBCF,ROT011,PR-FKA,0,Cancelado,Meteorologia,1,0
2023-000223,XYZ230223,2023-07-06,06:00,2023-07-06 06:18,SBGL,SBPA,ROT012,PR-GMB,18,Realizado,Meteorologia,0,0
2023-000224,XYZ230224,2023-07-06,06:00,2023-07-06 06:39,SBGL,SBCT,ROT013,PR-HNC,39,Realizado,Meteorologia,0,0
2023-000225,XYZ230225,2023-07-06,09:00,2023-07-06 09:44,SBGR,SBGL,ROT001,PR-JRD,44,Realizado,Meteorologia,0,0
2023-000226,XYZ230226,2023-07-06,09:00,2023-07-06 09:38,SBGR,SBBR,ROT002,PR-KSE,38,Realizado,Meteorologia,0,0
2023-000227,XYZ230227,2023-07-06,09:00,2023-07-06 09:33,SBGR,SBCF,ROT003,PR-LTF,33,Realizado,Meteorologia,0,0
2023-000228,XYZ230228,2023-07-06,09:00,2023-07-06 09:16,SBGR,SBPA,ROT004,PR-MUG,16,Realizado,Meteorologia,0,0
2023-000229,XYZ230229,2023-07-06,09:00,2023-07-06 09:25,SBGL,SBBR,ROT010,PR-NVH,25,Realizado,Meteorologia,0,0
2023-000230,XYZ230230,2023-07-06,09:00,2023-07-06 09:39,SBGL,SBCF,ROT011,PR-PWL,39,Realizado,Meteorologia,0,0
2023-000231,XYZ230231,2023-07-06,09:00,2023-07-06 09:46,SBGL,SBPA,ROT012,PR-QXA,46,Realizado,Meteorologia,0,0
2023-000232,XYZ230232,2023-07-06,09:00,2023-07-06 09:30,SBGL,SBCT,ROT013,PR-RYB,30,Realizado,Meteorologia,0,0
2023-000233,XYZ230233,2023-07-06,12:00,2023-07-06 12:44,SBGR,SBGL,ROT001,PR-SCD,44,Realizado,Meteorologia,0,0
2023-000234,XYZ230234,2023-07-06,12:00,2023-07-06 12:41,SBGR,SBBR,ROT002,PR-TQJ,41,Realizado,Meteorologia,0,0
2023-000235,XYZ230235,2023-07-06,12:00,2023-07-06 12:12,SBGR,SBCF,ROT003,PR-UKM,12,Realizado,Meteorologia,0,0
2023-000236,XYZ230236,2023-07-06,12:00,2023-07-06 12:47,SBGR,SBPA,ROT004,PR-VPN,47,Realizado,Meteorologia,0,0
2023-000237,XYZ230237,2023-07-06,12:00,2023-07-06 12:29,SBGL,SBBR,ROT010,PR-WAR,29,Realizado,Meteorologia,0,0
2023-000238,XYZ230238,2023-07-06,12:00,2023-07-06 12:48,SBGL,SBCF,ROT011,PR-XBE,48,Realizado,Meteorologia,0,0
2023-000239,XYZ230239,2023-07-06,12:00,2023-07-06 12:36,SBGL,SBPA,ROT012,PR-YCF,36,Realizado,Meteorologia,0,0
2023-000240,XYZ230240,2023-07-06,12:00,2023-07-06 12:16,SBGL,SBCT,ROT013,PR-ZDG,16,Realizado,Meteorologia,0,0
2023-000241,XYZ230241,2023-07-07,00:00,2023-07-07 00:19,SBGR,SBGL,ROT001,PR-ADH,19,Realizado,Meteorologia,0,0
2023-000242,XYZ230242,2023-07-07,00:00,2023-07-07 00:34,SBGR,SBBR,ROT002,PR-BKR,34,Realizado,Meteorologia,0,0
2023-000243,XYZ230243,2023-07-07,00:00,2023-07-07 00:47,SBGR,SBCF,ROT003,PR-CEV,47,Realizado,Meteorologia,0,0
2023-000244,XYZ230244,2023-07-07,00:00,2023-07-07 00:16,SBGR,SBPA,ROT004,PR-DQF,16,Realizado,Meteorologia,0,0
2023-000245,XYZ230245,2023-07-07,00:00,2023-07-07 00:16,SBGL,SBBR,ROT010,PR-EHX,16,Realizado,Meteorologia,0,0
2023-000246,XYZ230246,2023-07-07,00:00,2023-07-07 00:32,SBGL,SBCF,ROT011,PR-FKA,32,Desviado,Meteorologia,0,1
2023-000247,XYZ230247,2023-07-07,00:00,2023-07-07 00:28,SBGL,SBPA,ROT012,PR-GMB,28,Realizado,Meteorologia,0,0
2023-000248,XYZ230248,2023-07-07,00:00,2023-07-07 00:11,SBGL,SBCT,ROT013,PR-HNC,11,Realizado,Meteorologia,0,0
2023-000249,XYZ230249,2023-07-07,03:00,2023-07-07 03:32,SBGR,SBGL,ROT001,PR-JRD,32,Realizado,Meteorologia,0,0
2023-000250,XYZ230250,2023-07-07,03:00,2023-07-07 03:44,SBGR,SBBR,ROT002,PR-KSE,44,Realizado,Meteorologia,0,0
2023-000251,XYZ230251,2023-07-07,03:00,2023-07-07 03:33,SBGR,SBCF,ROT003,PR-LTF,33,Realizado,Meteorologia,0,0
2023-000252,XYZ230252,2023-07-07,03:00,2023-07-07 03:55,SBGR,SBPA,ROT004,PR-MUG,55,Desviado,Meteorologia,0,1
2023-000253,XYZ230253,2023-07-07,03:00,2023-07-07 03:38,SBGL,SBBR,ROT010,PR-NVH,38,Realizado,Meteorologia,0,0
2023-000254,XYZ230254,2023-07-07,03:00,2023-07-07 03:11,SBGL,SBCF,ROT011,PR-PWL,11,Realizado,Meteorologia,0,0
2023-000255,XYZ230255,2023-07-07,03:00,2023-07-07 03:22,SBGL,SBPA,ROT012,PR-QXA,22,Realizado,Meteorologia,0,0
2023-000256,XYZ230256,2023-07-07,03:00,2023-07-07 03:37,SBGL,SBCT,ROT013,PR-RYB,37,Realizado,Meteorologia,0,0
2023-000257,XYZ230257,2023-07-07,06:00,2023-07-07 06:10,SBGR,SBGL,ROT001,PR-SCD,10,Realizado,Meteorologia,0,0
2023-000258,XYZ230258,2023-07-07,06:00,2023-07-07 06:13,SBGR,SBBR,ROT002,PR-TQJ,13,Realizado,Meteorologia,0,0
2023-000259,XYZ230259,2023-07-07,06:00,2023-07-07 06:26,SBGR,SBCF,ROT003,PR-UKM,26,Realizado,Meteorologia,0,0
2023-000260,XYZ230260,2023-07-07,06:00,2023-07-07 06:22,SBGR,SBPA,ROT004,PR-VPN,22,Desviado,Meteorologia,0,1
2023-000261,XYZ230261,2023-07-07,06:00,,SBGL,SBBR,ROT010,PR-WAR,0,Cancelado,Meteorologia,1,0
2023-000262,XYZ230262,2023-07-07,06:00,2023-07-07 06:12,SBGL,SBCF,ROT011,PR-XBE,12,Realizado,Meteorologia,0,0
2023-000263,XYZ230263,2023-07-07,06:00,2023-07-07 06:36,SBGL,SBPA,ROT012,PR-YCF,36,Desviado,Meteorologia,0,1
2023-000264,XYZ230264,2023-07-07,06:00,2023-07-07 06:17,SBGL,SBCT,ROT013,PR-ZDG,17,Realizado,Meteorologia,0,0
2023-000265,XYZ230265,2023-07-07,09:00,2023-07-07 09:48,SBGR,SBGL,ROT001,PR-ADH,48,Realizado,Meteorologia,0,0
2023-000266,XYZ230266,2023-07-07,09:00,2023-07-07 09:11,SBGR,SBBR,ROT002,PR-BKR,11,Realizado,Meteorologia,0,0
2023-000267,XYZ230267,2023-07-07,09:00,2023-07-07 09:22,SBGR,SBCF,ROT003,PR-CEV,22,Realizado,Meteorologia,0,0
2023-000268,XYZ230268,2023-07-07,09:00,2023-07-07 09:25,SBGR,SBPA,ROT004,PR-DQF,25,Realizado,Meteorologia,0,0
2023-000269,XYZ230269,2023-07-07,09:00,2023-07-07 09:32,SBGL,SBBR,ROT010,PR-EHX,32,Realizado,Meteorologia,0,0
2023-000270,XYZ230270,2023-07-07,09:00,2023-07-07 09:19,SBGL,SBCF,ROT011,PR-FKA,19,Realizado,Meteorologia,0,0
2023-000271,XYZ230271,2023-07-07,09:00,2023-07-07 09:39,SBGL,SBPA,ROT012,PR-GMB,39,Realizado,Meteorologia,0,0
2023-000272,XYZ230272,2023-07-07,09:00,2023-07-07 09:39,SBGL,SBCT,ROT013,PR-HNC,39,Realizado,Meteorologia,0,0
2023-000273,XYZ230273,2023-07-07,12:00,,SBGR,SBGL,ROT001,PR-JRD,0,Cancelado,Meteorologia,1,0
2023-000274,XYZ230274,2023-07-07,12:00,2023-07-07 12:43,SBGR,SBBR,ROT002,PR-KSE,43,Realizado,Meteorologia,0,0
2023-000275,XYZ230275,2023-07-07,12:00,2023-07-07 12:47,SBGR,SBCF,ROT003,PR-LTF,47,Realizado,Meteorologia,0,0
2023-000276,XYZ230276,2023-07-07,12:00,2023-07-07 12:11,SBGR,SBPA,ROT004,PR-MUG,11,Realizado,Meteorologia,0,0
2023-000277,XYZ230277,2023-07-07,12:00,2023-07-07 12:17,SBGL,SBBR,ROT010,PR-NVH,17,Realizado,Meteorologia,0,0
2023-000278,XYZ230278,2023-07-07,12:00,2023-07-07 12:10,SBGL,SBCF,ROT011,PR-PWL,10,Realizado,Meteorologia,0,0
2023-000279,XYZ230279,2023-07-07,12:00,2023-07-07 12:19,SBGL,SBPA,ROT012,PR-QXA,19,Realizado,Meteorologia,0,0
2023-000280,XYZ230280,2023-07-07,12:00,2023-07-07 12:12,SBGL,SBCT,ROT013,PR-RYB,12,Realizado,Meteorologia,0,0
2023-000281,XYZ230281,2023-07-08,00:00,2023-07-08 00:36,SBGR,SBGL,ROT001,PR-SCD,36,Realizado,Meteorologia,0,0
2023-000282,XYZ230282,2023-07-08,00:00,2023-07-08 00:12,SBGR,SBBR,ROT002,PR-TQJ,12,Realizado,Meteorologia,0,0
2023-000283,XYZ230283,2023-07-08,00:00,2023-07-08 00:11,SBGR,SBCF,ROT003,PR-UKM,11,Realizado,Meteorologia,0,0
2023-000284,XYZ230284,2023-07-08,00:00,2023-07-08 00:36,SBGR,SBPA,ROT004,PR-VPN,36,Realizado,Meteorologia,0,0
2023-000285,XYZ230285,2023-07-08,00:00,2023-07-08 00:18,SBGL,SBBR,ROT010,PR-WAR,18,Realizado,Meteorologia,0,0
2023-000286,XYZ230286,2023-07-08,00:00,2023-07-08 00:21,SBGL,SBCF,ROT011,PR-XBE,21,Realizado,Meteorologia,0,0
2023-000287,XYZ230287,2023-07-08,00:00,2023-07-08 00:29,SBGL,SBPA,ROT012,PR-YCF,29,Realizado,Meteorologia,0,0
2023-000288,XYZ230288,2023-07-08,00:00,2023-07-08 00:16,SBGL,SBCT,ROT013,PR-ZDG,16,Realizado,Meteorologia,0,0
2023-000289,XYZ230289,2023-07-08,03:00,2023-07-08 03:11,SBGR,SBGL,ROT001,PR-ADH,11,Realizado,Meteorologia,0,0
2023-000290,XYZ230290,2023-07-08,03:00,2023-07-08 03:27,SBGR,SBBR,ROT002,PR-BKR,27,Realizado,Meteorologia,0,0
2023-000291,XYZ230291,2023-07-08,03:00,2023-07-08 03:40,SBGR,SBCF,ROT003,PR-CEV,40,Realizado,Meteorologia,0,0
2023-000292,XYZ230292,2023-07-08,03:00,2023-07-08 03:36,SBGR,SBPA,ROT004,PR-DQF,36,Desviado,Meteorologia,0,1
2023-000293,XYZ230293,2023-07-08,03:00,2023-07-08 03:22,SBGL,SBBR,ROT010,PR-EHX,22,Realizado,Meteorologia,0,0
2023-000294,XYZ230294,2023-07-08,03:00,2023-07-08 03:47,SBGL,SBCF,ROT011,PR-FKA,47,Desviado,Meteorologia,0,1
2023-000295,XYZ230295,2023-07-08,03:00,2023-07-08 03:54,SBGL,SBPA,ROT012,PR-GMB,54,Desviado,Meteorologia,0,1
2023-000296,XYZ230296,2023-07-08,03:00,2023-07-08 03:47,SBGL,SBCT,ROT013,PR-HNC,47,Realizado,Meteorologia,0,0
2023-000297,XYZ230297,2023-07-08,06:00,2023-07-08 06:16,SBGR,SBGL,ROT001,PR-JRD,16,Realizado,Meteorologia,0,0
2023-000298,XYZ230298,2023-07-08,06:00,2023-07-08 06:11,SBGR,SBBR,ROT002,PR-KSE,11,Realizado,Meteorologia,0,0
2023-000299,XYZ230299,2023-07-08,06:00,2023-07-08 06:34,SBGR,SBCF,ROT003,PR-LTF,34,Realizado,Meteorologia,0,0
2023-000300,XYZ230300,2023-07-08,06:00,2023-07-08 06:12,SBGR,SBPA,ROT004,PR-MUG,12,Realizado,Meteorologia,0,0
2023-000301,XYZ230301,2023-07-08,06:00,2023-07-08 06:24,SBGL,SBBR,ROT010,PR-NVH,24,Desviado,Meteorologia,0,1
2023-000302,XYZ230302,2023-07-08,06:00,,SBGL,SBCF,ROT011,PR-PWL,0,Cancelado,Meteorologia,1,0
2023-000303,XYZ230303,2023-07-08,06:00,2023-07-08 06:15,SBGL,SBPA,ROT012,PR-QXA,15,Realizado,Meteorologia,0,0
2023-000304,XYZ230304,2023-07-08,06:00,2023-07-08 06:20,SBGL,SBCT,ROT013,PR-RYB,20,Realizado,Meteorologia,0,0
2023-000305,XYZ230305,2023-07-08,09:00,2023-07-08 09:32,SBGR,SBGL,ROT001,PR-SCD,32,Realizado,Meteorologia,0,0
2023-000306,XYZ230306,2023-07-08,09:00,2023-07-08 09:40,SBGR,SBBR,ROT002,PR-TQJ,40,Realizado,Meteorologia,0,0
2023-000307,XYZ230307,2023-07-08,09:00,2023-07-08 09:20,SBGR,SBCF,ROT003,PR-UKM,20,Desviado,Meteorologia,0,1
2023-000308,XYZ230308,2023-07-08,09:00,2023-07-08 09:40,SBGR,SBPA,ROT004,PR-VPN,40,Desviado,Meteorologia,0,1
2023-000309,XYZ230309,2023-07-08,09:00,2023-07-08 09:21,SBGL,SBBR,ROT010,PR-WAR,21,Realizado,Meteorologia,0,0
2023-000310,XYZ230310,2023-07-08,09:00,2023-07-08 09:18,SBGL,SBCF,ROT011,PR-XBE,18,Realizado,Meteorologia,0,0
2023-000311,XYZ230311,2023-07-08,09:00,2023-07-08 09:19,SBGL,SBPA,ROT012,PR-YCF,19,Realizado,Meteorologia,0,0
2023-000312,XYZ230312,2023-07-08,09:00,2023-07-08 09:46,SBGL,SBCT,ROT013,PR-ZDG,46,Realizado,Meteorologia,0,0
2023-000313,XYZ230313,2023-07-08,12:00,2023-07-08 12:22,SBGR,SBGL,ROT001,PR-ADH,22,Realizado,Meteorologia,0,0
2023-000314,XYZ230314,2023-07-08,12:00,2023-07-08 12:41,SBGR,SBBR,ROT002,PR-BKR,41,Realizado,Meteorologia,0,0
2023-000315,XYZ230315,2023-07-08,12:00,2023-07-08 12:29,SBGR,SBCF,ROT003,PR-CEV,29,Desviado,Meteorologia,0,1
2023-000316,XYZ230316,2023-07-08,12:00,2023-07-08 12:26,SBGR,SBPA,ROT004,PR-DQF,26,Realizado,Meteorologia,0,0
2023-000317,XYZ230317,2023-07-08,12:00,2023-07-08 12:11,SBGL,SBBR,ROT010,PR-EHX,11,Realizado,Meteorologia,0,0
2023-000318,XYZ230318,2023-07-08,12:00,2023-07-08 12:56,SBGL,SBCF,ROT011,PR-FKA,56,Desviado,Meteorologia,0,1
2023-000319,XYZ230319,2023-07-08,12:00,2023-07-08 12:10,SBGL,SBPA,ROT012,PR-GMB,10,Realizado,Meteorologia,0,0
2023-000320,XYZ230320,2023-07-08,12:00,2023-07-08 12:23,SBGL,SBCT,ROT013,PR-HNC,23,Realizado,Meteorologia,0,0
2023-000321,XYZ230321,2023-07-09,00:00,2023-07-09 00:31,SBGR,SBGL,ROT001,PR-JRD,31,Realizado,Meteorologia,0,0
2023-000322,XYZ230322,2023-07-09,00:00,2023-07-09 00:25,SBGR,SBBR,ROT002,PR-KSE,25,Realizado,Meteorologia,0,0
2023-000323,XYZ230323,2023-07-09,00:00,2023-07-09 00:15,SBGR,SBCF,ROT003,PR-LTF,15,Realizado,Meteorologia,0,0
2023-000324,XYZ230324,2023-07-09,00:00,2023-07-09 00:26,SBGR,SBPA,ROT004,PR-MUG,26,Realizado,Meteorologia,0,0
2023-000325,XYZ230325,2023-07-09,00:00,2023-07-09 00:16,SBGL,SBBR,ROT010,PR-NVH,16,Realizado,Meteorologia,0,0
2023-000326,XYZ230326,2023-07-09,00:00,2023-07-09 00:18,SBGL,SBCF,ROT011,PR-PWL,18,Realizado,Meteorologia,0,0
2023-000327,XYZ230327,2023-07-09,00:00,2023-07-09 00:23,SBGL,SBPA,ROT012,PR-QXA,23,Desviado,Meteorologia,0,1
2023-000328,XYZ230328,2023-07-09,00:00,2023-07-09 00:31,SBGL,SBCT,ROT013,PR-RYB,31,Realizado,Meteorologia,0,0
2023-000329,XYZ230329,2023-07-09,03:00,2023-07-09 03:49,SBGR,SBGL,ROT001,PR-SCD,49,Realizado,Meteorologia,0,0
2023-000330,XYZ230330,2023-07-09,03:00,2023-07-09 03:34,SBGR,SBBR,ROT002,PR-TQJ,34,Realizado,Meteorologia,0,0
2023-000331,XYZ230331,2023-07-09,03:00,2023-07-09 03:43,SBGR,SBCF,ROT003,PR-UKM,43,Realizado,Meteorologia,0,0
2023-000332,XYZ230332,2023-07-09,03:00,2023-07-09 03:34,SBGR,SBPA,ROT004,PR-VPN,34,Realizado,Meteorologia,0,0
2023-000333,XYZ230333,2023-07-09,03:00,2023-07-09 03:37,SBGL,SBBR,ROT010,PR-WAR,37,Realizado,Meteorologia,0,0
2023-000334,XYZ230334,2023-07-09,03:00,2023-07-09 03:17,SBGL,SBCF,ROT011,PR-XBE,17,Realizado,Meteorologia,0,0
2023-000335,XYZ230335,2023-07-09,03:00,2023-07-09 03:36,SBGL,SBPA,ROT012,PR-YCF,36,Realizado,Meteorologia,0,0
2023-000336,XYZ230336,2023-07-09,03:00,2023-07-09 03:28,SBGL,SBCT,ROT013,PR-ZDG,28,Realizado,Meteorologia,0,0
2023-000337,XYZ230337,2023-07-09,06:00,2023-07-09 06:41,SBGR,SBGL,ROT001,PR-ADH,41,Realizado,Meteorologia,0,0
2023-000338,XYZ230338,2023-07-09,06:00,2023-07-09 06:19,SBGR,SBBR,ROT002,PR-BKR,19,Realizado,Meteorologia,0,0
2023-000339,XYZ230339,2023-07-09,06:00,2023-07-09 06:17,SBGR,SBCF,ROT003,PR-CEV,17,Realizado,Meteorologia,0,0
2023-000340,XYZ230340,2023-07-09,06:00,2023-07-09 06:33,SBGR,SBPA,ROT004,PR-DQF,33,Desviado,Meteorologia,0,1
2023-000341,XYZ230341,2023-07-09,06:00,2023-07-09 06:14,SBGL,SBBR,ROT010,PR-EHX,14,Realizado,Meteorologia,0,0
2023-000342,XYZ230342,2023-07-09,06:00,2023-07-09 06:26,SBGL,SBCF,ROT011,PR-FKA,26,Realizado,Meteorologia,0,0
2023-000343,XYZ230343,2023-07-09,06:00,2023-07-09 06:47,SBGL,SBPA,ROT012,PR-GMB,47,Desviado,Meteorologia,0,1
2023-000344,XYZ230344,2023-07-09,06:00,2023-07-09 06:28,SBGL,SBCT,ROT013,PR-HNC,28,Realizado,Meteorologia,0,0
2023-000345,XYZ230345,2023-07-09,09:00,2023-07-09 09:33,SBGR,SBGL,ROT001,PR-JRD,33,Realizado,Meteorologia,0,0
2023-000346,XYZ230346,2023-07-09,09:00,2023-07-09 09:27,SBGR,SBBR,ROT002,PR-KSE,27,Realizado,Meteorologia,0,0
2023-000347,XYZ230347,2023-07-09,09:00,2023-07-09 09:27,SBGR,SBCF,ROT003,PR-LTF,27,Realizado,Meteorologia,0,0
2023-000348,XYZ230348,2023-07-09,09:00,2023-07-09 09:32,SBGR,SBPA,ROT004,PR-MUG,32,Realizado,Meteorologia,0,0
2023-000349,XYZ230349,2023-07-09,09:00,2023-07-09 09:29,SBGL,SBBR,ROT010,PR-NVH,29,Realizado,Meteorologia,0,0
2023-000350,XYZ230350,2023-07-09,09:00,2023-07-09 09:27,SBGL,SBCF,ROT011,PR-PWL,27,Desviado,Meteorologia,0,1
2023-000351,XYZ230351,2023-07-09,09:00,2023-07-09 09:41,SBGL,SBPA,ROT012,PR-QXA,41,Realizado,Meteorologia,0,0
2023-000352,XYZ230352,2023-07-09,09:00,2023-07-09 09:19,SBGL,SBCT,ROT013,PR-RYB,19,Realizado,Meteorologia,0,0
2023-000353,XYZ230353,2023-07-09,12:00,2023-07-09 12:18,SBGR,SBGL,ROT001,PR-SCD,18,Realizado,Meteorologia,0,0
2023-000354,XYZ230354,2023-07-09,12:00,2023-07-09 12:49,SBGR,SBBR,ROT002,PR-TQJ,49,Realizado,Meteorologia,0,0
2023-000355,XYZ230355,2023-07-09,12:00,2023-07-09 12:28,SBGR,SBCF,ROT003,PR-UKM,28,Realizado,Meteorologia,0,0
2023-000356,XYZ230356,2023-07-09,12:00,2023-07-09 12:19,SBGR,SBPA,ROT004,PR-VPN,19,Realizado,Meteorologia,0,0
2023-000357,XYZ230357,2023-07-09,12:00,2023-07-09 12:20,SBGL,SBBR,ROT010,PR-WAR,20,Realizado,Meteorologia,0,0
2023-000358,XYZ230358,2023-07-09,12:00,2023-07-09 12:22,SBGL,SBCF,ROT011,PR-XBE,22,Desviado,Meteorologia,0,1
2023-000359,XYZ230359,2023-07-09,12:00,2023-07-09 12:38,SBGL,SBPA,ROT012,PR-YCF,38,Realizado,Meteorologia,0,0
2023-000360,XYZ230360,2023-07-09,12:00,2023-07-09 12:10,SBGL,SBCT,ROT013,PR-ZDG,10,Realizado,Meteorologia,0,0
2023-000361,XYZ230361,2023-07-10,00:00,2023-07-10 00:42,SBGR,SBGL,ROT001,PR-ADH,42,Realizado,Meteorologia,0,0
2023-000362,XYZ230362,2023-07-10,00:00,2023-07-10 00:25,SBGR,SBBR,ROT002,PR-BKR,25,Realizado,Meteorologia,0,0
2023-000363,XYZ230363,2023-07-10,00:00,2023-07-10 00:49,SBGR,SBCF,ROT003,PR-CEV,49,Realizado,Meteorologia,0,0
2023-000364,XYZ230364,2023-07-10,00:00,2023-07-10 00:27,SBGR,SBPA,ROT004,PR-DQF,27,Desviado,Meteorologia,0,1
2023-000365,XYZ230365,2023-07-10,00:00,2023-07-10 00:22,SBGL,SBBR,ROT010,PR-EHX,22,Desviado,Meteorologia,0,1
2023-000366,XYZ230366,2023-07-10,00:00,2023-07-10 00:42,SBGL,SBCF,ROT011,PR-FKA,42,Realizado,Meteorologia,0,0
2023-000367,XYZ230367,2023-07-10,00:00,2023-07-10 00:39,SBGL,SBPA,ROT012,PR-GMB,39,Realizado,Meteorologia,0,0
2023-000368,XYZ230368,2023-07-10,00:00,2023-07-10 00:41,SBGL,SBCT,ROT013,PR-HNC,41,Realizado,Meteorologia,0,0
2023-000369,XYZ230369,2023-07-10,03:00,2023-07-10 03:23,SBGR,SBGL,ROT001,PR-JRD,23,Realizado,Meteorologia,0,0
2023-000370,XYZ230370,2023-07-10,03:00,2023-07-10 03:21,SBGR,SBBR,ROT002,PR-KSE,21,Realizado,Meteorologia,0,0
2023-000371,XYZ230371,2023-07-10,03:00,2023-07-10 03:33,SBGR,SBCF,ROT003,PR-LTF,33,Realizado,Meteorologia,0,0
2023-000372,XYZ230372,2023-07-10,03:00,2023-07-10 03:24,SBGR,SBPA,ROT004,PR-MUG,24,Desviado,Meteorologia,0,1
2023-000373,XYZ230373,2023-07-10,03:00,2023-07-10 03:14,SBGL,SBBR,ROT010,PR-NVH,14,Realizado,Meteorologia,0,0
2023-000374,XYZ230374,2023-07-10,03:00,2023-07-10 03:44,SBGL,SBCF,ROT011,PR-PWL,44,Desviado,Meteorologia,0,1
2023-000375,XYZ230375,2023-07-10,03:00,2023-07-10 03:35,SBGL,SBPA,ROT012,PR-QXA,35,Realizado,Meteorologia,0,0
2023-000376,XYZ230376,2023-07-10,03:00,,SBGL,SBCT,ROT013,PR-RYB,0,Cancelado,Meteorologia,1,0
2023-000377,XYZ230377,2023-07-10,06:00,2023-07-10 06:19,SBGR,SBGL,ROT001,PR-SCD,19,Realizado,Meteorologia,0,0
2023-000378,XYZ230378,2023-07-10,06:00,2023-07-10 06:36,SBGR,SBBR,ROT002,PR-TQJ,36,Realizado,Meteorologia,0,0
2023-000379,XYZ230379,2023-07-10,06:00,2023-07-10 06:13,SBGR,SBCF,ROT003,PR-UKM,13,Realizado,Meteorologia,0,0
2023-000380,XYZ230380,2023-07-10,06:00,2023-07-10 06:26,SBGR,SBPA,ROT004,PR-VPN,26,Realizado,Meteorologia,0,0
2023-000381,XYZ230381,2023-07-10,06:00,2023-07-10 06:34,SBGL,SBBR,ROT010,PR-WAR,34,Realizado,Meteorologia,0,0
2023-000382,XYZ230382,2023-07-10,06:00,2023-07-10 06:28,SBGL,SBCF,ROT011,PR-XBE,28,Realizado,Meteorologia,0,0
2023-000383,XYZ230383,2023-07-10,06:00,2023-07-10 06:25,SBGL,SBPA,ROT012,PR-YCF,25,Realizado,Meteorologia,0,0
2023-000384,XYZ230384,2023-07-10,06:00,2023-07-10 06:31,SBGL,SBCT,ROT013,PR-ZDG,31,Realizado,Meteorologia,0,0
2023-000385,XYZ230385,2023-07-10,09:00,2023-07-10 09:35,SBGR,SBGL,ROT001,PR-ADH,35,Realizado,Meteorologia,0,0
2023-000386,XYZ230386,2023-07-10,09:00,2023-07-10 09:52,SBGR,SBBR,ROT002,PR-BKR,52,Desviado,Meteorologia,0,1
2023-000387,XYZ230387,2023-07-10,09:00,2023-07-10 09:27,SBGR,SBCF,ROT003,PR-CEV,27,Realizado,Meteorologia,0,0
2023-000388,XYZ230388,2023-07-10,09:00,2023-07-10 09:22,SBGR,SBPA,ROT004,PR-DQF,22,Realizado,Meteorologia,0,0
2023-000389,XYZ230389,2023-07-10,09:00,2023-07-10 09:35,SBGL,SBBR,ROT010,PR-EHX,35,Realizado,Meteorologia,0,0
2023-000390,XYZ230390,2023-07-10,09:00,,SBGL,SBCF,ROT011,PR-FKA,0,Cancelado,Meteorologia,1,0
2023-000391,XYZ230391,2023-07-10,09:00,2023-07-10 09:29,SBGL,SBPA,ROT012,PR-GMB,29,Realizado,Meteorologia,0,0
2023-000392,XYZ230392,2023-07-10,09:00,2023-07-10 09:14,SBGL,SBCT,ROT013,PR-HNC,14,Realizado,Meteorologia,0,0
2023-000393,XYZ230393,2023-07-10,12:00,2023-07-10 12:33,SBGR,SBGL,ROT001,PR-JRD,33,Realizado,Meteorologia,0,0
2023-000394,XYZ230394,2023-07-10,12:00,2023-07-10 12:18,SBGR,SBBR,ROT002,PR-KSE,18,Realizado,Meteorologia,0,0
2023-000395,XYZ230395,2023-07-10,12:00,2023-07-10 12:13,SBGR,SBCF,ROT003,PR-LTF,13,Realizado,Meteorologia,0,0
2023-000396,XYZ230396,2023-07-10,12:00,2023-07-10 12:44,SBGR,SBPA,ROT004,PR-MUG,44,Realizado,Meteorologia,0,0
2023-000397,XYZ230397,2023-07-10,12:00,2023-07-10 12:19,SBGL,SBBR,ROT010,PR-NVH,19,Realizado,Meteorologia,0,0
2023-000398,XYZ230398,2023-07-10,12:00,2023-07-10 12:49,SBGL,SBCF,ROT011,PR-PWL,49,Desviado,Meteorologia,0,1
2023-000399,XYZ230399,2023-07-10,12:00,2023-07-10 12:27,SBGL,SBPA,ROT012,PR-QXA,27,Realizado,Meteorologia,0,0
2023-000400,XYZ230400,2023-07-10,12:00,2023-07-10 12:14,SBGL,SBCT,ROT013,PR-RYB,14,Realizado,Meteorologia,0,0
2023-000401,XYZ230401,2023-07-11,00:00,2023-07-11 00:16,SBGR,SBGL,ROT001,PR-SCD,16,Realizado,Meteorologia,0,0
2023-000402,XYZ230402,2023-07-11,00:00,2023-07-11 00:22,SBGR,SBBR,ROT002,PR-TQJ,22,Realizado,Meteorologia,0,0
2023-000403,XYZ230403,2023-07-11,00:00,2023-07-11 00:35,SBGR,SBCF,ROT003,PR-UKM,35,Realizado,Meteorologia,0,0
2023-000404,XYZ230404,2023-07-11,00:00,2023-07-11 00:13,SBGR,SBPA,ROT004,PR-VPN,13,Realizado,Meteorologia,0,0
2023-000405,XYZ230405,2023-07-11,00:00,,SBGL,SBBR,ROT010,PR-WAR,0,Cancelado,Meteorologia,1,0
2023-000406,XYZ230406,2023-07-11,00:00,2023-07-11 00:45,SBGL,SBCF,ROT011,PR-XBE,45,Realizado,Meteorologia,0,0
2023-000407,XYZ230407,2023-07-11,00:00,2023-07-11 00:34,SBGL,SBPA,ROT012,PR-YCF,34,Realizado,Meteorologia,0,0
2023-000408,XYZ230408,2023-07-11,00:00,2023-07-11 00:21,SBGL,SBCT,ROT013,PR-ZDG,21,Realizado,Meteorologia,0,0
2023-000409,XYZ230409,2023-07-11,03:00,2023-07-11 03:21,SBGR,SBGL,ROT001,PR-ADH,21,Realizado,Meteorologia,0,0
2023-000410,XYZ230410,2023-07-11,03:00,2023-07-11 03:34,SBGR,SBBR,ROT002,PR-BKR,34,Realizado,Meteorologia,0,0
2023-000411,XYZ230411,2023-07-11,03:00,2023-07-11 03:19,SBGR,SBCF,ROT003,PR-CEV,19,Realizado,Meteorologia,0,0
2023-000412,XYZ230412,2023-07-11,03:00,2023-07-11 03:31,SBGR,SBPA,ROT004,PR-DQF,31,Realizado,Meteorologia,0,0
2023-000413,XYZ230413,2023-07-11,03:00,2023-07-11 03:29,SBGL,SBBR,ROT010,PR-EHX,29,Realizado,Meteorologia,0,0
2023-000414,XYZ230414,2023-07-11,03:00,2023-07-11 03:25,SBGL,SBCF,ROT011,PR-FKA,25,Desviado,Meteorologia,0,1
2023-000415,XYZ230415,2023-07-11,03:00,2023-07-11 03:48,SBGL,SBPA,ROT012,PR-GMB,48,Realizado,Meteorologia,0,0
2023-000416,XYZ230416,2023-07-11,03:00,2023-07-11 03:39,SBGL,SBCT,ROT013,PR-HNC,39,Realizado,Meteorologia,0,0
2023-000417,XYZ230417,2023-07-11,06:00,2023-07-11 06:25,SBGR,SBGL,ROT001,PR-JRD,25,Realizado,Meteorologia,0,0
2023-000418,XYZ230418,2023-07-11,06:00,2023-07-11 06:41,SBGR,SBBR,ROT002,PR-KSE,41,Realizado,Meteorologia,0,0
2023-000419,XYZ230419,2023-07-11,06:00,2023-07-11 06:25,SBGR,SBCF,ROT003,PR-LTF,25,Realizado,Meteorologia,0,0
2023-000420,XYZ230420,2023-07-11,06:00,2023-07-11 06:29,SBGR,SBPA,ROT004,PR-MUG,29,Desviado,Meteorologia,0,1
2023-000421,XYZ230421,2023-07-11,06:00,2023-07-11 06:47,SBGL,SBBR,ROT010,PR-NVH,47,Realizado,Meteorologia,0,0
2023-000422,XYZ230422,2023-07-11,06:00,2023-07-11 06:23,SBGL,SBCF,ROT011,PR-PWL,23,Realizado,Meteorologia,0,0
2023-000423,XYZ230423,2023-07-11,06:00,2023-07-11 06:42,SBGL,SBPA,ROT012,PR-QXA,42,Realizado,Meteorologia,0,0
2023-000424,XYZ230424,2023-07-11,06:00,2023-07-11 06:39,SBGL,SBCT,ROT013,PR-RYB,39,Realizado,Meteorologia,0,0
2023-000425,XYZ230425,2023-07-11,09:00,2023-07-11 09:34,SBGR,SBGL,ROT001,PR-SCD,34,Realizado,Meteorologia,0,0
2023-000426,XYZ230426,2023-07-11,09:00,2023-07-11 09:42,SBGR,SBBR,ROT002,PR-TQJ,42,Realizado,Meteorologia,0,0
2023-000427,XYZ230427,2023-07-11,09:00,2023-07-11 09:47,SBGR,SBCF,ROT003,PR-UKM,47,Realizado,Meteorologia,0,0
2023-000428,XYZ230428,2023-07-11,09:00,2023-07-11 09:37,SBGR,SBPA,ROT004,PR-VPN,37,Desviado,Meteorologia,0,1
2023-000429,XYZ230429,2023-07-11,09:00,2023-07-11 09:32,SBGL,SBBR,ROT010,PR-WAR,32,Realizado,Meteorologia,0,0
2023-000430,XYZ230430,2023-07-11,09:00,2023-07-11 09:34,SBGL,SBCF,ROT011,PR-XBE,34,Realizado,Meteorologia,0,0
2023-000431,XYZ230431,2023-07-11,09:00,2023-07-11 09:20,SBGL,SBPA,ROT012,PR-YCF,20,Realizado,Meteorologia,0,0
2023-000432,XYZ230432,2023-07-11,09:00,2023-07-11 09:34,SBGL,SBCT,ROT013,PR-ZDG,34,Realizado,Meteorologia,0,0
2023-000433,XYZ230433,2023-07-11,12:00,2023-07-11 12:10,SBGR,SBGL,ROT001,PR-ADH,10,Realizado,Meteorologia,0,0
2023-000434,XYZ230434,2023-07-11,12:00,2023-07-11 12:30,SBGR,SBBR,ROT002,PR-BKR,30,Realizado,Meteorologia,0,0
2023-000435,XYZ230435,2023-07-11,12:00,2023-07-11 12:25,SBGR,SBCF,ROT003,PR-CEV,25,Desviado,Meteorologia,0,1
2023-000436,XYZ230436,2023-07-11,12:00,2023-07-11 12:42,SBGR,SBPA,ROT004,PR-DQF,42,Realizado,Meteorologia,0,0
2023-000437,XYZ230437,2023-07-11,12:00,2023-07-11 12:41,SBGL,SBBR,ROT010,PR-EHX,41,Realizado,Meteorologia,0,0
2023-000438,XYZ230438,2023-07-11,12:00,2023-07-11 12:48,SBGL,SBCF,ROT011,PR-FKA,48,Realizado,Meteorologia,0,0
2023-000439,XYZ230439,2023-07-11,12:00,2023-07-11 12:22,SBGL,SBPA,ROT012,PR-GMB,22,Realizado,Meteorologia,0,0
2023-000440,XYZ230440,2023-07-11,12:00,2023-07-11 12:38,SBGL,SBCT,ROT013,PR-HNC,38,Realizado,Meteorologia,0,0
2023-000441,XYZ230441,2023-07-12,00:00,2023-07-12 00:35,SBGR,SBGL,ROT001,PR-JRD,35,Realizado,Meteorologia,0,0
2023-000442,XYZ230442,2023-07-12,00:00,2023-07-12 00:33,SBGR,SBBR,ROT002,PR-KSE,33,Realizado,Meteorologia,0,0
2023-000443,XYZ230443,2023-07-12,00:00,2023-07-12 00:45,SBGR,SBCF,ROT003,PR-LTF,45,Realizado,Meteorologia,0,0
2023-000444,XYZ230444,2023-07-12,00:00,2023-07-12 00:40,SBGR,SBPA,ROT004,PR-MUG,40,Realizado,Meteorologia,0,0
2023-000445,XYZ230445,2023-07-12,00:00,2023-07-12 00:30,SBGL,SBBR,ROT010,PR-NVH,30,Realizado,Meteorologia,0,0
2023-000446,XYZ230446,2023-07-12,00:00,2023-07-12 00:24,SBGL,SBCF,ROT011,PR-PWL,24,Realizado,Meteorologia,0,0
2023-000447,XYZ230447,2023-07-12,00:00,2023-07-12 00:12,SBGL,SBPA,ROT012,PR-QXA,12,Realizado,Meteorologia,0,0
2023-000448,XYZ230448,2023-07-12,00:00,2023-07-12 00:13,SBGL,SBCT,ROT013,PR-RYB,13,Realizado,Meteorologia,0,0
2023-000449,XYZ230449,2023-07-12,03:00,2023-07-12 03:40,SBGR,SBGL,ROT001,PR-SCD,40,Realizado,Meteorologia,0,0
2023-000450,XYZ230450,2023-07-12,03:00,2023-07-12 03:37,SBGR,SBBR,ROT002,PR-TQJ,37,Realizado,Meteorologia,0,0
2023-000451,XYZ230451,2023-07-12,03:00,2023-07-12 03:48,SBGR,SBCF,ROT003,PR-UKM,48,Realizado,Meteorologia,0,0
2023-000452,XYZ230452,2023-07-12,03:00,2023-07-12 03:30,SBGR,SBPA,ROT004,PR-VPN,30,Realizado,Meteorologia,0,0
2023-000453,XYZ230453,2023-07-12,03:00,2023-07-12 03:20,SBGL,SBBR,ROT010,PR-WAR,20,Realizado,Meteorologia,0,0
2023-000454,XYZ230454,2023-07-12,03:00,2023-07-12 03:42,SBGL,SBCF,ROT011,PR-XBE,42,Realizado,Meteorologia,0,0
2023-000455,XYZ230455,2023-07-12,03:00,2023-07-12 03:23,SBGL,SBPA,ROT012,PR-YCF,23,Realizado,Meteorologia,0,0
2023-000456,XYZ230456,2023-07-12,03:00,2023-07-12 03:17,SBGL,SBCT,ROT013,PR-ZDG,17,Realizado,Meteorologia,0,0
2023-000457,XYZ230457,2023-07-12,06:00,2023-07-12 06:15,SBGR,SBGL,ROT001,PR-ADH,15,Realizado,Meteorologia,0,0
2023-000458,XYZ230458,2023-07-12,06:00,2023-07-12 06:39,SBGR,SBBR,ROT002,PR-BKR,39,Realizado,Meteorologia,0,0
2023-000459,XYZ230459,2023-07-12,06:00,2023-07-12 06:37,SBGR,SBCF,ROT003,PR-CEV,37,Realizado,Meteorologia,0,0
2023-000460,XYZ230460,2023-07-12,06:00,2023-07-12 06:26,SBGR,SBPA,ROT004,PR-DQF,26,Realizado,Meteorologia,0,0
2023-000461,XYZ230461,2023-07-12,06:00,2023-07-12 06:14,SBGL,SBBR,ROT010,PR-EHX,14,Realizado,Meteorologia,0,0
2023-000462,XYZ230462,2023-07-12,06:00,2023-07-12 06:26,SBGL,SBCF,ROT011,PR-FKA,26,Realizado,Meteorologia,0,0
2023-000463,XYZ230463,2023-07-12,06:00,2023-07-12 06:18,SBGL,SBPA,ROT012,PR-GMB,18,Realizado,Meteorologia,0,0
2023-000464,XYZ230464,2023-07-12,06:00,,SBGL,SBCT,ROT013,PR-HNC,0,Cancelado,Meteorologia,1,0
2023-000465,XYZ230465,2023-07-12,09:00,2023-07-12 09:28,SBGR,SBGL,ROT001,PR-JRD,28,Realizado,Meteorologia,0,0
2023-000466,XYZ230466,2023-07-12,09:00,2023-07-12 09:37,SBGR,SBBR,ROT002,PR-KSE,37,Realizado,Meteorologia,0,0
2023-000467,XYZ230467,2023-07-12,09:00,2023-07-12 09:13,SBGR,SBCF,ROT003,PR-LTF,13,Realizado,Meteorologia,0,0
2023-000468,XYZ230468,2023-07-12,09:00,2023-07-12 09:36,SBGR,SBPA,ROT004,PR-MUG,36,Realizado,Meteorologia,0,0
2023-000469,XYZ230469,2023-07-12,09:00,2023-07-12 09:44,SBGL,SBBR,ROT010,PR-NVH,44,Realizado,Meteorologia,0,0
2023-000470,XYZ230470,2023-07-12,09:00,2023-07-12 09:26,SBGL,SBCF,ROT011,PR-PWL,26,Realizado,Meteorologia,0,0
2023-000471,XYZ230471,2023-07-12,09:00,2023-07-12 09:44,SBGL,SBPA,ROT012,PR-QXA,44,Realizado,Meteorologia,0,0
2023-000472,XYZ230472,2023-07-12,09:00,2023-07-12 09:41,SBGL,SBCT,ROT013,PR-RYB,41,Realizado,Meteorologia,0,0
2023-000473,XYZ230473,2023-07-12,12:00,2023-07-12 12:44,SBGR,SBGL,ROT001,PR-SCD,44,Realizado,Meteorologia,0,0
2023-000474,XYZ230474,2023-07-12,12:00,,SBGR,SBBR,ROT002,PR-TQJ,0,Cancelado,Meteorologia,1,0
2023-000475,XYZ230475,2023-07-12,12:00,2023-07-12 12:49,SBGR,SBCF,ROT003,PR-UKM,49,Realizado,Meteorologia,0,0
2023-000476,XYZ230476,2023-07-12,12:00,2023-07-12 12:42,SBGR,SBPA,ROT004,PR-VPN,42,Realizado,Meteorologia,0,0
2023-000477,XYZ230477,2023-07-12,12:00,2023-07-12 12:16,SBGL,SBBR,ROT010,PR-WAR,16,Realizado,Meteorologia,0,0
2023-000478,XYZ230478,2023-07-12,12:00,2023-07-12 12:49,SBGL,SBCF,ROT011,PR-XBE,49,Realizado,Meteorologia,0,0
2023-000479,XYZ230479,2023-07-12,12:00,2023-07-12 12:55,SBGL,SBPA,ROT012,PR-YCF,55,Desviado,Meteorologia,0,1
2023-000480,XYZ230480,2023-07-12,12:00,2023-07-12 12:20,SBGL,SBCT,ROT013,PR-ZDG,20,Realizado,Meteorologia,0,0
2023-000481,XYZ230481,2023-07-13,00:00,2023-07-13 00:11,SBGR,SBGL,ROT001,PR-ADH,11,Realizado,Meteorologia,0,0
2023-000482,XYZ230482,2023-07-13,00:00,2023-07-13 00:26,SBGR,SBBR,ROT002,PR-BKR,26,Realizado,Meteorologia,0,0
2023-000483,XYZ230483,2023-07-13,00:00,2023-07-13 00:19,SBGR,SBCF,ROT003,PR-CEV,19,Realizado,Meteorologia,0,0
2023-000484,XYZ230484,2023-07-13,00:00,2023-07-13 00:21,SBGR,SBPA,ROT004,PR-DQF,21,Realizado,Meteorologia,0,0
2023-000485,XYZ230485,2023-07-13,00:00,2023-07-13 00:23,SBGL,SBBR,ROT010,PR-EHX,23,Realizado,Meteorologia,0,0
2023-000486,XYZ230486,2023-07-13,00:00,2023-07-13 00:41,SBGL,SBCF,ROT011,PR-FKA,41,Realizado,Meteorologia,0,0
2023-000487,XYZ230487,2023-07-13,00:00,,SBGL,SBPA,ROT012,PR-GMB,0,Cancelado,Meteorologia,1,0
2023-000488,XYZ230488,2023-07-13,00:00,2023-07-13 00:39,SBGL,SBCT,ROT013,PR-HNC,39,Realizado,Meteorologia,0,0
2023-000489,XYZ230489,2023-07-13,03:00,2023-07-13 03:45,SBGR,SBGL,ROT001,PR-JRD,45,Realizado,Meteorologia,0,0
2023-000490,XYZ230490,2023-07-13,03:00,2023-07-13 03:42,SBGR,SBBR,ROT002,PR-KSE,42,Realizado,Meteorologia,0,0
2023-000491,XYZ230491,2023-07-13,03:00,2023-07-13 03:48,SBGR,SBCF,ROT003,PR-LTF,48,Realizado,Meteorologia,0,0
2023-000492,XYZ230492,2023-07-13,03:00,2023-07-13 03:49,SBGR,SBPA,ROT004,PR-MUG,49,Realizado,Meteorologia,0,0
2023-000493,XYZ230493,2023-07-13,03:00,2023-07-13 03:22,SBGL,SBBR,ROT010,PR-NVH,22,Realizado,Meteorologia,0,0
2023-000494,XYZ230494,2023-07-13,03:00,2023-07-13 03:47,SBGL,SBCF,ROT011,PR-PWL,47,Realizado,Meteorologia,0,0
2023-000495,XYZ230495,2023-07-13,03:00,2023-07-13 03:25,SBGL,SBPA,ROT012,PR-QXA,25,Realizado,Meteorologia,0,0
2023-000496,XYZ230496,2023-07-13,03:00,2023-07-13 03:27,SBGL,SBCT,ROT013,PR-RYB,27,Realizado,Meteorologia,0,0
2023-000497,XYZ230497,2023-07-13,06:00,2023-07-13 06:12,SBGR,SBGL,ROT001,PR-SCD,12,Realizado,Meteorologia,0,0
2023-000498,XYZ230498,2023-07-13,06:00,2023-07-13 06:21,SBGR,SBBR,ROT002,PR-TQJ,21,Realizado,Meteorologia,0,0
2023-000499,XYZ230499,2023-07-13,06:00,2023-07-13 06:25,SBGR,SBCF,ROT003,PR-UKM,25,Realizado,Meteorologia,0,0
2023-000500,XYZ230500,2023-07-13,06:00,2023-07-13 06:31,SBGR,SBPA,ROT004,PR-VPN,31,Realizado,Meteorologia,0,0
2023-000501,XYZ230501,2023-07-13,06:00,2023-07-13 06:33,SBGL,SBBR,ROT010,PR-WAR,33,Realizado,Meteorologia,0,0
2023-000502,XYZ230502,2023-07-13,06:00,2023-07-13 06:23,SBGL,SBCF,ROT011,PR-XBE,23,Realizado,Meteorologia,0,0
2023-000503,XYZ230503,2023-07-13,06:00,2023-07-13 06:42,SBGL,SBPA,ROT012,PR-YCF,42,Desviado,Meteorologia,0,1
2023-000504,XYZ230504,2023-07-13,06:00,2023-07-13 06:21,SBGL,SBCT,ROT013,PR-ZDG,21,Realizado,Meteorologia,0,0
2023-000505,XYZ230505,2023-07-13,09:00,2023-07-13 09:51,SBGR,SBGL,ROT001,PR-ADH,51,Desviado,Meteorologia,0,1
2023-000506,XYZ230506,2023-07-13,09:00,2023-07-13 09:14,SBGR,SBBR,ROT002,PR-BKR,14,Realizado,Meteorologia,0,0
2023-000507,XYZ230507,2023-07-13,09:00,2023-07-13 09:11,SBGR,SBCF,ROT003,PR-CEV,11,Realizado,Meteorologia,0,0
2023-000508,XYZ230508,2023-07-13,09:00,2023-07-13 09:15,SBGR,SBPA,ROT004,PR-DQF,15,Realizado,Meteorologia,0,0
2023-000509,XYZ230509,2023-07-13,09:00,2023-07-13 09:18,SBGL,SBBR,ROT010,PR-EHX,18,Realizado,Meteorologia,0,0
2023-000510,XYZ230510,2023-07-13,09:00,,SBGL,SBCF,ROT011,PR-FKA,0,Cancelado,Meteorologia,1,0
2023-000511,XYZ230511,2023-07-13,09:00,2023-07-13 09:40,SBGL,SBPA,ROT012,PR-GMB,40,Realizado,Meteorologia,0,0
2023-000512,XYZ230512,2023-07-13,09:00,2023-07-13 09:25,SBGL,SBCT,ROT013,PR-HNC,25,Realizado,Meteorologia,0,0
2023-000513,XYZ230513,2023-07-13,12:00,2023-07-13 12:20,SBGR,SBGL,ROT001,PR-JRD,20,Realizado,Meteorologia,0,0
2023-000514,XYZ230514,2023-07-13,12:00,2023-07-13 12:37,SBGR,SBBR,ROT002,PR-KSE,37,Realizado,Meteorologia,0,0
2023-000515,XYZ230515,2023-07-13,12:00,2023-07-13 12:24,SBGR,SBCF,ROT003,PR-LTF,24,Realizado,Meteorologia,0,0
2023-000516,XYZ230516,2023-07-13,12:00,2023-07-13 12:43,SBGR,SBPA,ROT004,PR-MUG,43,Realizado,Meteorologia,0,0
2023-000517,XYZ230517,2023-07-13,12:00,2023-07-13 12:19,SBGL,SBBR,ROT010,PR-NVH,19,Realizado,Meteorologia,0,0
2023-000518,XYZ230518,2023-07-13,12:00,2023-07-13 12:39,SBGL,SBCF,ROT011,PR-PWL,39,Realizado,Meteorologia,0,0
2023-000519,XYZ230519,2023-07-13,12:00,2023-07-13 12:40,SBGL,SBPA,ROT012,PR-QXA,40,Desviado,Meteorologia,0,1
2023-000520,XYZ230520,2023-07-13,12:00,2023-07-13 12:30,SBGL,SBCT,ROT013,PR-RYB,30,Realizado,Meteorologia,0,0
2023-000521,XYZ230521,2023-07-14,00:00,2023-07-14 00:31,SBGR,SBGL,ROT001,PR-SCD,31,Realizado,Meteorologia,0,0
2023-000522,XYZ230522,2023-07-14,00:00,,SBGR,SBBR,ROT002,PR-TQJ,0,Cancelado,Meteorologia,1,0
2023-000523,XYZ230523,2023-07-14,00:00,2023-07-14 00:15,SBGR,SBCF,ROT003,PR-UKM,15,Realizado,Meteorologia,0,0
2023-000524,XYZ230524,2023-07-14,00:00,2023-07-14 00:37,SBGR,SBPA,ROT004,PR-VPN,37,Realizado,Meteorologia,0,0
2023-000525,XYZ230525,2023-07-14,00:00,2023-07-14 00:33,SBGL,SBBR,ROT010,PR-WAR,33,Realizado,Meteorologia,0,0
2023-000526,XYZ230526,2023-07-14,00:00,2023-07-14 00:26,SBGL,SBCF,ROT011,PR-XBE,26,Realizado,Meteorologia,0,0
2023-000527,XYZ230527,2023-07-14,00:00,2023-07-14 00:40,SBGL,SBPA,ROT012,PR-YCF,40,Realizado,Meteorologia,0,0
2023-000528,XYZ230528,2023-07-14,00:00,2023-07-14 00:10,SBGL,SBCT,ROT013,PR-ZDG,10,Realizado,Meteorologia,0,0
2023-000529,XYZ230529,2023-07-14,03:00,2023-07-14 03:35,SBGR,SBGL,ROT001,PR-ADH,35,Realizado,Meteorologia,0,0
2023-000530,XYZ230530,2023-07-14,03:00,2023-07-14 03:20,SBGR,SBBR,ROT002,PR-BKR,20,Desviado,Meteorologia,0,1
2023-000531,XYZ230531,2023-07-14,03:00,2023-07-14 03:29,SBGR,SBCF,ROT003,PR-CEV,29,Realizado,Meteorologia,0,0
2023-000532,XYZ230532,2023-07-14,03:00,2023-07-14 03:41,SBGR,SBPA,ROT004,PR-DQF,41,Realizado,Meteorologia,0,0
2023-000533,XYZ230533,2023-07-14,03:00,2023-07-14 03:20,SBGL,SBBR,ROT010,PR-EHX,20,Realizado,Meteorologia,0,0
2023-000534,XYZ230534,2023-07-14,03:00,2023-07-14 03:48,SBGL,SBCF,ROT011,PR-FKA,48,Realizado,Meteorologia,0,0
2023-000535,XYZ230535,2023-07-14,03:00,2023-07-14 03:22,SBGL,SBPA,ROT012,PR-GMB,22,Realizado,Meteorologia,0,0
2023-000536,XYZ230536,2023-07-14,03:00,2023-07-14 03:45,SBGL,SBCT,ROT013,PR-HNC,45,Realizado,Meteorologia,0,0
2023-000537,XYZ230537,2023-07-14,06:00,2023-07-14 06:13,SBGR,SBGL,ROT001,PR-JRD,13,Realizado,Meteorologia,0,0
2023-000538,XYZ230538,2023-07-14,06:00,2023-07-14 06:30,SBGR,SBBR,ROT002,PR-KSE,30,Realizado,Meteorologia,0,0
2023-000539,XYZ230539,2023-07-14,06:00,2023-07-14 06:11,SBGR,SBCF,ROT003,PR-LTF,11,Realizado,Meteorologia,0,0
2023-000540,XYZ230540,2023-07-14,06:00,2023-07-14 06:26,SBGR,SBPA,ROT004,PR-MUG,26,Desviado,Meteorologia,0,1
2023-000541,XYZ230541,2023-07-14,06:00,2023-07-14 06:55,SBGL,SBBR,ROT010,PR-NVH,55,Desviado,Meteorologia,0,1
2023-000542,XYZ230542,2023-07-14,06:00,2023-07-14 06:45,SBGL,SBCF,ROT011,PR-PWL,45,Desviado,Meteorologia,0,1
2023-000543,XYZ230543,2023-07-14,06:00,2023-07-14 06:19,SBGL,SBPA,ROT012,PR-QXA,19,Realizado,Meteorologia,0,0
2023-000544,XYZ230544,2023-07-14,06:00,,SBGL,SBCT,ROT013,PR-RYB,0,Cancelado,Meteorologia,1,0
2023-000545,XYZ230545,2023-07-14,09:00,2023-07-14 09:58,SBGR,SBGL,ROT001,PR-SCD,58,Desviado,Meteorologia,0,1
2023-000546,XYZ230546,2023-07-14,09:00,2023-07-14 09:48,SBGR,SBBR,ROT002,PR-TQJ,48,Realizado,Meteorologia,0,0
2023-000547,XYZ230547,2023-07-14,09:00,2023-07-14 09:49,SBGR,SBCF,ROT003,PR-UKM,49,Realizado,Meteorologia,0,0
2023-000548,XYZ230548,2023-07-14,09:00,2023-07-14 09:33,SBGR,SBPA,ROT004,PR-VPN,33,Realizado,Meteorologia,0,0
2023-000549,XYZ230549,2023-07-14,09:00,2023-07-14 09:40,SBGL,SBBR,ROT010,PR-WAR,40,Realizado,Meteorologia,0,0
2023-000550,XYZ230550,2023-07-14,09:00,2023-07-14 09:41,SBGL,SBCF,ROT011,PR-XBE,41,Realizado,Meteorologia,0,0
2023-000551,XYZ230551,2023-07-14,09:00,2023-07-14 09:28,SBGL,SBPA,ROT012,PR-YCF,28,Realizado,Meteorologia,0,0
2023-000552,XYZ230552,2023-07-14,09:00,2023-07-14 09:44,SBGL,SBCT,ROT013,PR-ZDG,44,Realizado,Meteorologia,0,0
2023-000553,XYZ230553,2023-07-14,12:00,,SBGR,SBGL,ROT001,PR-ADH,0,Cancelado,Meteorologia,1,0
2023-000554,XYZ230554,2023-07-14,12:00,2023-07-14 12:32,SBGR,SBBR,ROT002,PR-BKR,32,Realizado,Meteorologia,0,0
2023-000555,XYZ230555,2023-07-14,12:00,2023-07-14 12:22,SBGR,SBCF,ROT003,PR-CEV,22,Realizado,Meteorologia,0,0
2023-000556,XYZ230556,2023-07-14,12:00,2023-07-14 12:33,SBGR,SBPA,ROT004,PR-DQF,33,Realizado,Meteorologia,0,0
2023-000557,XYZ230557,2023-07-14,12:00,2023-07-14 12:42,SBGL,SBBR,ROT010,PR-EHX,42,Desviado,Meteorologia,0,1
2023-000558,XYZ230558,2023-07-14,12:00,2023-07-14 12:14,SBGL,SBCF,ROT011,PR-FKA,14,Realizado,Meteorologia,0,0
2023-000559,XYZ230559,2023-07-14,12:00,2023-07-14 12:23,SBGL,SBPA,ROT012,PR-GMB,23,Realizado,Meteorologia,0,0
2023-000560,XYZ230560,2023-07-14,12:00,2023-07-14 12:12,SBGL,SBCT,ROT013,PR-HNC,12,Realizado,Meteorologia,0,0
2023-000561,XYZ230561,2023-07-15,00:00,2023-07-15 00:49,SBGR,SBGL,ROT001,PR-JRD,49,Desviado,Meteorologia,0,1
2023-000562,XYZ230562,2023-07-15,00:00,2023-07-15 00:26,SBGR,SBBR,ROT002,PR-KSE,26,Realizado,Meteorologia,0,0
2023-000563,XYZ230563,2023-07-15,00:00,2023-07-15 00:34,SBGR,SBCF,ROT003,PR-LTF,34,Realizado,Meteorologia,0,0
2023-000564,XYZ230564,2023-07-15,00:00,2023-07-15 00:28,SBGR,SBPA,ROT004,PR-MUG,28,Realizado,Meteorologia,0,0
2023-000565,XYZ230565,2023-07-15,00:00,2023-07-15 00:28,SBGL,SBBR,ROT010,PR-NVH,28,Realizado,Meteorologia,0,0
2023-000566,XYZ230566,2023-07-15,00:00,2023-07-15 00:31,SBGL,SBCF,ROT011,PR-PWL,31,Realizado,Meteorologia,0,0
2023-000567,XYZ230567,2023-07-15,00:00,2023-07-15 00:45,SBGL,SBPA,ROT012,PR-QXA,45,Realizado,Meteorologia,0,0
2023-000568,XYZ230568,2023-07-15,00:00,2023-07-15 00:29,SBGL,SBCT,ROT013,PR-RYB,29,Realizado,Meteorologia,0,0
2023-000569,XYZ230569,2023-07-15,03:00,2023-07-15 03:13,SBGR,SBGL,ROT001,PR-SCD,13,Realizado,Meteorologia,0,0
2023-000570,XYZ230570,2023-07-15,03:00,2023-07-15 03:33,SBGR,SBBR,ROT002,PR-TQJ,33,Realizado,Meteorologia,0,0
2023-000571,XYZ230571,2023-07-15,03:00,2023-07-15 03:21,SBGR,SBCF,ROT003,PR-UKM,21,Realizado,Meteorologia,0,0
2023-000572,XYZ230572,2023-07-15,03:00,2023-07-15 03:49,SBGR,SBPA,ROT004,PR-VPN,49,Realizado,Meteorologia,0,0
2023-000573,XYZ230573,2023-07-15,03:00,2023-07-15 03:29,SBGL,SBBR,ROT010,PR-WAR,29,Realizado,Meteorologia,0,0
2023-000574,XYZ230574,2023-07-15,03:00,,SBGL,SBCF,ROT011,PR-XBE,0,Cancelado,Meteorologia,1,0
2023-000575,XYZ230575,2023-07-15,03:00,2023-07-15 03:19,SBGL,SBPA,ROT012,PR-YCF,19,Realizado,Meteorologia,0,0
2023-000576,XYZ230576,2023-07-15,03:00,2023-07-15 03:49,SBGL,SBCT,ROT013,PR-ZDG,49,Realizado,Meteorologia,0,0
2023-000577,XYZ230577,2023-07-15,06:00,2023-07-15 06:47,SBGR,SBGL,ROT001,PR-ADH,47,Realizado,Meteorologia,0,0
2023-000578,XYZ230578,2023-07-15,06:00,2023-07-15 06:19,SBGR,SBBR,ROT002,PR-BKR,19,Realizado,Meteorologia,0,0
2023-000579,XYZ230579,2023-07-15,06:00,2023-07-15 06:44,SBGR,SBCF,ROT003,PR-CEV,44,Realizado,Meteorologia,0,0
2023-000580,XYZ230580,2023-07-15,06:00,2023-07-15 06:21,SBGR,SBPA,ROT004,PR-DQF,21,Realizado,Meteorologia,0,0
2023-000581,XYZ230581,2023-07-15,06:00,2023-07-15 06:36,SBGL,SBBR,ROT010,PR-EHX,36,Realizado,Meteorologia,0,0
2023-000582,XYZ230582,2023-07-15,06:00,2023-07-15 06:31,SBGL,SBCF,ROT011,PR-FKA,31,Realizado,Meteorologia,0,0
2023-000583,XYZ230583,2023-07-15,06:00,2023-07-15 06:23,SBGL,SBPA,ROT012,PR-GMB,23,Realizado,Meteorologia,0,0
2023-000584,XYZ230584,2023-07-15,06:00,2023-07-15 06:13,SBGL,SBCT,ROT013,PR-HNC,13,Realizado,Meteorologia,0,0
2023-000585,XYZ230585,2023-07-15,09:00,2023-07-15 09:36,SBGR,SBGL,ROT001,PR-JRD,36,Realizado,Meteorologia,0,0
2023-000586,XYZ230586,2023-07-15,09:00,2023-07-15 09:40,SBGR,SBBR,ROT002,PR-KSE,40,Realizado,Meteorologia,0,0
2023-000587,XYZ230587,2023-07-15,09:00,2023-07-15 09:40,SBGR,SBCF,ROT003,PR-LTF,40,Realizado,Meteorologia,0,0
2023-000588,XYZ230588,2023-07-15,09:00,2023-07-15 09:22,SBGR,SBPA,ROT004,PR-MUG,22,Realizado,Meteorologia,0,0
2023-000589,XYZ230589,2023-07-15,09:00,2023-07-15 09:30,SBGL,SBBR,ROT010,PR-NVH,30,Realizado,Meteorologia,0,0
2023-000590,XYZ230590,2023-07-15,09:00,2023-07-15 09:22,SBGL,SBCF,ROT011,PR-PWL,22,Realizado,Meteorologia,0,0
2023-000591,XYZ230591,2023-07-15,09:00,2023-07-15 09:42,SBGL,SBPA,ROT012,PR-QXA,42,Realizado,Meteorologia,0,0
2023-000592,XYZ230592,2023-07-15,09:00,,SBGL,SBCT,ROT013,PR-RYB,0,Cancelado,Meteorologia,1,0
2023-000593,XYZ230593,2023-07-15,12:00,2023-07-15 12:38,SBGR,SBGL,ROT001,PR-SCD,38,Realizado,Meteorologia,0,0
2023-000594,XYZ230594,2023-07-15,12:00,2023-07-15 12:45,SBGR,SBBR,ROT002,PR-TQJ,45,Realizado,Meteorologia,0,0
2023-000595,XYZ230595,2023-07-15,12:00,,SBGR,SBCF,ROT003,PR-UKM,0,Cancelado,Meteorologia,1,0
2023-000596,XYZ230596,2023-07-15,12:00,2023-07-15 12:27,SBGR,SBPA,ROT004,PR-VPN,27,Realizado,Meteorologia,0,0
2023-000597,XYZ230597,2023-07-15,12:00,2023-07-15 12:32,SBGL,SBBR,ROT010,PR-WAR,32,Realizado,Meteorologia,0,0
2023-000598,XYZ230598,2023-07-15,12:00,2023-07-15 12:43,SBGL,SBCF,ROT011,PR-XBE,43,Realizado,Meteorologia,0,0
2023-000599,XYZ230599,2023-07-15,12:00,,SBGL,SBPA,ROT012,PR-YCF,0,Cancelado,Meteorologia,1,0
2023-000600,XYZ230600,2023-07-15,12:00,2023-07-15 12:36,SBGL,SBCT,ROT013,PR-ZDG,36,Realizado,Meteorologia,0,0
2023-000601,XYZ230601,2023-07-16,00:00,2023-07-16 00:15,SBGR,SBGL,ROT001,PR-ADH,15,Realizado,Meteorologia,0,0
2023-000602,XYZ230602,2023-07-16,00:00,2023-07-16 00:40,SBGR,SBBR,ROT002,PR-BKR,40,Desviado,Meteorologia,0,1
2023-000603,XYZ230603,2023-07-16,00:00,2023-07-16 00:47,SBGR,SBCF,ROT003,PR-CEV,47,Realizado,Meteorologia,0,0
2023-000604,XYZ230604,2023-07-16,00:00,2023-07-16 00:16,SBGR,SBPA,ROT004,PR-DQF,16,Realizado,Meteorologia,0,0
2023-000605,XYZ230605,2023-07-16,00:00,2023-07-16 00:27,SBGL,SBBR,ROT010,PR-EHX,27,Realizado,Meteorologia,0,0
2023-000606,XYZ230606,2023-07-16,00:00,2023-07-16 00:44,SBGL,SBCF,ROT011,PR-FKA,44,Realizado,Meteorologia,0,0
2023-000607,XYZ230607,2023-07-16,00:00,2023-07-16 00:30,SBGL,SBPA,ROT012,PR-GMB,30,Realizado,Meteorologia,0,0
2023-000608,XYZ230608,2023-07-16,00:00,2023-07-16 00:59,SBGL,SBCT,ROT013,PR-HNC,59,Desviado,Meteorologia,0,1
2023-000609,XYZ230609,2023-07-16,03:00,2023-07-16 03:11,SBGR,SBGL,ROT001,PR-JRD,11,Realizado,Meteorologia,0,0
2023-000610,XYZ230610,2023-07-16,03:00,2023-07-16 03:46,SBGR,SBBR,ROT002,PR-KSE,46,Realizado,Meteorologia,0,0
2023-000611,XYZ230611,2023-07-16,03:00,2023-07-16 03:48,SBGR,SBCF,ROT003,PR-LTF,48,Desviado,Meteorologia,0,1
2023-000612,XYZ230612,2023-07-16,03:00,2023-07-16 03:21,SBGR,SBPA,ROT004,PR-MUG,21,Realizado,Meteorologia,0,0
2023-000613,XYZ230613,2023-07-16,03:00,2023-07-16 03:25,SBGL,SBBR,ROT010,PR-NVH,25,Realizado,Meteorologia,0,0
2023-000614,XYZ230614,2023-07-16,03:00,2023-07-16 03:47,SBGL,SBCF,ROT011,PR-PWL,47,Realizado,Meteorologia,0,0
2023-000615,XYZ230615,2023-07-16,03:00,2023-07-16 03:12,SBGL,SBPA,ROT012,PR-QXA,12,Realizado,Meteorologia,0,0
2023-000616,XYZ230616,2023-07-16,03:00,2023-07-16 03:31,SBGL,SBCT,ROT013,PR-RYB,31,Realizado,Meteorologia,0,0
2023-000617,XYZ230617,2023-07-16,06:00,2023-07-16 06:48,SBGR,SBGL,ROT001,PR-SCD,48,Realizado,Meteorologia,0,0
2023-000618,XYZ230618,2023-07-16,06:00,2023-07-16 06:42,SBGR,SBBR,ROT002,PR-TQJ,42,Realizado,Meteorologia,0,0
2023-000619,XYZ230619,2023-07-16,06:00,2023-07-16 06:13,SBGR,SBCF,ROT003,PR-UKM,13,Realizado,Meteorologia,0,0
2023-000620,XYZ230620,2023-07-16,06:00,2023-07-16 06:45,SBGR,SBPA,ROT004,PR-VPN,45,Realizado,Meteorologia,0,0
2023-000621,XYZ230621,2023-07-16,06:00,2023-07-16 06:15,SBGL,SBBR,ROT010,PR-WAR,15,Realizado,Meteorologia,0,0
2023-000622,XYZ230622,2023-07-16,06:00,2023-07-16 06:48,SBGL,SBCF,ROT011,PR-XBE,48,Realizado,Meteorologia,0,0
2023-000623,XYZ230623,2023-07-16,06:00,2023-07-16 06:27,SBGL,SBPA,ROT012,PR-YCF,27,Realizado,Meteorologia,0,0
2023-000624,XYZ230624,2023-07-16,06:00,2023-07-16 06:20,SBGL,SBCT,ROT013,PR-ZDG,20,Desviado,Meteorologia,0,1
2023-000625,XYZ230625,2023-07-16,09:00,2023-07-16 09:30,SBGR,SBGL,ROT001,PR-ADH,30,Realizado,Meteorologia,0,0
2023-000626,XYZ230626,2023-07-16,09:00,2023-07-16 09:37,SBGR,SBBR,ROT002,PR-BKR,37,Realizado,Meteorologia,0,0
2023-000627,XYZ230627,2023-07-16,09:00,2023-07-16 09:40,SBGR,SBCF,ROT003,PR-CEV,40,Realizado,Meteorologia,0,0
2023-000628,XYZ230628,2023-07-16,09:00,2023-07-16 09:49,SBGR,SBPA,ROT004,PR-DQF,49,Realizado,Meteorologia,0,0
2023-000629,XYZ230629,2023-07-16,09:00,2023-07-16 09:22,SBGL,SBBR,ROT010,PR-EHX,22,Realizado,Meteorologia,0,0
2023-000630,XYZ230630,2023-07-16,09:00,2023-07-16 09:45,SBGL,SBCF,ROT011,PR-FKA,45,Realizado,Meteorologia,0,0
2023-000631,XYZ230631,2023-07-16,09:00,2023-07-16 09:47,SBGL,SBPA,ROT012,PR-GMB,47,Realizado,Meteorologia,0,0
2023-000632,XYZ230632,2023-07-16,09:00,2023-07-16 09:54,SBGL,SBCT,ROT013,PR-HNC,54,Desviado,Meteorologia,0,1
2023-000633,XYZ230633,2023-07-16,12:00,2023-07-16 12:44,SBGR,SBGL,ROT001,PR-JRD,44,Realizado,Meteorologia,0,0
2023-000634,XYZ230634,2023-07-16,12:00,2023-07-16 12:45,SBGR,SBBR,ROT002,PR-KSE,45,Realizado,Meteorologia,0,0
2023-000635,XYZ230635,2023-07-16,12:00,2023-07-16 12:22,SBGR,SBCF,ROT003,PR-LTF,22,Realizado,Meteorologia,0,0
2023-000636,XYZ230636,2023-07-16,12:00,,SBGR,SBPA,ROT004,PR-MUG,0,Cancelado,Meteorologia,1,0
2023-000637,XYZ230637,2023-07-16,12:00,2023-07-16 12:40,SBGL,SBBR,ROT010,PR-NVH,40,Desviado,Meteorologia,0,1
2023-000638,XYZ230638,2023-07-16,12:00,2023-07-16 12:37,SBGL,SBCF,ROT011,PR-PWL,37,Realizado,Meteorologia,0,0
2023-000639,XYZ230639,2023-07-16,12:00,2023-07-16 12:40,SBGL,SBPA,ROT012,PR-QXA,40,Desviado,Meteorologia,0,1
2023-000640,XYZ230640,2023-07-16,12:00,2023-07-16 12:38,SBGL,SBCT,ROT013,PR-RYB,38,Realizado,Meteorologia,0,0
2023-000641,XYZ230641,2023-07-17,00:00,2023-07-17 00:46,SBGR,SBGL,ROT001,PR-SCD,46,Realizado,Meteorologia,0,0
2023-000642,XYZ230642,2023-07-17,00:00,2023-07-17 00:45,SBGR,SBBR,ROT002,PR-TQJ,45,Realizado,Meteorologia,0,0
2023-000643,XYZ230643,2023-07-17,00:00,2023-07-17 00:13,SBGR,SBCF,ROT003,PR-UKM,13,Realizado,Meteorologia,0,0
2023-000644,XYZ230644,2023-07-17,00:00,2023-07-17 00:23,SBGR,SBPA,ROT004,PR-VPN,23,Desviado,Meteorologia,0,1
2023-000645,XYZ230645,2023-07-17,00:00,2023-07-17 00:38,SBGL,SBBR,ROT010,PR-WAR,38,Realizado,Meteorologia,0,0
2023-000646,XYZ230646,2023-07-17,00:00,2023-07-17 00:21,SBGL,SBCF,ROT011,PR-XBE,21,Desviado,Meteorologia,0,1
2023-000647,XYZ230647,2023-07-17,00:00,2023-07-17 00:17,SBGL,SBPA,ROT012,PR-YCF,17,Realizado,Meteorologia,0,0
2023-000648,XYZ230648,2023-07-17,00:00,2023-07-17 00:39,SBGL,SBCT,ROT013,PR-ZDG,39,Realizado,Meteorologia,0,0
2023-000649,XYZ230649,2023-07-17,03:00,2023-07-17 03:48,SBGR,SBGL,ROT001,PR-ADH,48,Realizado,Meteorologia,0,0
2023-000650,XYZ230650,2023-07-17,03:00,2023-07-17 03:32,SBGR,SBBR,ROT002,PR-BKR,32,Realizado,Meteorologia,0,0
2023-000651,XYZ230651,2023-07-17,03:00,2023-07-17 03:35,SBGR,SBCF,ROT003,PR-CEV,35,Realizado,Meteorologia,0,0
2023-000652,XYZ230652,2023-07-17,03:00,2023-07-17 03:14,SBGR,SBPA,ROT004,PR-DQF,14,Realizado,Meteorologia,0,0
2023-000653,XYZ230653,2023-07-17,03:00,2023-07-17 03:33,SBGL,SBBR,ROT010,PR-EHX,33,Realizado,Meteorologia,0,0
2023-000654,XYZ230654,2023-07-17,03:00,2023-07-17 03:47,SBGL,SBCF,ROT011,PR-FKA,47,Realizado,Meteorologia,0,0
2023-000655,XYZ230655,2023-07-17,03:00,2023-07-17 03:17,SBGL,SBPA,ROT012,PR-GMB,17,Realizado,Meteorologia,0,0
2023-000656,XYZ230656,2023-07-17,03:00,2023-07-17 03:27,SBGL,SBCT,ROT013,PR-HNC,27,Desviado,Meteorologia,0,1
2023-000657,XYZ230657,2023-07-17,06:00,2023-07-17 06:15,SBGR,SBGL,ROT001,PR-JRD,15,Realizado,Meteorologia,0,0
2023-000658,XYZ230658,2023-07-17,06:00,2023-07-17 06:25,SBGR,SBBR,ROT002,PR-KSE,25,Realizado,Meteorologia,0,0
2023-000659,XYZ230659,2023-07-17,06:00,2023-07-17 06:43,SBGR,SBCF,ROT003,PR-LTF,43,Realizado,Meteorologia,0,0
2023-000660,XYZ230660,2023-07-17,06:00,2023-07-17 06:10,SBGR,SBPA,ROT004,PR-MUG,10,Realizado,Meteorologia,0,0
2023-000661,XYZ230661,2023-07-17,06:00,2023-07-17 06:21,SBGL,SBBR,ROT010,PR-NVH,21,Desviado,Meteorologia,0,1
2023-000662,XYZ230662,2023-07-17,06:00,2023-07-17 06:22,SBGL,SBCF,ROT011,PR-PWL,22,Realizado,Meteorologia,0,0
2023-000663,XYZ230663,2023-07-17,06:00,2023-07-17 06:13,SBGL,SBPA,ROT012,PR-QXA,13,Realizado,Meteorologia,0,0
2023-000664,XYZ230664,2023-07-17,06:00,,SBGL,SBCT,ROT013,PR-RYB,0,Cancelado,Meteorologia,1,0
2023-000665,XYZ230665,2023-07-17,09:00,2023-07-17 09:33,SBGR,SBGL,ROT001,PR-SCD,33,Realizado,Meteorologia,0,0
2023-000666,XYZ230666,2023-07-17,09:00,2023-07-17 09:39,SBGR,SBBR,ROT002,PR-TQJ,39,Realizado,Meteorologia,0,0
2023-000667,XYZ230667,2023-07-17,09:00,2023-07-17 09:16,SBGR,SBCF,ROT003,PR-UKM,16,Realizado,Meteorologia,0,0
2023-000668,XYZ230668,2023-07-17,09:00,2023-07-17 09:43,SBGR,SBPA,ROT004,PR-VPN,43,Realizado,Meteorologia,0,0
2023-000669,XYZ230669,2023-07-17,09:00,2023-07-17 09:15,SBGL,SBBR,ROT010,PR-WAR,15,Realizado,Meteorologia,0,0
2023-000670,XYZ230670,2023-07-17,09:00,2023-07-17 09:21,SBGL,SBCF,ROT011,PR-XBE,21,Desviado,Meteorologia,0,1
2023-000671,XYZ230671,2023-07-17,09:00,2023-07-17 09:31,SBGL,SBPA,ROT012,PR-YCF,31,Realizado,Meteorologia,0,0
2023-000672,XYZ230672,2023-07-17,09:00,2023-07-17 09:26,SBGL,SBCT,ROT013,PR-ZDG,26,Realizado,Meteorologia,0,0
2023-000673,XYZ230673,2023-07-17,12:00,2023-07-17 12:37,SBGR,SBGL,ROT001,PR-ADH,37,Realizado,Meteorologia,0,0
2023-000674,XYZ230674,2023-07-17,12:00,2023-07-17 12:34,SBGR,SBBR,ROT002,PR-BKR,34,Realizado,Meteorologia,0,0
2023-000675,XYZ230675,2023-07-17,12:00,2023-07-17 12:38,SBGR,SBCF,ROT003,PR-CEV,38,Realizado,Meteorologia,0,0
2023-000676,XYZ230676,2023-07-17,12:00,2023-07-17 12:38,SBGR,SBPA,ROT004,PR-DQF,38,Realizado,Meteorologia,0,0
2023-000677,XYZ230677,2023-07-17,12:00,2023-07-17 12:15,SBGL,SBBR,ROT010,PR-EHX,15,Realizado,Meteorologia,0,0
2023-000678,XYZ230678,2023-07-17,12:00,2023-07-17 12:39,SBGL,SBCF,ROT011,PR-FKA,39,Desviado,Meteorologia,0,1
2023-000679,XYZ230679,2023-07-17,12:00,2023-07-17 12:21,SBGL,SBPA,ROT012,PR-GMB,21,Realizado,Meteorologia,0,0
2023-000680,XYZ230680,2023-07-17,12:00,2023-07-17 12:26,SBGL,SBCT,ROT013,PR-HNC,26,Realizado,Meteorologia,0,0
2023-000681,XYZ230681,2023-07-18,00:00,2023-07-18 00:48,SBGR,SBGL,ROT001,PR-JRD,48,Realizado,Meteorologia,0,0
2023-000682,XYZ230682,2023-07-18,00:00,2023-07-18 00:38,SBGR,SBBR,ROT002,PR-KSE,38,Realizado,Meteorologia,0,0
2023-000683,XYZ230683,2023-07-18,00:00,2023-07-18 00:40,SBGR,SBCF,ROT003,PR-LTF,40,Realizado,Meteorologia,0,0
2023-000684,XYZ230684,2023-07-18,00:00,2023-07-18 00:23,SBGR,SBPA,ROT004,PR-MUG,23,Realizado,Meteorologia,0,0
2023-000685,XYZ230685,2023-07-18,00:00,2023-07-18 00:31,SBGL,SBBR,ROT010,PR-NVH,31,Realizado,Meteorologia,0,0
2023-000686,XYZ230686,2023-07-18,00:00,2023-07-18 00:35,SBGL,SBCF,ROT011,PR-PWL,35,Realizado,Meteorologia,0,0
2023-000687,XYZ230687,2023-07-18,00:00,2023-07-18 00:35,SBGL,SBPA,ROT012,PR-QXA,35,Realizado,Meteorologia,0,0
2023-000688,XYZ230688,2023-07-18,00:00,2023-07-18 00:12,SBGL,SBCT,ROT013,PR-RYB,12,Realizado,Meteorologia,0,0
2023-000689,XYZ230689,2023-07-18,03:00,2023-07-18 03:22,SBGR,SBGL,ROT001,PR-SCD,22,Realizado,Meteorologia,0,0
2023-000690,XYZ230690,2023-07-18,03:00,2023-07-18 03:40,SBGR,SBBR,ROT002,PR-TQJ,40,Realizado,Meteorologia,0,0
2023-000691,XYZ230691,2023-07-18,03:00,2023-07-18 03:22,SBGR,SBCF,ROT003,PR-UKM,22,Realizado,Meteorologia,0,0
2023-000692,XYZ230692,2023-07-18,03:00,2023-07-18 03:40,SBGR,SBPA,ROT004,PR-VPN,40,Realizado,Meteorologia,0,0
2023-000693,XYZ230693,2023-07-18,03:00,2023-07-18 03:33,SBGL,SBBR,ROT010,PR-WAR,33,Realizado,Meteorologia,0,0
2023-000694,XYZ230694,2023-07-18,03:00,2023-07-18 03:12,SBGL,SBCF,ROT011,PR-XBE,12,Realizado,Meteorologia,0,0
2023-000695,XYZ230695,2023-07-18,03:00,2023-07-18 03:35,SBGL,SBPA,ROT012,PR-YCF,35,Realizado,Meteorologia,0,0
2023-000696,XYZ230696,2023-07-18,03:00,2023-07-18 03:16,SBGL,SBCT,ROT013,PR-ZDG,16,Realizado,Meteorologia,0,0
2023-000697,XYZ230697,2023-07-18,06:00,2023-07-18 06:12,SBGR,SBGL,ROT001,PR-ADH,12,Realizado,Meteorologia,0,0
2023-000698,XYZ230698,2023-07-18,06:00,2023-07-18 06:39,SBGR,SBBR,ROT002,PR-BKR,39,Realizado,Meteorologia,0,0
2023-000699,XYZ230699,2023-07-18,06:00,2023-07-18 06:56,SBGR,SBCF,ROT003,PR-CEV,56,Desviado,Meteorologia,0,1
2023-000700,XYZ230700,2023-07-18,06:00,2023-07-18 06:10,SBGR,SBPA,ROT004,PR-DQF,10,Realizado,Meteorologia,0,0
2023-000701,XYZ230701,2023-07-18,06:00,2023-07-18 06:25,SBGL,SBBR,ROT010,PR-EHX,25,Realizado,Meteorologia,0,0
2023-000702,XYZ230702,2023-07-18,06:00,2023-07-18 06:20,SBGL,SBCF,ROT011,PR-FKA,20,Desviado,Meteorologia,0,1
2023-000703,XYZ230703,2023-07-18,06:00,2023-07-18 06:43,SBGL,SBPA,ROT012,PR-GMB,43,Realizado,Meteorologia,0,0
2023-000704,XYZ230704,2023-07-18,06:00,,SBGL,SBCT,ROT013,PR-HNC,0,Cancelado,Meteorologia,1,0
2023-000705,XYZ230705,2023-07-18,09:00,2023-07-18 09:25,SBGR,SBGL,ROT001,PR-JRD,25,Realizado,Meteorologia,0,0
2023-000706,XYZ230706,2023-07-18,09:00,2023-07-18 09:33,SBGR,SBBR,ROT002,PR-KSE,33,Realizado,Meteorologia,0,0
2023-000707,XYZ230707,2023-07-18,09:00,2023-07-18 09:29,SBGR,SBCF,ROT003,PR-LTF,29,Realizado,Meteorologia,0,0
2023-000708,XYZ230708,2023-07-18,09:00,2023-07-18 09:11,SBGR,SBPA,ROT004,PR-MUG,11,Realizado,Meteorologia,0,0
2023-000709,XYZ230709,2023-07-18,09:00,2023-07-18 09:13,SBGL,SBBR,ROT010,PR-NVH,13,Realizado,Meteorologia,0,0
2023-000710,XYZ230710,2023-07-18,09:00,2023-07-18 09:42,SBGL,SBCF,ROT011,PR-PWL,42,Realizado,Meteorologia,0,0
2023-000711,XYZ230711,2023-07-18,09:00,2023-07-18 09:47,SBGL,SBPA,ROT012,PR-QXA,47,Realizado,Meteorologia,0,0
2023-000712,XYZ230712,2023-07-18,09:00,2023-07-18 09:49,SBGL,SBCT,ROT013,PR-RYB,49,Realizado,Meteorologia,0,0
2023-000713,XYZ230713,2023-07-18,12:00,2023-07-18 12:40,SBGR,SBGL,ROT001,PR-SCD,40,Realizado,Meteorologia,0,0
2023-000714,XYZ230714,2023-07-18,12:00,2023-07-18 12:37,SBGR,SBBR,ROT002,PR-TQJ,37,Realizado,Meteorologia,0,0
2023-000715,XYZ230715,2023-07-18,12:00,2023-07-18 12:43,SBGR,SBCF,ROT003,PR-UKM,43,Realizado,Meteorologia,0,0
2023-000716,XYZ230716,2023-07-18,12:00,2023-07-18 12:48,SBGR,SBPA,ROT004,PR-VPN,48,Realizado,Meteorologia,0,0
2023-000717,XYZ230717,2023-07-18,12:00,2023-07-18 12:20,SBGL,SBBR,ROT010,PR-WAR,20,Desviado,Meteorologia,0,1
2023-000718,XYZ230718,2023-07-18,12:00,2023-07-18 12:31,SBGL,SBCF,ROT011,PR-XBE,31,Realizado,Meteorologia,0,0
2023-000719,XYZ230719,2023-07-18,12:00,2023-07-18 12:43,SBGL,SBPA,ROT012,PR-YCF,43,Realizado,Meteorologia,0,0
2023-000720,XYZ230720,2023-07-18,12:00,2023-07-18 12:20,SBGL,SBCT,ROT013,PR-ZDG,20,Realizado,Meteorologia,0,0
2023-000721,XYZ230721,2023-07-19,00:00,2023-07-19 00:30,SBGR,SBGL,ROT001,PR-ADH,30,Realizado,Meteorologia,0,0
2023-000722,XYZ230722,2023-07-19,00:00,2023-07-19 00:25,SBGR,SBBR,ROT002,PR-BKR,25,Desviado,Meteorologia,0,1
2023-000723,XYZ230723,2023-07-19,00:00,2023-07-19 00:49,SBGR,SBCF,ROT003,PR-CEV,49,Realizado,Meteorologia,0,0
2023-000724,XYZ230724,2023-07-19,00:00,2023-07-19 00:32,SBGR,SBPA,ROT004,PR-DQF,32,Realizado,Meteorologia,0,0
2023-000725,XYZ230725,2023-07-19,00:00,2023-07-19 00:19,SBGL,SBBR,ROT010,PR-EHX,19,Realizado,Meteorologia,0,0
2023-000726,XYZ230726,2023-07-19,00:00,2023-07-19 00:37,SBGL,SBCF,ROT011,PR-FKA,37,Realizado,Meteorologia,0,0
2023-000727,XYZ230727,2023-07-19,00:00,2023-07-19 00:30,SBGL,SBPA,ROT012,PR-GMB,30,Realizado,Meteorologia,0,0
2023-000728,XYZ230728,2023-07-19,00:00,2023-07-19 00:34,SBGL,SBCT,ROT013,PR-HNC,34,Realizado,Meteorologia,0,0
2023-000729,XYZ230729,2023-07-19,03:00,2023-07-19 03:20,SBGR,SBGL,ROT001,PR-JRD,20,Realizado,Meteorologia,0,0
2023-000730,XYZ230730,2023-07-19,03:00,2023-07-19 03:13,SBGR,SBBR,ROT002,PR-KSE,13,Realizado,Meteorologia,0,0
2023-000731,XYZ230731,2023-07-19,03:00,2023-07-19 03:47,SBGR,SBCF,ROT003,PR-LTF,47,Realizado,Meteorologia,0,0
2023-000732,XYZ230732,2023-07-19,03:00,2023-07-19 03:26,SBGR,SBPA,ROT004,PR-MUG,26,Realizado,Meteorologia,0,0
2023-000733,XYZ230733,2023-07-19,03:00,2023-07-19 03:30,SBGL,SBBR,ROT010,PR-NVH,30,Realizado,Meteorologia,0,0
2023-000734,XYZ230734,2023-07-19,03:00,2023-07-19 03:48,SBGL,SBCF,ROT011,PR-PWL,48,Desviado,Meteorologia,0,1
2023-000735,XYZ230735,2023-07-19,03:00,2023-07-19 03:33,SBGL,SBPA,ROT012,PR-QXA,33,Realizado,Meteorologia,0,0
2023-000736,XYZ230736,2023-07-19,03:00,2023-07-19 03:41,SBGL,SBCT,ROT013,PR-RYB,41,Realizado,Meteorologia,0,0
2023-000737,XYZ230737,2023-07-19,06:00,2023-07-19 06:19,SBGR,SBGL,ROT001,PR-SCD,19,Realizado,Meteorologia,0,0
2023-000738,XYZ230738,2023-07-19,06:00,2023-07-19 06:23,SBGR,SBBR,ROT002,PR-TQJ,23,Realizado,Meteorologia,0,0
2023-000739,XYZ230739,2023-07-19,06:00,2023-07-19 06:25,SBGR,SBCF,ROT003,PR-UKM,25,Realizado,Meteorologia,0,0
2023-000740,XYZ230740,2023-07-19,06:00,2023-07-19 06:45,SBGR,SBPA,ROT004,PR-VPN,45,Realizado,Meteorologia,0,0
2023-000741,XYZ230741,2023-07-19,06:00,2023-07-19 06:26,SBGL,SBBR,ROT010,PR-WAR,26,Realizado,Meteorologia,0,0
2023-000742,XYZ230742,2023-07-19,06:00,2023-07-19 06:38,SBGL,SBCF,ROT011,PR-XBE,38,Realizado,Meteorologia,0,0
2023-000743,XYZ230743,2023-07-19,06:00,2023-07-19 06:26,SBGL,SBPA,ROT012,PR-YCF,26,Realizado,Meteorologia,0,0
2023-000744,XYZ230744,2023-07-19,06:00,2023-07-19 06:13,SBGL,SBCT,ROT013,PR-ZDG,13,Realizado,Meteorologia,0,0
2023-000745,XYZ230745,2023-07-19,09:00,2023-07-19 09:31,SBGR,SBGL,ROT001,PR-ADH,31,Realizado,Meteorologia,0,0
2023-000746,XYZ230746,2023-07-19,09:00,2023-07-19 09:39,SBGR,SBBR,ROT002,PR-BKR,39,Realizado,Meteorologia,0,0
2023-000747,XYZ230747,2023-07-19,09:00,2023-07-19 09:45,SBGR,SBCF,ROT003,PR-CEV,45,Realizado,Meteorologia,0,0
2023-000748,XYZ230748,2023-07-19,09:00,2023-07-19 09:28,SBGR,SBPA,ROT004,PR-DQF,28,Realizado,Meteorologia,0,0
2023-000749,XYZ230749,2023-07-19,09:00,2023-07-19 09:12,SBGL,SBBR,ROT010,PR-EHX,12,Realizado,Meteorologia,0,0
2023-000750,XYZ230750,2023-07-19,09:00,2023-07-19 09:41,SBGL,SBCF,ROT011,PR-FKA,41,Desviado,Meteorologia,0,1
2023-000751,XYZ230751,2023-07-19,09:00,2023-07-19 09:29,SBGL,SBPA,ROT012,PR-GMB,29,Realizado,Meteorologia,0,0
2023-000752,XYZ230752,2023-07-19,09:00,2023-07-19 09:25,SBGL,SBCT,ROT013,PR-HNC,25,Realizado,Meteorologia,0,0
2023-000753,XYZ230753,2023-07-19,12:00,2023-07-19 12:27,SBGR,SBGL,ROT001,PR-JRD,27,Realizado,Meteorologia,0,0
2023-000754,XYZ230754,2023-07-19,12:00,2023-07-19 12:43,SBGR,SBBR,ROT002,PR-KSE,43,Realizado,Meteorologia,0,0
2023-000755,XYZ230755,2023-07-19,12:00,2023-07-19 12:16,SBGR,SBCF,ROT003,PR-LTF,16,Realizado,Meteorologia,0,0
2023-000756,XYZ230756,2023-07-19,12:00,2023-07-19 12:56,SBGR,SBPA,ROT004,PR-MUG,56,Desviado,Meteorologia,0,1
2023-000757,XYZ230757,2023-07-19,12:00,2023-07-19 12:19,SBGL,SBBR,ROT010,PR-NVH,19,Realizado,Meteorologia,0,0
2023-000758,XYZ230758,2023-07-19,12:00,2023-07-19 12:12,SBGL,SBCF,ROT011,PR-PWL,12,Realizado,Meteorologia,0,0
2023-000759,XYZ230759,2023-07-19,12:00,2023-07-19 12:43,SBGL,SBPA,ROT012,PR-QXA,43,Realizado,Meteorologia,0,0
2023-000760,XYZ230760,2023-07-19,12:00,2023-07-19 12:21,SBGL,SBCT,ROT013,PR-RYB,21,Realizado,Meteorologia,0,0
2023-000761,XYZ230761,2023-07-20,00:00,2023-07-20 00:29,SBGR,SBGL,ROT001,PR-SCD,29,Realizado,Meteorologia,0,0
2023-000762,XYZ230762,2023-07-20,00:00,2023-07-20 00:22,SBGR,SBBR,ROT002,PR-TQJ,22,Realizado,Meteorologia,0,0
2023-000763,XYZ230763,2023-07-20,00:00,2023-07-20 00:43,SBGR,SBCF,ROT003,PR-UKM,43,Realizado,Meteorologia,0,0
2023-000764,XYZ230764,2023-07-20,00:00,2023-07-20 00:38,SBGR,SBPA,ROT004,PR-VPN,38,Realizado,Meteorologia,0,0
2023-000765,XYZ230765,2023-07-20,00:00,2023-07-20 00:13,SBGL,SBBR,ROT010,PR-WAR,13,Realizado,Operacional,0,0
2023-000766,XYZ230766,2023-07-20,00:00,2023-07-20 00:12,SBGL,SBCF,ROT011,PR-XBE,12,Realizado,Operacional,0,0
2023-000767,XYZ230767,2023-07-20,00:00,2023-07-20 00:11,SBGL,SBPA,ROT012,PR-YCF,11,Realizado,Conexao,0,0
2023-000768,XYZ230768,2023-07-20,00:00,2023-07-20 00:08,SBGL,SBCT,ROT013,PR-ZDG,8,Realizado,Operacional,0,0
2023-000769,XYZ230769,2023-07-20,03:00,2023-07-20 03:27,SBGR,SBGL,ROT001,PR-ADH,27,Realizado,Meteorologia,0,0
2023-000770,XYZ230770,2023-07-20,03:00,2023-07-20 03:30,SBGR,SBBR,ROT002,PR-BKR,30,Realizado,Meteorologia,0,0
2023-000771,XYZ230771,2023-07-20,03:00,2023-07-20 03:49,SBGR,SBCF,ROT003,PR-CEV,49,Realizado,Meteorologia,0,0
2023-000772,XYZ230772,2023-07-20,03:00,2023-07-20 03:46,SBGR,SBPA,ROT004,PR-DQF,46,Realizado,Meteorologia,0,0
2023-000773,XYZ230773,2023-07-20,03:00,2023-07-20 03:11,SBGL,SBBR,ROT010,PR-EHX,11,Realizado,Manutencao,0,0
2023-000774,XYZ230774,2023-07-20,03:00,2023-07-20 03:14,SBGL,SBCF,ROT011,PR-FKA,14,Realizado,Operacional,0,0
2023-000775,XYZ230775,2023-07-20,03:00,2023-07-20 03:06,SBGL,SBPA,ROT012,PR-GMB,6,Realizado,Operacional,0,0
2023-000776,XYZ230776,2023-07-20,03:00,2023-07-20 03:14,SBGL,SBCT,ROT013,PR-HNC,14,Realizado,Tripulacao,0,0
2023-000777,XYZ230777,2023-07-20,06:00,2023-07-20 06:54,SBGR,SBGL,ROT001,PR-JRD,54,Desviado,Meteorologia,0,1
2023-000778,XYZ230778,2023-07-20,06:00,2023-07-20 06:35,SBGR,SBBR,ROT002,PR-KSE,35,Realizado,Meteorologia,0,0
2023-000779,XYZ230779,2023-07-20,06:00,2023-07-20 06:13,SBGR,SBCF,ROT003,PR-LTF,13,Realizado,Meteorologia,0,0
2023-000780,XYZ230780,2023-07-20,06:00,2023-07-20 06:33,SBGR,SBPA,ROT004,PR-MUG,33,Realizado,Meteorologia,0,0
2023-000781,XYZ230781,2023-07-20,06:00,2023-07-20 06:00,SBGL,SBBR,ROT010,PR-NVH,0,Realizado,Operacional,0,0
2023-000782,XYZ230782,2023-07-20,06:00,2023-07-20 06:06,SBGL,SBCF,ROT011,PR-PWL,6,Realizado,Tripulacao,0,0
2023-000783,XYZ230783,2023-07-20,06:00,2023-07-20 06:11,SBGL,SBPA,ROT012,PR-QXA,11,Realizado,Operacional,0,0
2023-000784,XYZ230784,2023-07-20,06:00,2023-07-20 06:10,SBGL,SBCT,ROT013,PR-RYB,10,Realizado,Operacional,0,0
2023-000785,XYZ230785,2023-07-20,09:00,2023-07-20 09:45,SBGR,SBGL,ROT001,PR-SCD,45,Realizado,Meteorologia,0,0
2023-000786,XYZ230786,2023-07-20,09:00,2023-07-20 09:11,SBGR,SBBR,ROT002,PR-TQJ,11,Realizado,Meteorologia,0,0
2023-000787,XYZ230787,2023-07-20,09:00,2023-07-20 09:39,SBGR,SBCF,ROT003,PR-UKM,39,Realizado,Meteorologia,0,0
2023-000788,XYZ230788,2023-07-20,09:00,2023-07-20 09:21,SBGR,SBPA,ROT004,PR-VPN,21,Realizado,Meteorologia,0,0
2023-000789,XYZ230789,2023-07-20,09:00,2023-07-20 09:02,SBGL,SBBR,ROT010,PR-WAR,2,Realizado,Conexao,0,0
2023-000790,XYZ230790,2023-07-20,09:00,2023-07-20 09:07,SBGL,SBCF,ROT011,PR-XBE,7,Realizado,Operacional,0,0
2023-000791,XYZ230791,2023-07-20,09:00,2023-07-20 09:13,SBGL,SBPA,ROT012,PR-YCF,13,Realizado,Conexao,0,0
2023-000792,XYZ230792,2023-07-20,09:00,2023-07-20 09:06,SBGL,SBCT,ROT013,PR-ZDG,6,Realizado,Conexao,0,0
2023-000793,XYZ230793,2023-07-20,12:00,2023-07-20 12:35,SBGR,SBGL,ROT001,PR-ADH,35,Realizado,Meteorologia,0,0
2023-000794,XYZ230794,2023-07-20,12:00,2023-07-20 12:45,SBGR,SBBR,ROT002,PR-BKR,45,Realizado,Meteorologia,0,0
2023-000795,XYZ230795,2023-07-20,12:00,2023-07-20 12:23,SBGR,SBCF,ROT003,PR-CEV,23,Realizado,Meteorologia,0,0
2023-000796,XYZ230796,2023-07-20,12:00,2023-07-20 12:59,SBGR,SBPA,ROT004,PR-DQF,59,Desviado,Meteorologia,0,1
2023-000797,XYZ230797,2023-07-20,12:00,2023-07-20 12:10,SBGL,SBBR,ROT010,PR-EHX,10,Realizado,Operacional,0,0
2023-000798,XYZ230798,2023-07-20,12:00,2023-07-20 12:03,SBGL,SBCF,ROT011,PR-FKA,3,Realizado,Tripulacao,0,0
2023-000799,XYZ230799,2023-07-20,12:00,2023-07-20 12:01,SBGL,SBPA,ROT012,PR-GMB,1,Realizado,Operacional,0,0
2023-000800,XYZ230800,2023-07-20,12:00,2023-07-20 12:02,SBGL,SBCT,ROT013,PR-HNC,2,Realizado,Operacional,0,0
2023-000801,XYZ230801,2023-07-21,00:00,2023-07-21 00:22,SBGR,SBGL,ROT001,PR-JRD,22,Realizado,Meteorologia,0,0
2023-000802,XYZ230802,2023-07-21,00:00,2023-07-21 00:24,SBGR,SBBR,ROT002,PR-KSE,24,Realizado,Meteorologia,0,0
2023-000803,XYZ230803,2023-07-21,00:00,2023-07-21 00:13,SBGR,SBCF,ROT003,PR-LTF,13,Realizado,Meteorologia,0,0
2023-000804,XYZ230804,2023-07-21,00:00,2023-07-21 00:48,SBGR,SBPA,ROT004,PR-MUG,48,Realizado,Meteorologia,0,0
2023-000805,XYZ230805,2023-07-21,00:00,2023-07-21 00:29,SBGL,SBBR,ROT010,PR-NVH,29,Realizado,Meteorologia,0,0
2023-000806,XYZ230806,2023-07-21,00:00,,SBGL,SBCF,ROT011,PR-PWL,0,Cancelado,Meteorologia,1,0
2023-000807,XYZ230807,2023-07-21,00:00,,SBGL,SBPA,ROT012,PR-QXA,0,Cancelado,Meteorologia,1,0
2023-000808,XYZ230808,2023-07-21,00:00,2023-07-21 00:19,SBGL,SBCT,ROT013,PR-RYB,19,Realizado,Meteorologia,0,0
2023-000809,XYZ230809,2023-07-21,03:00,2023-07-21 03:28,SBGR,SBGL,ROT001,PR-SCD,28,Realizado,Meteorologia,0,0
2023-000810,XYZ230810,2023-07-21,03:00,2023-07-21 03:41,SBGR,SBBR,ROT002,PR-TQJ,41,Realizado,Meteorologia,0,0
2023-000811,XYZ230811,2023-07-21,03:00,2023-07-21 03:26,SBGR,SBCF,ROT003,PR-UKM,26,Realizado,Meteorologia,0,0
2023-000812,XYZ230812,2023-07-21,03:00,2023-07-21 03:48,SBGR,SBPA,ROT004,PR-VPN,48,Realizado,Meteorologia,0,0
2023-000813,XYZ230813,2023-07-21,03:00,2023-07-21 03:30,SBGL,SBBR,ROT010,PR-WAR,30,Realizado,Meteorologia,0,0
2023-000814,XYZ230814,2023-07-21,03:00,2023-07-21 03:38,SBGL,SBCF,ROT011,PR-XBE,38,Realizado,Meteorologia,0,0
2023-000815,XYZ230815,2023-07-21,03:00,2023-07-21 03:45,SBGL,SBPA,ROT012,PR-YCF,45,Realizado,Meteorologia,0,0
2023-000816,XYZ230816,2023-07-21,03:00,2023-07-21 03:40,SBGL,SBCT,ROT013,PR-ZDG,40,Realizado,Meteorologia,0,0
2023-000817,XYZ230817,2023-07-21,06:00,2023-07-21 06:54,SBGR,SBGL,ROT001,PR-ADH,54,Desviado,Meteorologia,0,1
2023-000818,XYZ230818,2023-07-21,06:00,2023-07-21 06:16,SBGR,SBBR,ROT002,PR-BKR,16,Realizado,Meteorologia,0,0
2023-000819,XYZ230819,2023-07-21,06:00,2023-07-21 06:16,SBGR,SBCF,ROT003,PR-CEV,16,Realizado,Meteorologia,0,0
2023-000820,XYZ230820,2023-07-21,06:00,2023-07-21 06:10,SBGR,SBPA,ROT004,PR-DQF,10,Realizado,Meteorologia,0,0
2023-000821,XYZ230821,2023-07-21,06:00,2023-07-21 06:37,SBGL,SBBR,ROT010,PR-EHX,37,Realizado,Meteorologia,0,0
2023-000822,XYZ230822,2023-07-21,06:00,2023-07-21 06:30,SBGL,SBCF,ROT011,PR-FKA,30,Desviado,Meteorologia,0,1
2023-000823,XYZ230823,2023-07-21,06:00,2023-07-21 06:40,SBGL,SBPA,ROT012,PR-GMB,40,Realizado,Meteorologia,0,0
2023-000824,XYZ230824,2023-07-21,06:00,2023-07-21 06:43,SBGL,SBCT,ROT013,PR-HNC,43,Realizado,Meteorologia,0,0
2023-000825,XYZ230825,2023-07-21,09:00,2023-07-21 09:28,SBGR,SBGL,ROT001,PR-JRD,28,Realizado,Meteorologia,0,0
2023-000826,XYZ230826,2023-07-21,09:00,2023-07-21 09:23,SBGR,SBBR,ROT002,PR-KSE,23,Realizado,Meteorologia,0,0
2023-000827,XYZ230827,2023-07-21,09:00,2023-07-21 09:49,SBGR,SBCF,ROT003,PR-LTF,49,Realizado,Meteorologia,0,0
2023-000828,XYZ230828,2023-07-21,09:00,2023-07-21 09:28,SBGR,SBPA,ROT004,PR-MUG,28,Realizado,Meteorologia,0,0
2023-000829,XYZ230829,2023-07-21,09:00,,SBGL,SBBR,ROT010,PR-NVH,0,Cancelado,Meteorologia,1,0
2023-000830,XYZ230830,2023-07-21,09:00,2023-07-21 09:24,SBGL,SBCF,ROT011,PR-PWL,24,Desviado,Meteorologia,0,1
2023-000831,XYZ230831,2023-07-21,09:00,2023-07-21 09:48,SBGL,SBPA,ROT012,PR-QXA,48,Realizado,Meteorologia,0,0
2023-000832,XYZ230832,2023-07-21,09:00,2023-07-21 09:27,SBGL,SBCT,ROT013,PR-RYB,27,Realizado,Meteorologia,0,0
2023-000833,XYZ230833,2023-07-21,12:00,2023-07-21 12:25,SBGR,SBGL,ROT001,PR-SCD,25,Realizado,Meteorologia,0,0
2023-000834,XYZ230834,2023-07-21,12:00,2023-07-21 12:43,SBGR,SBBR,ROT002,PR-TQJ,43,Realizado,Meteorologia,0,0
2023-000835,XYZ230835,2023-07-21,12:00,2023-07-21 12:29,SBGR,SBCF,ROT003,PR-UKM,29,Realizado,Meteorologia,0,0
2023-000836,XYZ230836,2023-07-21,12:00,2023-07-21 12:28,SBGR,SBPA,ROT004,PR-VPN,28,Realizado,Meteorologia,0,0
2023-000837,XYZ230837,2023-07-21,12:00,2023-07-21 12:15,SBGL,SBBR,ROT010,PR-WAR,15,Realizado,Meteorologia,0,0
2023-000838,XYZ230838,2023-07-21,12:00,2023-07-21 12:10,SBGL,SBCF,ROT011,PR-XBE,10,Realizado,Meteorologia,0,0
2023-000839,XYZ230839,2023-07-21,12:00,2023-07-21 12:45,SBGL,SBPA,ROT012,PR-YCF,45,Realizado,Meteorologia,0,0
2023-000840,XYZ230840,2023-07-21,12:00,2023-07-21 12:27,SBGL,SBCT,ROT013,PR-ZDG,27,Realizado,Meteorologia,0,0
2023-000841,XYZ230841,2023-07-22,00:00,2023-07-22 00:31,SBGR,SBGL,ROT001,PR-ADH,31,Realizado,Meteorologia,0,0
2023-000842,XYZ230842,2023-07-22,00:00,2023-07-22 00:22,SBGR,SBBR,ROT002,PR-BKR,22,Realizado,Meteorologia,0,0
2023-000843,XYZ230843,2023-07-22,00:00,2023-07-22 00:26,SBGR,SBCF,ROT003,PR-CEV,26,Realizado,Meteorologia,0,0
2023-000844,XYZ230844,2023-07-22,00:00,2023-07-22 00:15,SBGR,SBPA,ROT004,PR-DQF,15,Realizado,Meteorologia,0,0
2023-000845,XYZ230845,2023-07-22,00:00,2023-07-22 00:42,SBGL,SBBR,ROT010,PR-EHX,42,Realizado,Meteorologia,0,0
2023-000846,XYZ230846,2023-07-22,00:00,2023-07-22 00:46,SBGL,SBCF,ROT011,PR-FKA,46,Realizado,Meteorologia,0,0
2023-000847,XYZ230847,2023-07-22,00:00,2023-07-22 00:22,SBGL,SBPA,ROT012,PR-GMB,22,Realizado,Meteorologia,0,0
2023-000848,XYZ230848,2023-07-22,00:00,2023-07-22 00:48,SBGL,SBCT,ROT013,PR-HNC,48,Realizado,Meteorologia,0,0
2023-000849,XYZ230849,2023-07-22,03:00,2023-07-22 03:20,SBGR,SBGL,ROT001,PR-JRD,20,Realizado,Meteorologia,0,0
2023-000850,XYZ230850,2023-07-22,03:00,2023-07-22 03:36,SBGR,SBBR,ROT002,PR-KSE,36,Realizado,Meteorologia,0,0
2023-000851,XYZ230851,2023-07-22,03:00,2023-07-22 03:44,SBGR,SBCF,ROT003,PR-LTF,44,Realizado,Meteorologia,0,0
2023-000852,XYZ230852,2023-07-22,03:00,2023-07-22 03:21,SBGR,SBPA,ROT004,PR-MUG,21,Realizado,Meteorologia,0,0
2023-000853,XYZ230853,2023-07-22,03:00,2023-07-22 03:30,SBGL,SBBR,ROT010,PR-NVH,30,Realizado,Meteorologia,0,0
2023-000854,XYZ230854,2023-07-22,03:00,2023-07-22 03:27,SBGL,SBCF,ROT011,PR-PWL,27,Realizado,Meteorologia,0,0
2023-000855,XYZ230855,2023-07-22,03:00,2023-07-22 03:11,SBGL,SBPA,ROT012,PR-QXA,11,Realizado,Meteorologia,0,0
2023-000856,XYZ230856,2023-07-22,03:00,2023-07-22 03:19,SBGL,SBCT,ROT013,PR-RYB,19,Realizado,Meteorologia,0,0
2023-000857,XYZ230857,2023-07-22,06:00,2023-07-22 06:49,SBGR,SBGL,ROT001,PR-SCD,49,Desviado,Meteorologia,0,1
2023-000858,XYZ230858,2023-07-22,06:00,2023-07-22 06:48,SBGR,SBBR,ROT002,PR-TQJ,48,Realizado,Meteorologia,0,0
2023-000859,XYZ230859,2023-07-22,06:00,2023-07-22 06:12,SBGR,SBCF,ROT003,PR-UKM,12,Realizado,Meteorologia,0,0
2023-000860,XYZ230860,2023-07-22,06:00,2023-07-22 06:30,SBGR,SBPA,ROT004,PR-VPN,30,Realizado,Meteorologia,0,0
2023-000861,XYZ230861,2023-07-22,06:00,2023-07-22 06:45,SBGL,SBBR,ROT010,PR-WAR,45,Realizado,Meteorologia,0,0
2023-000862,XYZ230862,2023-07-22,06:00,2023-07-22 06:18,SBGL,SBCF,ROT011,PR-XBE,18,Realizado,Meteorologia,0,0
2023-000863,XYZ230863,2023-07-22,06:00,2023-07-22 06:17,SBGL,SBPA,ROT012,PR-YCF,17,Realizado,Meteorologia,0,0
2023-000864,XYZ230864,2023-07-22,06:00,2023-07-22 06:13,SBGL,SBCT,ROT013,PR-ZDG,13,Realizado,Meteorologia,0,0
2023-000865,XYZ230865,2023-07-22,09:00,2023-07-22 09:18,SBGR,SBGL,ROT001,PR-ADH,18,Realizado,Meteorologia,0,0
2023-000866,XYZ230866,2023-07-22,09:00,2023-07-22 09:26,SBGR,SBBR,ROT002,PR-BKR,26,Realizado,Meteorologia,0,0
2023-000867,XYZ230867,2023-07-22,09:00,2023-07-22 09:12,SBGR,SBCF,ROT003,PR-CEV,12,Realizado,Meteorologia,0,0
2023-000868,XYZ230868,2023-07-22,09:00,2023-07-22 09:10,SBGR,SBPA,ROT004,PR-DQF,10,Realizado,Meteorologia,0,0
2023-000869,XYZ230869,2023-07-22,09:00,2023-07-22 09:16,SBGL,SBBR,ROT010,PR-EHX,16,Realizado,Meteorologia,0,0
2023-000870,XYZ230870,2023-07-22,09:00,2023-07-22 09:20,SBGL,SBCF,ROT011,PR-FKA,20,Realizado,Meteorologia,0,0
2023-000871,XYZ230871,2023-07-22,09:00,2023-07-22 09:22,SBGL,SBPA,ROT012,PR-GMB,22,Realizado,Meteorologia,0,0
2023-000872,XYZ230872,2023-07-22,09:00,2023-07-22 09:32,SBGL,SBCT,ROT013,PR-HNC,32,Desviado,Meteorologia,0,1
2023-000873,XYZ230873,2023-07-22,12:00,2023-07-22 12:29,SBGR,SBGL,ROT001,PR-JRD,29,Realizado,Meteorologia,0,0
2023-000874,XYZ230874,2023-07-22,12:00,2023-07-22 12:48,SBGR,SBBR,ROT002,PR-KSE,48,Realizado,Meteorologia,0,0
2023-000875,XYZ230875,2023-07-22,12:00,2023-07-22 12:10,SBGR,SBCF,ROT003,PR-LTF,10,Realizado,Meteorologia,0,0
2023-000876,XYZ230876,2023-07-22,12:00,2023-07-22 12:38,SBGR,SBPA,ROT004,PR-MUG,38,Desviado,Meteorologia,0,1
2023-000877,XYZ230877,2023-07-22,12:00,2023-07-22 12:29,SBGL,SBBR,ROT010,PR-NVH,29,Realizado,Meteorologia,0,0
2023-000878,XYZ230878,2023-07-22,12:00,,SBGL,SBCF,ROT011,PR-PWL,0,Cancelado,Meteorologia,1,0
2023-000879,XYZ230879,2023-07-22,12:00,2023-07-22 12:49,SBGL,SBPA,ROT012,PR-QXA,49,Realizado,Meteorologia,0,0
2023-000880,XYZ230880,2023-07-22,12:00,2023-07-22 12:33,SBGL,SBCT,ROT013,PR-RYB,33,Realizado,Meteorologia,0,0
2023-000881,XYZ230881,2023-07-23,00:00,,SBGR,SBGL,ROT001,PR-SCD,0,Cancelado,Meteorologia,1,0
2023-000882,XYZ230882,2023-07-23,00:00,2023-07-23 00:43,SBGR,SBBR,ROT002,PR-TQJ,43,Realizado,Meteorologia,0,0
2023-000883,XYZ230883,2023-07-23,00:00,2023-07-23 00:45,SBGR,SBCF,ROT003,PR-UKM,45,Realizado,Meteorologia,0,0
2023-000884,XYZ230884,2023-07-23,00:00,2023-07-23 00:43,SBGR,SBPA,ROT004,PR-VPN,43,Realizado,Meteorologia,0,0
2023-000885,XYZ230885,2023-07-23,00:00,2023-07-23 00:41,SBGL,SBBR,ROT010,PR-WAR,41,Realizado,Meteorologia,0,0
2023-000886,XYZ230886,2023-07-23,00:00,2023-07-23 00:27,SBGL,SBCF,ROT011,PR-XBE,27,Realizado,Meteorologia,0,0
2023-000887,XYZ230887,2023-07-23,00:00,2023-07-23 00:23,SBGL,SBPA,ROT012,PR-YCF,23,Realizado,Meteorologia,0,0
2023-000888,XYZ230888,2023-07-23,00:00,2023-07-23 00:31,SBGL,SBCT,ROT013,PR-ZDG,31,Realizado,Meteorologia,0,0
2023-000889,XYZ230889,2023-07-23,03:00,2023-07-23 03:24,SBGR,SBGL,ROT001,PR-ADH,24,Realizado,Meteorologia,0,0
2023-000890,XYZ230890,2023-07-23,03:00,2023-07-23 03:10,SBGR,SBBR,ROT002,PR-BKR,10,Realizado,Meteorologia,0,0
2023-000891,XYZ230891,2023-07-23,03:00,2023-07-23 03:43,SBGR,SBCF,ROT003,PR-CEV,43,Realizado,Meteorologia,0,0
2023-000892,XYZ230892,2023-07-23,03:00,2023-07-23 03:32,SBGR,SBPA,ROT004,PR-DQF,32,Realizado,Meteorologia,0,0
2023-000893,XYZ230893,2023-07-23,03:00,2023-07-23 03:27,SBGL,SBBR,ROT010,PR-EHX,27,Realizado,Meteorologia,0,0
2023-000894,XYZ230894,2023-07-23,03:00,2023-07-23 03:34,SBGL,SBCF,ROT011,PR-FKA,34,Realizado,Meteorologia,0,0
2023-000895,XYZ230895,2023-07-23,03:00,2023-07-23 03:13,SBGL,SBPA,ROT012,PR-GMB,13,Realizado,Meteorologia,0,0
2023-000896,XYZ230896,2023-07-23,03:00,2023-07-23 03:48,SBGL,SBCT,ROT013,PR-HNC,48,Realizado,Meteorologia,0,0
2023-000897,XYZ230897,2023-07-23,06:00,2023-07-23 06:31,SBGR,SBGL,ROT001,PR-JRD,31,Realizado,Meteorologia,0,0
2023-000898,XYZ230898,2023-07-23,06:00,2023-07-23 06:35,SBGR,SBBR,ROT002,PR-KSE,35,Realizado,Meteorologia,0,0
2023-000899,XYZ230899,2023-07-23,06:00,2023-07-23 06:16,SBGR,SBCF,ROT003,PR-LTF,16,Realizado,Meteorologia,0,0
2023-000900,XYZ230900,2023-07-23,06:00,2023-07-23 06:32,SBGR,SBPA,ROT004,PR-MUG,32,Realizado,Meteorologia,0,0
2023-000901,XYZ230901,2023-07-23,06:00,2023-07-23 06:18,SBGL,SBBR,ROT010,PR-NVH,18,Realizado,Meteorologia,0,0
2023-000902,XYZ230902,2023-07-23,06:00,,SBGL,SBCF,ROT011,PR-PWL,0,Cancelado,Meteorologia,1,0
2023-000903,XYZ230903,2023-07-23,06:00,2023-07-23 06:19,SBGL,SBPA,ROT012,PR-QXA,19,Realizado,Meteorologia,0,0
2023-000904,XYZ230904,2023-07-23,06:00,2023-07-23 06:12,SBGL,SBCT,ROT013,PR-RYB,12,Realizado,Meteorologia,0,0
2023-000905,XYZ230905,2023-07-23,09:00,2023-07-23 09:25,SBGR,SBGL,ROT001,PR-SCD,25,Realizado,Meteorologia,0,0
2023-000906,XYZ230906,2023-07-23,09:00,2023-07-23 09:16,SBGR,SBBR,ROT002,PR-TQJ,16,Realizado,Meteorologia,0,0
2023-000907,XYZ230907,2023-07-23,09:00,2023-07-23 09:28,SBGR,SBCF,ROT003,PR-UKM,28,Realizado,Meteorologia,0,0
2023-000908,XYZ230908,2023-07-23,09:00,,SBGR,SBPA,ROT004,PR-VPN,0,Cancelado,Meteorologia,1,0
2023-000909,XYZ230909,2023-07-23,09:00,2023-07-23 09:34,SBGL,SBBR,ROT010,PR-WAR,34,Realizado,Meteorologia,0,0
2023-000910,XYZ230910,2023-07-23,09:00,2023-07-23 09:57,SBGL,SBCF,ROT011,PR-XBE,57,Desviado,Meteorologia,0,1
2023-000911,XYZ230911,2023-07-23,09:00,2023-07-23 09:45,SBGL,SBPA,ROT012,PR-YCF,45,Realizado,Meteorologia,0,0
2023-000912,XYZ230912,2023-07-23,09:00,2023-07-23 09:32,SBGL,SBCT,ROT013,PR-ZDG,32,Realizado,Meteorologia,0,0
2023-000913,XYZ230913,2023-07-23,12:00,2023-07-23 12:24,SBGR,SBGL,ROT001,PR-ADH,24,Realizado,Meteorologia,0,0
2023-000914,XYZ230914,2023-07-23,12:00,2023-07-23 12:31,SBGR,SBBR,ROT002,PR-BKR,31,Realizado,Meteorologia,0,0
2023-000915,XYZ230915,2023-07-23,12:00,2023-07-23 12:16,SBGR,SBCF,ROT003,PR-CEV,16,Realizado,Meteorologia,0,0
2023-000916,XYZ230916,2023-07-23,12:00,2023-07-23 12:24,SBGR,SBPA,ROT004,PR-DQF,24,Realizado,Meteorologia,0,0
2023-000917,XYZ230917,2023-07-23,12:00,2023-07-23 12:49,SBGL,SBBR,ROT010,PR-EHX,49,Realizado,Meteorologia,0,0
2023-000918,XYZ230918,2023-07-23,12:00,2023-07-23 12:47,SBGL,SBCF,ROT011,PR-FKA,47,Realizado,Meteorologia,0,0
2023-000919,XYZ230919,2023-07-23,12:00,2023-07-23 12:23,SBGL,SBPA,ROT012,PR-GMB,23,Realizado,Meteorologia,0,0
2023-000920,XYZ230920,2023-07-23,12:00,2023-07-23 12:29,SBGL,SBCT,ROT013,PR-HNC,29,Realizado,Meteorologia,0,0
2023-000921,XYZ230921,2023-07-24,00:00,2023-07-24 00:00,SBGR,SBGL,ROT001,PR-JRD,0,Realizado,Operacional,0,0
2023-000922,XYZ230922,2023-07-24,00:00,2023-07-24 00:06,SBGR,SBBR,ROT002,PR-KSE,6,Realizado,Operacional,0,0
2023-000923,XYZ230923,2023-07-24,00:00,2023-07-24 00:06,SBGR,SBCF,ROT003,PR-LTF,6,Realizado,Conexao,0,0
2023-000924,XYZ230924,2023-07-24,00:00,2023-07-24 00:08,SBGR,SBPA,ROT004,PR-MUG,8,Realizado,Operacional,0,0
2023-000925,XYZ230925,2023-07-24,00:00,2023-07-24 00:47,SBGL,SBBR,ROT010,PR-NVH,47,Realizado,Meteorologia,0,0
2023-000926,XYZ230926,2023-07-24,00:00,,SBGL,SBCF,ROT011,PR-PWL,0,Cancelado,Meteorologia,1,0
2023-000927,XYZ230927,2023-07-24,00:00,2023-07-24 00:11,SBGL,SBPA,ROT012,PR-QXA,11,Realizado,Meteorologia,0,0
2023-000928,XYZ230928,2023-07-24,00:00,2023-07-24 00:43,SBGL,SBCT,ROT013,PR-RYB,43,Realizado,Meteorologia,0,0
2023-000929,XYZ230929,2023-07-24,03:00,2023-07-24 03:06,SBGR,SBGL,ROT001,PR-SCD,6,Realizado,Operacional,0,0
2023-000930,XYZ230930,2023-07-24,03:00,2023-07-24 03:06,SBGR,SBBR,ROT002,PR-TQJ,6,Realizado,Operacional,0,0
2023-000931,XYZ230931,2023-07-24,03:00,2023-07-24 03:01,SBGR,SBCF,ROT003,PR-UKM,1,Realizado,Operacional,0,0
2023-000932,XYZ230932,2023-07-24,03:00,2023-07-24 03:04,SBGR,SBPA,ROT004,PR-VPN,4,Realizado,Operacional,0,0
2023-000933,XYZ230933,2023-07-24,03:00,2023-07-24 03:48,SBGL,SBBR,ROT010,PR-WAR,48,Desviado,Meteorologia,0,1
2023-000934,XYZ230934,2023-07-24,03:00,2023-07-24 03:49,SBGL,SBCF,ROT011,PR-XBE,49,Realizado,Meteorologia,0,0
2023-000935,XYZ230935,2023-07-24,03:00,2023-07-24 03:11,SBGL,SBPA,ROT012,PR-YCF,11,Realizado,Meteorologia,0,0
2023-000936,XYZ230936,2023-07-24,03:00,2023-07-24 03:54,SBGL,SBCT,ROT013,PR-ZDG,54,Desviado,Meteorologia,0,1
2023-000937,XYZ230937,2023-07-24,06:00,2023-07-24 06:09,SBGR,SBGL,ROT001,PR-ADH,9,Realizado,Operacional,0,0
2023-000938,XYZ230938,2023-07-24,06:00,2023-07-24 06:03,SBGR,SBBR,ROT002,PR-BKR,3,Realizado,Operacional,0,0
2023-000939,XYZ230939,2023-07-24,06:00,2023-07-24 06:06,SBGR,SBCF,ROT003,PR-CEV,6,Realizado,Operacional,0,0
2023-000940,XYZ230940,2023-07-24,06:00,2023-07-24 06:10,SBGR,SBPA,ROT004,PR-DQF,10,Realizado,Conexao,0,0
2023-000941,XYZ230941,2023-07-24,06:00,2023-07-24 06:32,SBGL,SBBR,ROT010,PR-EHX,32,Realizado,Meteorologia,0,0
2023-000942,XYZ230942,2023-07-24,06:00,2023-07-24 06:33,SBGL,SBCF,ROT011,PR-FKA,33,Realizado,Meteorologia,0,0
2023-000943,XYZ230943,2023-07-24,06:00,,SBGL,SBPA,ROT012,PR-GMB,0,Cancelado,Meteorologia,1,0
2023-000944,XYZ230944,2023-07-24,06:00,2023-07-24 06:27,SBGL,SBCT,ROT013,PR-HNC,27,Realizado,Meteorologia,0,0
2023-000945,XYZ230945,2023-07-24,09:00,2023-07-24 09:10,SBGR,SBGL,ROT001,PR-JRD,10,Realizado,Operacional,0,0
2023-000946,XYZ230946,2023-07-24,09:00,2023-07-24 09:04,SBGR,SBBR,ROT002,PR-KSE,4,Realizado,Tripulacao,0,0
2023-000947,XYZ230947,2023-07-24,09:00,2023-07-24 09:13,SBGR,SBCF,ROT003,PR-LTF,13,Realizado,Tripulacao,0,0
2023-000948,XYZ230948,2023-07-24,09:00,2023-07-24 09:09,SBGR,SBPA,ROT004,PR-MUG,9,Realizado,Manutencao,0,0
2023-000949,XYZ230949,2023-07-24,09:00,,SBGL,SBBR,ROT010,PR-NVH,0,Cancelado,Meteorologia,1,0
2023-000950,XYZ230950,2023-07-24,09:00,2023-07-24 09:34,SBGL,SBCF,ROT011,PR-PWL,34,Realizado,Meteorologia,0,0
2023-000951,XYZ230951,2023-07-24,09:00,,SBGL,SBPA,ROT012,PR-QXA,0,Cancelado,Meteorologia,1,0
2023-000952,XYZ230952,2023-07-24,09:00,2023-07-24 09:45,SBGL,SBCT,ROT013,PR-RYB,45,Realizado,Meteorologia,0,0
2023-000953,XYZ230953,2023-07-24,12:00,2023-07-24 12:05,SBGR,SBGL,ROT001,PR-SCD,5,Realizado,Operacional,0,0
2023-000954,XYZ230954,2023-07-24,12:00,2023-07-24 12:12,SBGR,SBBR,ROT002,PR-TQJ,12,Realizado,Operacional,0,0
2023-000955,XYZ230955,2023-07-24,12:00,2023-07-24 12:03,SBGR,SBCF,ROT003,PR-UKM,3,Realizado,Conexao,0,0
2023-000956,XYZ230956,2023-07-24,12:00,2023-07-24 12:04,SBGR,SBPA,ROT004,PR-VPN,4,Realizado,Tripulacao,0,0
2023-000957,XYZ230957,2023-07-24,12:00,,SBGL,SBBR,ROT010,PR-WAR,0,Cancelado,Meteorologia,1,0
2023-000958,XYZ230958,2023-07-24,12:00,2023-07-24 12:29,SBGL,SBCF,ROT011,PR-XBE,29,Realizado,Meteorologia,0,0
2023-000959,XYZ230959,2023-07-24,12:00,2023-07-24 12:14,SBGL,SBPA,ROT012,PR-YCF,14,Realizado,Meteorologia,0,0
2023-000960,XYZ230960,2023-07-24,12:00,2023-07-24 12:30,SBGL,SBCT,ROT013,PR-ZDG,30,Realizado,Meteorologia,0,0
2023-000961,XYZ230961,2023-07-25,00:00,2023-07-25 00:32,SBGR,SBGL,ROT001,PR-ADH,32,Realizado,Meteorologia,0,0
2023-000962,XYZ230962,2023-07-25,00:00,2023-07-25 00:39,SBGR,SBBR,ROT002,PR-BKR,39,Realizado,Meteorologia,0,0
2023-000963,XYZ230963,2023-07-25,00:00,2023-07-25 00:10,SBGR,SBCF,ROT003,PR-CEV,10,Realizado,Meteorologia,0,0
2023-000964,XYZ230964,2023-07-25,00:00,2023-07-25 00:26,SBGR,SBPA,ROT004,PR-DQF,26,Desviado,Meteorologia,0,1
2023-000965,XYZ230965,2023-07-25,00:00,2023-07-25 00:40,SBGL,SBBR,ROT010,PR-EHX,40,Realizado,Meteorologia,0,0
2023-000966,XYZ230966,2023-07-25,00:00,2023-07-25 00:17,SBGL,SBCF,ROT011,PR-FKA,17,Realizado,Meteorologia,0,0
2023-000967,XYZ230967,2023-07-25,00:00,,SBGL,SBPA,ROT012,PR-GMB,0,Cancelado,Meteorologia,1,0
2023-000968,XYZ230968,2023-07-25,00:00,2023-07-25 00:53,SBGL,SBCT,ROT013,PR-HNC,53,Desviado,Meteorologia,0,1
2023-000969,XYZ230969,2023-07-25,03:00,2023-07-25 03:48,SBGR,SBGL,ROT001,PR-JRD,48,Realizado,Meteorologia,0,0
2023-000970,XYZ230970,2023-07-25,03:00,2023-07-25 03:24,SBGR,SBBR,ROT002,PR-KSE,24,Realizado,Meteorologia,0,0
2023-000971,XYZ230971,2023-07-25,03:00,2023-07-25 03:19,SBGR,SBCF,ROT003,PR-LTF,19,Realizado,Meteorologia,0,0
2023-000972,XYZ230972,2023-07-25,03:00,2023-07-25 03:26,SBGR,SBPA,ROT004,PR-MUG,26,Realizado,Meteorologia,0,0
2023-000973,XYZ230973,2023-07-25,03:00,2023-07-25 03:41,SBGL,SBBR,ROT010,PR-NVH,41,Realizado,Meteorologia,0,0
2023-000974,XYZ230974,2023-07-25,03:00,2023-07-25 03:35,SBGL,SBCF,ROT011,PR-PWL,35,Realizado,Meteorologia,0,0
2023-000975,XYZ230975,2023-07-25,03:00,2023-07-25 03:47,SBGL,SBPA,ROT012,PR-QXA,47,Realizado,Meteorologia,0,0
2023-000976,XYZ230976,2023-07-25,03:00,2023-07-25 03:10,SBGL,SBCT,ROT013,PR-RYB,10,Realizado,Meteorologia,0,0
2023-000977,XYZ230977,2023-07-25,06:00,,SBGR,SBGL,ROT001,PR-SCD,0,Cancelado,Meteorologia,1,0
2023-000978,XYZ230978,2023-07-25,06:00,2023-07-25 06:25,SBGR,SBBR,ROT002,PR-TQJ,25,Realizado,Meteorologia,0,0
2023-000979,XYZ230979,2023-07-25,06:00,2023-07-25 06:45,SBGR,SBCF,ROT003,PR-UKM,45,Realizado,Meteorologia,0,0
2023-000980,XYZ230980,2023-07-25,06:00,2023-07-25 06:25,SBGR,SBPA,ROT004,PR-VPN,25,Realizado,Meteorologia,0,0
2023-000981,XYZ230981,2023-07-25,06:00,2023-07-25 06:21,SBGL,SBBR,ROT010,PR-WAR,21,Realizado,Meteorologia,0,0
2023-000982,XYZ230982,2023-07-25,06:00,2023-07-25 06:20,SBGL,SBCF,ROT011,PR-XBE,20,Realizado,Meteorologia,0,0
2023-000983,XYZ230983,2023-07-25,06:00,2023-07-25 06:22,SBGL,SBPA,ROT012,PR-YCF,22,Realizado,Meteorologia,0,0
2023-000984,XYZ230984,2023-07-25,06:00,,SBGL,SBCT,ROT013,PR-ZDG,0,Cancelado,Meteorologia,1,0
2023-000985,XYZ230985,2023-07-25,09:00,2023-07-25 09:36,SBGR,SBGL,ROT001,PR-ADH,36,Realizado,Meteorologia,0,0
2023-000986,XYZ230986,2023-07-25,09:00,2023-07-25 09:36,SBGR,SBBR,ROT002,PR-BKR,36,Realizado,Meteorologia,0,0
2023-000987,XYZ230987,2023-07-25,09:00,2023-07-25 09:27,SBGR,SBCF,ROT003,PR-CEV,27,Realizado,Meteorologia,0,0
2023-000988,XYZ230988,2023-07-25,09:00,2023-07-25 09:47,SBGR,SBPA,ROT004,PR-DQF,47,Realizado,Meteorologia,0,0
2023-000989,XYZ230989,2023-07-25,09:00,,SBGL,SBBR,ROT010,PR-EHX,0,Cancelado,Meteorologia,1,0
2023-000990,XYZ230990,2023-07-25,09:00,2023-07-25 09:23,SBGL,SBCF,ROT011,PR-FKA,23,Realizado,Meteorologia,0,0
2023-000991,XYZ230991,2023-07-25,09:00,2023-07-25 09:46,SBGL,SBPA,ROT012,PR-GMB,46,Realizado,Meteorologia,0,0
2023-000992,XYZ230992,2023-07-25,09:00,2023-07-25 09:16,SBGL,SBCT,ROT013,PR-HNC,16,Realizado,Meteorologia,0,0
2023-000993,XYZ230993,2023-07-25,12:00,2023-07-25 12:49,SBGR,SBGL,ROT001,PR-JRD,49,Realizado,Meteorologia,0,0
2023-000994,XYZ230994,2023-07-25,12:00,2023-07-25 12:46,SBGR,SBBR,ROT002,PR-KSE,46,Realizado,Meteorologia,0,0
2023-000995,XYZ230995,2023-07-25,12:00,2023-07-25 12:21,SBGR,SBCF,ROT003,PR-LTF,21,Realizado,Meteorologia,0,0
2023-000996,XYZ230996,2023-07-25,12:00,2023-07-25 12:44,SBGR,SBPA,ROT004,PR-MUG,44,Desviado,Meteorologia,0,1
2023-000997,XYZ230997,2023-07-25,12:00,2023-07-25 12:26,SBGL,SBBR,ROT010,PR-NVH,26,Realizado,Meteorologia,0,0
2023-000998,XYZ230998,2023-07-25,12:00,2023-07-25 12:23,SBGL,SBCF,ROT011,PR-PWL,23,Realizado,Meteorologia,0,0
2023-000999,XYZ230999,2023-07-25,12:00,,SBGL,SBPA,ROT012,PR-QXA,0,Cancelado,Meteorologia,1,0
2023-001000,XYZ231000,2023-07-25,12:00,2023-07-25 12:24,SBGL,SBCT,ROT013,PR-RYB,24,Realizado,Meteorologia,0,0
2023-001001,XYZ231001,2023-07-26,00:00,2023-07-26 00:39,SBGR,SBGL,ROT001,PR-SCD,39,Realizado,Meteorologia,0,0
2023-001002,XYZ231002,2023-07-26,00:00,2023-07-26 00:32,SBGR,SBBR,ROT002,PR-TQJ,32,Realizado,Meteorologia,0,0
2023-001003,XYZ231003,2023-07-26,00:00,2023-07-26 00:24,SBGR,SBCF,ROT003,PR-UKM,24,Realizado,Meteorologia,0,0
2023-001004,XYZ231004,2023-07-26,00:00,2023-07-26 00:49,SBGR,SBPA,ROT004,PR-VPN,49,Realizado,Meteorologia,0,0
2023-001005,XYZ231005,2023-07-26,00:00,2023-07-26 00:14,SBGL,SBBR,ROT010,PR-WAR,14,Realizado,Operacional,0,0
2023-001006,XYZ231006,2023-07-26,00:00,2023-07-26 00:10,SBGL,SBCF,ROT011,PR-XBE,10,Realizado,Operacional,0,0
2023-001007,XYZ231007,2023-07-26,00:00,2023-07-26 00:13,SBGL,SBPA,ROT012,PR-YCF,13,Realizado,Operacional,0,0
2023-001008,XYZ231008,2023-07-26,00:00,2023-07-26 00:07,SBGL,SBCT,ROT013,PR-ZDG,7,Realizado,Conexao,0,0
2023-001009,XYZ231009,2023-07-26,03:00,,SBGR,SBGL,ROT001,PR-ADH,0,Cancelado,Meteorologia,1,0
2023-001010,XYZ231010,2023-07-26,03:00,2023-07-26 03:37,SBGR,SBBR,ROT002,PR-BKR,37,Desviado,Meteorologia,0,1
2023-001011,XYZ231011,2023-07-26,03:00,,SBGR,SBCF,ROT003,PR-CEV,0,Cancelado,Meteorologia,1,0
2023-001012,XYZ231012,2023-07-26,03:00,2023-07-26 03:16,SBGR,SBPA,ROT004,PR-DQF,16,Realizado,Meteorologia,0,0
2023-001013,XYZ231013,2023-07-26,03:00,2023-07-26 03:11,SBGL,SBBR,ROT010,PR-EHX,11,Realizado,Conexao,0,0
2023-001014,XYZ231014,2023-07-26,03:00,2023-07-26 03:10,SBGL,SBCF,ROT011,PR-FKA,10,Realizado,Operacional,0,0
2023-001015,XYZ231015,2023-07-26,03:00,2023-07-26 03:10,SBGL,SBPA,ROT012,PR-GMB,10,Realizado,Operacional,0,0
2023-001016,XYZ231016,2023-07-26,03:00,2023-07-26 03:12,SBGL,SBCT,ROT013,PR-HNC,12,Realizado,Conexao,0,0
2023-001017,XYZ231017,2023-07-26,06:00,2023-07-26 06:26,SBGR,SBGL,ROT001,PR-JRD,26,Realizado,Meteorologia,0,0
2023-001018,XYZ231018,2023-07-26,06:00,2023-07-26 06:17,SBGR,SBBR,ROT002,PR-KSE,17,Realizado,Meteorologia,0,0
2023-001019,XYZ231019,2023-07-26,06:00,2023-07-26 06:24,SBGR,SBCF,ROT003,PR-LTF,24,Realizado,Meteorologia,0,0
2023-001020,XYZ231020,2023-07-26,06:00,2023-07-26 06:28,SBGR,SBPA,ROT004,PR-MUG,28,Realizado,Meteorologia,0,0
2023-001021,XYZ231021,2023-07-26,06:00,2023-07-26 06:04,SBGL,SBBR,ROT010,PR-NVH,4,Realizado,Operacional,0,0
2023-001022,XYZ231022,2023-07-26,06:00,2023-07-26 06:13,SBGL,SBCF,ROT011,PR-PWL,13,Realizado,Operacional,0,0
2023-001023,XYZ231023,2023-07-26,06:00,2023-07-26 06:12,SBGL,SBPA,ROT012,PR-QXA,12,Realizado,Operacional,0,0
2023-001024,XYZ231024,2023-07-26,06:00,2023-07-26 06:04,SBGL,SBCT,ROT013,PR-RYB,4,Realizado,Manutencao,0,0
2023-001025,XYZ231025,2023-07-26,09:00,2023-07-26 09:39,SBGR,SBGL,ROT001,PR-SCD,39,Realizado,Meteorologia,0,0
2023-001026,XYZ231026,2023-07-26,09:00,2023-07-26 09:13,SBGR,SBBR,ROT002,PR-TQJ,13,Realizado,Meteorologia,0,0
2023-001027,XYZ231027,2023-07-26,09:00,2023-07-26 09:15,SBGR,SBCF,ROT003,PR-UKM,15,Realizado,Meteorologia,0,0
2023-001028,XYZ231028,2023-07-26,09:00,2023-07-26 09:14,SBGR,SBPA,ROT004,PR-VPN,14,Realizado,Meteorologia,0,0
2023-001029,XYZ231029,2023-07-26,09:00,2023-07-26 09:11,SBGL,SBBR,ROT010,PR-WAR,11,Realizado,Manutencao,0,0
2023-001030,XYZ231030,2023-07-26,09:00,2023-07-26 09:06,SBGL,SBCF,ROT011,PR-XBE,6,Realizado,Operacional,0,0
2023-001031,XYZ231031,2023-07-26,09:00,2023-07-26 09:02,SBGL,SBPA,ROT012,PR-YCF,2,Realizado,Operacional,0,0
2023-001032,XYZ231032,2023-07-26,09:00,2023-07-26 09:07,SBGL,SBCT,ROT013,PR-ZDG,7,Realizado,Operacional,0,0
2023-001033,XYZ231033,2023-07-26,12:00,2023-07-26 12:37,SBGR,SBGL,ROT001,PR-ADH,37,Realizado,Meteorologia,0,0
2023-001034,XYZ231034,2023-07-26,12:00,2023-07-26 12:25,SBGR,SBBR,ROT002,PR-BKR,25,Realizado,Meteorologia,0,0
2023-001035,XYZ231035,2023-07-26,12:00,2023-07-26 12:34,SBGR,SBCF,ROT003,PR-CEV,34,Realizado,Meteorologia,0,0
2023-001036,XYZ231036,2023-07-26,12:00,2023-07-26 12:25,SBGR,SBPA,ROT004,PR-DQF,25,Realizado,Meteorologia,0,0
2023-001037,XYZ231037,2023-07-26,12:00,2023-07-26 12:08,SBGL,SBBR,ROT010,PR-EHX,8,Realizado,Operacional,0,0
2023-001038,XYZ231038,2023-07-26,12:00,2023-07-26 12:04,SBGL,SBCF,ROT011,PR-FKA,4,Realizado,Operacional,0,0
2023-001039,XYZ231039,2023-07-26,12:00,2023-07-26 12:00,SBGL,SBPA,ROT012,PR-GMB,0,Realizado,Operacional,0,0
2023-001040,XYZ231040,2023-07-26,12:00,2023-07-26 12:01,SBGL,SBCT,ROT013,PR-HNC,1,Realizado,Operacional,0,0
2023-001041,XYZ231041,2023-07-27,00:00,2023-07-27 00:11,SBGR,SBGL,ROT001,PR-JRD,11,Realizado,Meteorologia,0,0
2023-001042,XYZ231042,2023-07-27,00:00,2023-07-27 00:42,SBGR,SBBR,ROT002,PR-KSE,42,Desviado,Meteorologia,0,1
2023-001043,XYZ231043,2023-07-27,00:00,2023-07-27 00:46,SBGR,SBCF,ROT003,PR-LTF,46,Realizado,Meteorologia,0,0
2023-001044,XYZ231044,2023-07-27,00:00,2023-07-27 00:28,SBGR,SBPA,ROT004,PR-MUG,28,Realizado,Meteorologia,0,0
2023-001045,XYZ231045,2023-07-27,00:00,2023-07-27 00:36,SBGL,SBBR,ROT010,PR-NVH,36,Realizado,Meteorologia,0,0
2023-001046,XYZ231046,2023-07-27,00:00,2023-07-27 00:24,SBGL,SBCF,ROT011,PR-PWL,24,Realizado,Meteorologia,0,0
2023-001047,XYZ231047,2023-07-27,00:00,2023-07-27 00:32,SBGL,SBPA,ROT012,PR-QXA,32,Realizado,Meteorologia,0,0
2023-001048,XYZ231048,2023-07-27,00:00,2023-07-27 00:39,SBGL,SBCT,ROT013,PR-RYB,39,Realizado,Meteorologia,0,0
2023-001049,XYZ231049,2023-07-27,03:00,2023-07-27 03:47,SBGR,SBGL,ROT001,PR-SCD,47,Realizado,Meteorologia,0,0
2023-001050,XYZ231050,2023-07-27,03:00,2023-07-27 03:22,SBGR,SBBR,ROT002,PR-TQJ,22,Realizado,Meteorologia,0,0
2023-001051,XYZ231051,2023-07-27,03:00,,SBGR,SBCF,ROT003,PR-UKM,0,Cancelado,Meteorologia,1,0
2023-001052,XYZ231052,2023-07-27,03:00,2023-07-27 03:34,SBGR,SBPA,ROT004,PR-VPN,34,Realizado,Meteorologia,0,0
2023-001053,XYZ231053,2023-07-27,03:00,2023-07-27 03:16,SBGL,SBBR,ROT010,PR-WAR,16,Realizado,Meteorologia,0,0
2023-001054,XYZ231054,2023-07-27,03:00,2023-07-27 03:45,SBGL,SBCF,ROT011,PR-XBE,45,Realizado,Meteorologia,0,0
2023-001055,XYZ231055,2023-07-27,03:00,2023-07-27 03:12,SBGL,SBPA,ROT012,PR-YCF,12,Realizado,Meteorologia,0,0
2023-001056,XYZ231056,2023-07-27,03:00,2023-07-27 03:28,SBGL,SBCT,ROT013,PR-ZDG,28,Realizado,Meteorologia,0,0
2023-001057,XYZ231057,2023-07-27,06:00,2023-07-27 06:15,SBGR,SBGL,ROT001,PR-ADH,15,Realizado,Meteorologia,0,0
2023-001058,XYZ231058,2023-07-27,06:00,2023-07-27 06:43,SBGR,SBBR,ROT002,PR-BKR,43,Realizado,Meteorologia,0,0
2023-001059,XYZ231059,2023-07-27,06:00,2023-07-27 06:15,SBGR,SBCF,ROT003,PR-CEV,15,Realizado,Meteorologia,0,0
2023-001060,XYZ231060,2023-07-27,06:00,2023-07-27 06:17,SBGR,SBPA,ROT004,PR-DQF,17,Realizado,Meteorologia,0,0
2023-001061,XYZ231061,2023-07-27,06:00,2023-07-27 06:24,SBGL,SBBR,ROT010,PR-EHX,24,Realizado,Meteorologia,0,0
2023-001062,XYZ231062,2023-07-27,06:00,2023-07-27 06:38,SBGL,SBCF,ROT011,PR-FKA,38,Realizado,Meteorologia,0,0
2023-001063,XYZ231063,2023-07-27,06:00,2023-07-27 06:24,SBGL,SBPA,ROT012,PR-GMB,24,Realizado,Meteorologia,0,0
2023-001064,XYZ231064,2023-07-27,06:00,2023-07-27 06:30,SBGL,SBCT,ROT013,PR-HNC,30,Realizado,Meteorologia,0,0
2023-001065,XYZ231065,2023-07-27,09:00,2023-07-27 09:19,SBGR,SBGL,ROT001,PR-JRD,19,Realizado,Meteorologia,0,0
2023-001066,XYZ231066,2023-07-27,09:00,2023-07-27 09:17,SBGR,SBBR,ROT002,PR-KSE,17,Realizado,Meteorologia,0,0
2023-001067,XYZ231067,2023-07-27,09:00,2023-07-27 09:16,SBGR,SBCF,ROT003,PR-LTF,16,Realizado,Meteorologia,0,0
2023-001068,XYZ231068,2023-07-27,09:00,2023-07-27 09:16,SBGR,SBPA,ROT004,PR-MUG,16,Realizado,Meteorologia,0,0
2023-001069,XYZ231069,2023-07-27,09:00,2023-07-27 09:23,SBGL,SBBR,ROT010,PR-NVH,23,Realizado,Meteorologia,0,0
2023-001070,XYZ231070,2023-07-27,09:00,,SBGL,SBCF,ROT011,PR-PWL,0,Cancelado,Meteorologia,1,0
2023-001071,XYZ231071,2023-07-27,09:00,2023-07-27 09:36,SBGL,SBPA,ROT012,PR-QXA,36,Realizado,Meteorologia,0,0
2023-001072,XYZ231072,2023-07-27,09:00,2023-07-27 09:14,SBGL,SBCT,ROT013,PR-RYB,14,Realizado,Meteorologia,0,0
2023-001073,XYZ231073,2023-07-27,12:00,,SBGR,SBGL,ROT001,PR-SCD,0,Cancelado,Meteorologia,1,0
2023-001074,XYZ231074,2023-07-27,12:00,2023-07-27 12:41,SBGR,SBBR,ROT002,PR-TQJ,41,Realizado,Meteorologia,0,0
2023-001075,XYZ231075,2023-07-27,12:00,2023-07-27 12:12,SBGR,SBCF,ROT003,PR-UKM,12,Realizado,Meteorologia,0,0
2023-001076,XYZ231076,2023-07-27,12:00,,SBGR,SBPA,ROT004,PR-VPN,0,Cancelado,Meteorologia,1,0
2023-001077,XYZ231077,2023-07-27,12:00,2023-07-27 12:30,SBGL,SBBR,ROT010,PR-WAR,30,Realizado,Meteorologia,0,0
2023-001078,XYZ231078,2023-07-27,12:00,2023-07-27 12:32,SBGL,SBCF,ROT011,PR-XBE,32,Desviado,Meteorologia,0,1
2023-001079,XYZ231079,2023-07-27,12:00,2023-07-27 12:49,SBGL,SBPA,ROT012,PR-YCF,49,Realizado,Meteorologia,0,0
2023-001080,XYZ231080,2023-07-27,12:00,2023-07-27 12:16,SBGL,SBCT,ROT013,PR-ZDG,16,Realizado,Meteorologia,0,0
2023-001081,XYZ231081,2023-07-28,00:00,2023-07-28 00:26,SBGR,SBGL,ROT001,PR-ADH,26,Realizado,Meteorologia,0,0
2023-001082,XYZ231082,2023-07-28,00:00,2023-07-28 00:26,SBGR,SBBR,ROT002,PR-BKR,26,Realizado,Meteorologia,0,0
2023-001083,XYZ231083,2023-07-28,00:00,2023-07-28 00:27,SBGR,SBCF,ROT003,PR-CEV,27,Desviado,Meteorologia,0,1
2023-001084,XYZ231084,2023-07-28,00:00,2023-07-28 00:48,SBGR,SBPA,ROT004,PR-DQF,48,Realizado,Meteorologia,0,0
2023-001085,XYZ231085,2023-07-28,00:00,2023-07-28 00:36,SBGL,SBBR,ROT010,PR-EHX,36,Realizado,Meteorologia,0,0
2023-001086,XYZ231086,2023-07-28,00:00,2023-07-28 00:36,SBGL,SBCF,ROT011,PR-FKA,36,Realizado,Meteorologia,0,0
2023-001087,XYZ231087,2023-07-28,00:00,2023-07-28 00:26,SBGL,SBPA,ROT012,PR-GMB,26,Realizado,Meteorologia,0,0
2023-001088,XYZ231088,2023-07-28,00:00,2023-07-28 00:24,SBGL,SBCT,ROT013,PR-HNC,24,Realizado,Meteorologia,0,0
2023-001089,XYZ231089,2023-07-28,03:00,2023-07-28 03:39,SBGR,SBGL,ROT001,PR-JRD,39,Realizado,Meteorologia,0,0
2023-001090,XYZ231090,2023-07-28,03:00,2023-07-28 03:26,SBGR,SBBR,ROT002,PR-KSE,26,Desviado,Meteorologia,0,1
2023-001091,XYZ231091,2023-07-28,03:00,2023-07-28 03:11,SBGR,SBCF,ROT003,PR-LTF,11,Realizado,Meteorologia,0,0
2023-001092,XYZ231092,2023-07-28,03:00,2023-07-28 03:41,SBGR,SBPA,ROT004,PR-MUG,41,Realizado,Meteorologia,0,0
2023-001093,XYZ231093,2023-07-28,03:00,2023-07-28 03:46,SBGL,SBBR,ROT010,PR-NVH,46,Realizado,Meteorologia,0,0
2023-001094,XYZ231094,2023-07-28,03:00,2023-07-28 03:45,SBGL,SBCF,ROT011,PR-PWL,45,Realizado,Meteorologia,0,0
2023-001095,XYZ231095,2023-07-28,03:00,2023-07-28 03:17,SBGL,SBPA,ROT012,PR-QXA,17,Realizado,Meteorologia,0,0
2023-001096,XYZ231096,2023-07-28,03:00,2023-07-28 03:46,SBGL,SBCT,ROT013,PR-RYB,46,Realizado,Meteorologia,0,0
2023-001097,XYZ231097,2023-07-28,06:00,2023-07-28 06:47,SBGR,SBGL,ROT001,PR-SCD,47,Realizado,Meteorologia,0,0
2023-001098,XYZ231098,2023-07-28,06:00,2023-07-28 06:23,SBGR,SBBR,ROT002,PR-TQJ,23,Desviado,Meteorologia,0,1
2023-001099,XYZ231099,2023-07-28,06:00,2023-07-28 06:36,SBGR,SBCF,ROT003,PR-UKM,36,Desviado,Meteorologia,0,1
2023-001100,XYZ231100,2023-07-28,06:00,2023-07-28 06:18,SBGR,SBPA,ROT004,PR-VPN,18,Realizado,Meteorologia,0,0
2023-001101,XYZ231101,2023-07-28,06:00,2023-07-28 06:17,SBGL,SBBR,ROT010,PR-WAR,17,Realizado,Meteorologia,0,0
2023-001102,XYZ231102,2023-07-28,06:00,2023-07-28 06:40,SBGL,SBCF,ROT011,PR-XBE,40,Realizado,Meteorologia,0,0
2023-001103,XYZ231103,2023-07-28,06:00,2023-07-28 06:21,SBGL,SBPA,ROT012,PR-YCF,21,Realizado,Meteorologia,0,0
2023-001104,XYZ231104,2023-07-28,06:00,2023-07-28 06:22,SBGL,SBCT,ROT013,PR-ZDG,22,Realizado,Meteorologia,0,0
2023-001105,XYZ231105,2023-07-28,09:00,2023-07-28 09:44,SBGR,SBGL,ROT001,PR-ADH,44,Realizado,Meteorologia,0,0
2023-001106,XYZ231106,2023-07-28,09:00,2023-07-28 09:12,SBGR,SBBR,ROT002,PR-BKR,12,Realizado,Meteorologia,0,0
2023-001107,XYZ231107,2023-07-28,09:00,2023-07-28 09:13,SBGR,SBCF,ROT003,PR-CEV,13,Realizado,Meteorologia,0,0
2023-001108,XYZ231108,2023-07-28,09:00,2023-07-28 09:30,SBGR,SBPA,ROT004,PR-DQF,30,Desviado,Meteorologia,0,1
2023-001109,XYZ231109,2023-07-28,09:00,2023-07-28 09:13,SBGL,SBBR,ROT010,PR-EHX,13,Realizado,Meteorologia,0,0
2023-001110,XYZ231110,2023-07-28,09:00,2023-07-28 09:14,SBGL,SBCF,ROT011,PR-FKA,14,Realizado,Meteorologia,0,0
2023-001111,XYZ231111,2023-07-28,09:00,2023-07-28 09:26,SBGL,SBPA,ROT012,PR-GMB,26,Realizado,Meteorologia,0,0
2023-001112,XYZ231112,2023-07-28,09:00,2023-07-28 09:14,SBGL,SBCT,ROT013,PR-HNC,14,Realizado,Meteorologia,0,0
2023-001113,XYZ231113,2023-07-28,12:00,2023-07-28 12:35,SBGR,SBGL,ROT001,PR-JRD,35,Realizado,Meteorologia,0,0
2023-001114,XYZ231114,2023-07-28,12:00,2023-07-28 12:48,SBGR,SBBR,ROT002,PR-KSE,48,Realizado,Meteorologia,0,0
2023-001115,XYZ231115,2023-07-28,12:00,2023-07-28 12:33,SBGR,SBCF,ROT003,PR-LTF,33,Realizado,Meteorologia,0,0
2023-001116,XYZ231116,2023-07-28,12:00,2023-07-28 12:24,SBGR,SBPA,ROT004,PR-MUG,24,Realizado,Meteorologia,0,0
2023-001117,XYZ231117,2023-07-28,12:00,2023-07-28 12:16,SBGL,SBBR,ROT010,PR-NVH,16,Realizado,Meteorologia,0,0
2023-001118,XYZ231118,2023-07-28,12:00,2023-07-28 12:25,SBGL,SBCF,ROT011,PR-PWL,25,Realizado,Meteorologia,0,0
2023-001119,XYZ231119,2023-07-28,12:00,2023-07-28 12:43,SBGL,SBPA,ROT012,PR-QXA,43,Realizado,Meteorologia,0,0
2023-001120,XYZ231120,2023-07-28,12:00,2023-07-28 12:16,SBGL,SBCT,ROT013,PR-RYB,16,Realizado,Meteorologia,0,0
2023-001121,XYZ231121,2023-07-29,00:00,2023-07-29 00:37,SBGR,SBGL,ROT001,PR-SCD,37,Realizado,Meteorologia,0,0
2023-001122,XYZ231122,2023-07-29,00:00,2023-07-29 00:10,SBGR,SBBR,ROT002,PR-TQJ,10,Realizado,Meteorologia,0,0
2023-001123,XYZ231123,2023-07-29,00:00,,SBGR,SBCF,ROT003,PR-UKM,0,Cancelado,Meteorologia,1,0
2023-001124,XYZ231124,2023-07-29,00:00,2023-07-29 00:32,SBGR,SBPA,ROT004,PR-VPN,32,Realizado,Meteorologia,0,0
2023-001125,XYZ231125,2023-07-29,00:00,2023-07-29 00:47,SBGL,SBBR,ROT010,PR-WAR,47,Desviado,Meteorologia,0,1
2023-001126,XYZ231126,2023-07-29,00:00,2023-07-29 00:49,SBGL,SBCF,ROT011,PR-XBE,49,Realizado,Meteorologia,0,0
2023-001127,XYZ231127,2023-07-29,00:00,2023-07-29 00:41,SBGL,SBPA,ROT012,PR-YCF,41,Realizado,Meteorologia,0,0
2023-001128,XYZ231128,2023-07-29,00:00,2023-07-29 00:30,SBGL,SBCT,ROT013,PR-ZDG,30,Realizado,Meteorologia,0,0
2023-001129,XYZ231129,2023-07-29,03:00,2023-07-29 03:18,SBGR,SBGL,ROT001,PR-ADH,18,Realizado,Meteorologia,0,0
2023-001130,XYZ231130,2023-07-29,03:00,2023-07-29 03:37,SBGR,SBBR,ROT002,PR-BKR,37,Realizado,Meteorologia,0,0
2023-001131,XYZ231131,2023-07-29,03:00,2023-07-29 03:46,SBGR,SBCF,ROT003,PR-CEV,46,Realizado,Meteorologia,0,0
2023-001132,XYZ231132,2023-07-29,03:00,2023-07-29 03:41,SBGR,SBPA,ROT004,PR-DQF,41,Realizado,Meteorologia,0,0
2023-001133,XYZ231133,2023-07-29,03:00,2023-07-29 03:34,SBGL,SBBR,ROT010,PR-EHX,34,Realizado,Meteorologia,0,0
2023-001134,XYZ231134,2023-07-29,03:00,2023-07-29 03:41,SBGL,SBCF,ROT011,PR-FKA,41,Realizado,Meteorologia,0,0
2023-001135,XYZ231135,2023-07-29,03:00,2023-07-29 03:46,SBGL,SBPA,ROT012,PR-GMB,46,Realizado,Meteorologia,0,0
2023-001136,XYZ231136,2023-07-29,03:00,2023-07-29 03:37,SBGL,SBCT,ROT013,PR-HNC,37,Realizado,Meteorologia,0,0
2023-001137,XYZ231137,2023-07-29,06:00,2023-07-29 06:27,SBGR,SBGL,ROT001,PR-JRD,27,Realizado,Meteorologia,0,0
2023-001138,XYZ231138,2023-07-29,06:00,2023-07-29 06:17,SBGR,SBBR,ROT002,PR-KSE,17,Realizado,Meteorologia,0,0
2023-001139,XYZ231139,2023-07-29,06:00,2023-07-29 06:46,SBGR,SBCF,ROT003,PR-LTF,46,Realizado,Meteorologia,0,0
2023-001140,XYZ231140,2023-07-29,06:00,2023-07-29 06:38,SBGR,SBPA,ROT004,PR-MUG,38,Realizado,Meteorologia,0,0
2023-001141,XYZ231141,2023-07-29,06:00,2023-07-29 06:20,SBGL,SBBR,ROT010,PR-NVH,20,Realizado,Meteorologia,0,0
2023-001142,XYZ231142,2023-07-29,06:00,2023-07-29 06:24,SBGL,SBCF,ROT011,PR-PWL,24,Realizado,Meteorologia,0,0
2023-001143,XYZ231143,2023-07-29,06:00,2023-07-29 06:27,SBGL,SBPA,ROT012,PR-QXA,27,Realizado,Meteorologia,0,0
2023-001144,XYZ231144,2023-07-29,06:00,2023-07-29 06:16,SBGL,SBCT,ROT013,PR-RYB,16,Realizado,Meteorologia,0,0
2023-001145,XYZ231145,2023-07-29,09:00,2023-07-29 09:40,SBGR,SBGL,ROT001,PR-SCD,40,Realizado,Meteorologia,0,0
2023-001146,XYZ231146,2023-07-29,09:00,2023-07-29 09:43,SBGR,SBBR,ROT002,PR-TQJ,43,Realizado,Meteorologia,0,0
2023-001147,XYZ231147,2023-07-29,09:00,2023-07-29 09:45,SBGR,SBCF,ROT003,PR-UKM,45,Realizado,Meteorologia,0,0
2023-001148,XYZ231148,2023-07-29,09:00,2023-07-29 09:13,SBGR,SBPA,ROT004,PR-VPN,13,Realizado,Meteorologia,0,0
2023-001149,XYZ231149,2023-07-29,09:00,2023-07-29 09:31,SBGL,SBBR,ROT010,PR-WAR,31,Realizado,Meteorologia,0,0
2023-001150,XYZ231150,2023-07-29,09:00,2023-07-29 09:24,SBGL,SBCF,ROT011,PR-XBE,24,Realizado,Meteorologia,0,0
2023-001151,XYZ231151,2023-07-29,09:00,2023-07-29 09:30,SBGL,SBPA,ROT012,PR-YCF,30,Realizado,Meteorologia,0,0
2023-001152,XYZ231152,2023-07-29,09:00,2023-07-29 09:36,SBGL,SBCT,ROT013,PR-ZDG,36,Realizado,Meteorologia,0,0
2023-001153,XYZ231153,2023-07-29,12:00,2023-07-29 12:39,SBGR,SBGL,ROT001,PR-ADH,39,Realizado,Meteorologia,0,0
2023-001154,XYZ231154,2023-07-29,12:00,2023-07-29 12:25,SBGR,SBBR,ROT002,PR-BKR,25,Realizado,Meteorologia,0,0
2023-001155,XYZ231155,2023-07-29,12:00,2023-07-29 12:48,SBGR,SBCF,ROT003,PR-CEV,48,Realizado,Meteorologia,0,0
2023-001156,XYZ231156,2023-07-29,12:00,2023-07-29 12:21,SBGR,SBPA,ROT004,PR-DQF,21,Realizado,Meteorologia,0,0
2023-001157,XYZ231157,2023-07-29,12:00,2023-07-29 12:20,SBGL,SBBR,ROT010,PR-EHX,20,Realizado,Meteorologia,0,0
2023-001158,XYZ231158,2023-07-29,12:00,2023-07-29 12:32,SBGL,SBCF,ROT011,PR-FKA,32,Realizado,Meteorologia,0,0
2023-001159,XYZ231159,2023-07-29,12:00,2023-07-29 12:48,SBGL,SBPA,ROT012,PR-GMB,48,Realizado,Meteorologia,0,0
2023-001160,XYZ231160,2023-07-29,12:00,2023-07-29 12:16,SBGL,SBCT,ROT013,PR-HNC,16,Realizado,Meteorologia,0,0
2023-001161,XYZ231161,2023-07-30,00:00,2023-07-30 00:17,SBGR,SBGL,ROT001,PR-JRD,17,Realizado,Meteorologia,0,0
2023-001162,XYZ231162,2023-07-30,00:00,,SBGR,SBBR,ROT002,PR-KSE,0,Cancelado,Meteorologia,1,0
2023-001163,XYZ231163,2023-07-30,00:00,2023-07-30 00:45,SBGR,SBCF,ROT003,PR-LTF,45,Realizado,Meteorologia,0,0
2023-001164,XYZ231164,2023-07-30,00:00,2023-07-30 00:43,SBGR,SBPA,ROT004,PR-MUG,43,Realizado,Meteorologia,0,0
2023-001165,XYZ231165,2023-07-30,00:00,2023-07-30 00:34,SBGL,SBBR,ROT010,PR-NVH,34,Realizado,Meteorologia,0,0
2023-001166,XYZ231166,2023-07-30,00:00,2023-07-30 00:43,SBGL,SBCF,ROT011,PR-PWL,43,Realizado,Meteorologia,0,0
2023-001167,XYZ231167,2023-07-30,00:00,2023-07-30 00:48,SBGL,SBPA,ROT012,PR-QXA,48,Desviado,Meteorologia,0,1
2023-001168,XYZ231168,2023-07-30,00:00,2023-07-30 00:10,SBGL,SBCT,ROT013,PR-RYB,10,Realizado,Meteorologia,0,0
2023-001169,XYZ231169,2023-07-30,03:00,2023-07-30 03:29,SBGR,SBGL,ROT001,PR-SCD,29,Realizado,Meteorologia,0,0
2023-001170,XYZ231170,2023-07-30,03:00,2023-07-30 03:19,SBGR,SBBR,ROT002,PR-TQJ,19,Realizado,Meteorologia,0,0
2023-001171,XYZ231171,2023-07-30,03:00,2023-07-30 03:29,SBGR,SBCF,ROT003,PR-UKM,29,Desviado,Meteorologia,0,1
2023-001172,XYZ231172,2023-07-30,03:00,2023-07-30 03:47,SBGR,SBPA,ROT004,PR-VPN,47,Realizado,Meteorologia,0,0
2023-001173,XYZ231173,2023-07-30,03:00,2023-07-30 03:23,SBGL,SBBR,ROT010,PR-WAR,23,Realizado,Meteorologia,0,0
2023-001174,XYZ231174,2023-07-30,03:00,2023-07-30 03:29,SBGL,SBCF,ROT011,PR-XBE,29,Realizado,Meteorologia,0,0
2023-001175,XYZ231175,2023-07-30,03:00,2023-07-30 03:21,SBGL,SBPA,ROT012,PR-YCF,21,Realizado,Meteorologia,0,0
2023-001176,XYZ231176,2023-07-30,03:00,2023-07-30 03:14,SBGL,SBCT,ROT013,PR-ZDG,14,Realizado,Meteorologia,0,0
2023-001177,XYZ231177,2023-07-30,06:00,2023-07-30 06:22,SBGR,SBGL,ROT001,PR-ADH,22,Realizado,Meteorologia,0,0
2023-001178,XYZ231178,2023-07-30,06:00,2023-07-30 06:46,SBGR,SBBR,ROT002,PR-BKR,46,Realizado,Meteorologia,0,0
2023-001179,XYZ231179,2023-07-30,06:00,2023-07-30 06:20,SBGR,SBCF,ROT003,PR-CEV,20,Realizado,Meteorologia,0,0
2023-001180,XYZ231180,2023-07-30,06:00,2023-07-30 06:17,SBGR,SBPA,ROT004,PR-DQF,17,Realizado,Meteorologia,0,0
2023-001181,XYZ231181,2023-07-30,06:00,2023-07-30 06:40,SBGL,SBBR,ROT010,PR-EHX,40,Realizado,Meteorologia,0,0
2023-001182,XYZ231182,2023-07-30,06:00,2023-07-30 06:13,SBGL,SBCF,ROT011,PR-FKA,13,Realizado,Meteorologia,0,0
2023-001183,XYZ231183,2023-07-30,06:00,2023-07-30 06:38,SBGL,SBPA,ROT012,PR-GMB,38,Realizado,Meteorologia,0,0
2023-001184,XYZ231184,2023-07-30,06:00,2023-07-30 06:33,SBGL,SBCT,ROT013,PR-HNC,33,Realizado,Meteorologia,0,0
2023-001185,XYZ231185,2023-07-30,09:00,2023-07-30 09:21,SBGR,SBGL,ROT001,PR-JRD,21,Realizado,Meteorologia,0,0
2023-001186,XYZ231186,2023-07-30,09:00,2023-07-30 09:29,SBGR,SBBR,ROT002,PR-KSE,29,Realizado,Meteorologia,0,0
2023-001187,XYZ231187,2023-07-30,09:00,2023-07-30 09:20,SBGR,SBCF,ROT003,PR-LTF,20,Realizado,Meteorologia,0,0
2023-001188,XYZ231188,2023-07-30,09:00,2023-07-30 09:14,SBGR,SBPA,ROT004,PR-MUG,14,Realizado,Meteorologia,0,0
2023-001189,XYZ231189,2023-07-30,09:00,2023-07-30 09:40,SBGL,SBBR,ROT010,PR-NVH,40,Realizado,Meteorologia,0,0
2023-001190,XYZ231190,2023-07-30,09:00,2023-07-30 09:48,SBGL,SBCF,ROT011,PR-PWL,48,Realizado,Meteorologia,0,0
2023-001191,XYZ231191,2023-07-30,09:00,2023-07-30 09:34,SBGL,SBPA,ROT012,PR-QXA,34,Realizado,Meteorologia,0,0
2023-001192,XYZ231192,2023-07-30,09:00,2023-07-30 09:43,SBGL,SBCT,ROT013,PR-RYB,43,Realizado,Meteorologia,0,0
2023-001193,XYZ231193,2023-07-30,12:00,2023-07-30 12:11,SBGR,SBGL,ROT001,PR-SCD,11,Realizado,Meteorologia,0,0
2023-001194,XYZ231194,2023-07-30,12:00,2023-07-30 12:43,SBGR,SBBR,ROT002,PR-TQJ,43,Realizado,Meteorologia,0,0
2023-001195,XYZ231195,2023-07-30,12:00,2023-07-30 12:25,SBGR,SBCF,ROT003,PR-UKM,25,Realizado,Meteorologia,0,0
2023-001196,XYZ231196,2023-07-30,12:00,2023-07-30 12:43,SBGR,SBPA,ROT004,PR-VPN,43,Realizado,Meteorologia,0,0
2023-001197,XYZ231197,2023-07-30,12:00,2023-07-30 12:24,SBGL,SBBR,ROT010,PR-WAR,24,Realizado,Meteorologia,0,0
2023-001198,XYZ231198,2023-07-30,12:00,2023-07-30 12:31,SBGL,SBCF,ROT011,PR-XBE,31,Realizado,Meteorologia,0,0
2023-001199,XYZ231199,2023-07-30,12:00,2023-07-30 12:29,SBGL,SBPA,ROT012,PR-YCF,29,Desviado,Meteorologia,0,1
2023-001200,XYZ231200,2023-07-30,12:00,2023-07-30 12:21,SBGL,SBCT,ROT013,PR-ZDG,21,Realizado,Meteorologia,0,0
2023-001201,XYZ231201,2023-07-31,00:00,2023-07-31 00:35,SBGR,SBGL,ROT001,PR-ADH,35,Realizado,Meteorologia,0,0
2023-001202,XYZ231202,2023-07-31,00:00,2023-07-31 00:15,SBGR,SBBR,ROT002,PR-BKR,15,Realizado,Meteorologia,0,0
2023-001203,XYZ231203,2023-07-31,00:00,2023-07-31 00:31,SBGR,SBCF,ROT003,PR-CEV,31,Realizado,Meteorologia,0,0
2023-001204,XYZ231204,2023-07-31,00:00,,SBGR,SBPA,ROT004,PR-DQF,0,Cancelado,Meteorologia,1,0
2023-001205,XYZ231205,2023-07-31,00:00,2023-07-31 00:45,SBGL,SBBR,ROT010,PR-EHX,45,Realizado,Meteorologia,0,0
2023-001206,XYZ231206,2023-07-31,00:00,2023-07-31 00:47,SBGL,SBCF,ROT011,PR-FKA,47,Realizado,Meteorologia,0,0
2023-001207,XYZ231207,2023-07-31,00:00,2023-07-31 00:25,SBGL,SBPA,ROT012,PR-GMB,25,Desviado,Meteorologia,0,1
2023-001208,XYZ231208,2023-07-31,00:00,2023-07-31 00:20,SBGL,SBCT,ROT013,PR-HNC,20,Desviado,Meteorologia,0,1
2023-001209,XYZ231209,2023-07-31,03:00,2023-07-31 03:10,SBGR,SBGL,ROT001,PR-JRD,10,Realizado,Meteorologia,0,0
2023-001210,XYZ231210,2023-07-31,03:00,2023-07-31 03:47,SBGR,SBBR,ROT002,PR-KSE,47,Realizado,Meteorologia,0,0
2023-001211,XYZ231211,2023-07-31,03:00,2023-07-31 03:44,SBGR,SBCF,ROT003,PR-LTF,44,Realizado,Meteorologia,0,0
2023-001212,XYZ231212,2023-07-31,03:00,2023-07-31 03:13,SBGR,SBPA,ROT004,PR-MUG,13,Realizado,Meteorologia,0,0
2023-001213,XYZ231213,2023-07-31,03:00,2023-07-31 03:40,SBGL,SBBR,ROT010,PR-NVH,40,Realizado,Meteorologia,0,0
2023-001214,XYZ231214,2023-07-31,03:00,2023-07-31 03:21,SBGL,SBCF,ROT011,PR-PWL,21,Realizado,Meteorologia,0,0
2023-001215,XYZ231215,2023-07-31,03:00,,SBGL,SBPA,ROT012,PR-QXA,0,Cancelado,Meteorologia,1,0
2023-001216,XYZ231216,2023-07-31,03:00,2023-07-31 03:27,SBGL,SBCT,ROT013,PR-RYB,27,Realizado,Meteorologia,0,0
2023-001217,XYZ231217,2023-07-31,06:00,2023-07-31 06:35,SBGR,SBGL,ROT001,PR-SCD,35,Realizado,Meteorologia,0,0
2023-001218,XYZ231218,2023-07-31,06:00,2023-07-31 06:45,SBGR,SBBR,ROT002,PR-TQJ,45,Realizado,Meteorologia,0,0
2023-001219,XYZ231219,2023-07-31,06:00,2023-07-31 06:32,SBGR,SBCF,ROT003,PR-UKM,32,Realizado,Meteorologia,0,0
2023-001220,XYZ231220,2023-07-31,06:00,2023-07-31 06:14,SBGR,SBPA,ROT004,PR-VPN,14,Realizado,Meteorologia,0,0
2023-001221,XYZ231221,2023-07-31,06:00,2023-07-31 06:27,SBGL,SBBR,ROT010,PR-WAR,27,Realizado,Meteorologia,0,0
2023-001222,XYZ231222,2023-07-31,06:00,2023-07-31 06:45,SBGL,SBCF,ROT011,PR-XBE,45,Realizado,Meteorologia,0,0
2023-001223,XYZ231223,2023-07-31,06:00,,SBGL,SBPA,ROT012,PR-YCF,0,Cancelado,Meteorologia,1,0
2023-001224,XYZ231224,2023-07-31,06:00,2023-07-31 06:41,SBGL,SBCT,ROT013,PR-ZDG,41,Realizado,Meteorologia,0,0
2023-001225,XYZ231225,2023-07-31,09:00,2023-07-31 09:44,SBGR,SBGL,ROT001,PR-ADH,44,Realizado,Meteorologia,0,0
2023-001226,XYZ231226,2023-07-31,09:00,2023-07-31 09:20,SBGR,SBBR,ROT002,PR-BKR,20,Realizado,Meteorologia,0,0
2023-001227,XYZ231227,2023-07-31,09:00,2023-07-31 09:48,SBGR,SBCF,ROT003,PR-CEV,48,Realizado,Meteorologia,0,0
2023-001228,XYZ231228,2023-07-31,09:00,2023-07-31 09:18,SBGR,SBPA,ROT004,PR-DQF,18,Realizado,Meteorologia,0,0
2023-001229,XYZ231229,2023-07-31,09:00,2023-07-31 09:44,SBGL,SBBR,ROT010,PR-EHX,44,Realizado,Meteorologia,0,0
2023-001230,XYZ231230,2023-07-31,09:00,2023-07-31 09:10,SBGL,SBCF,ROT011,PR-FKA,10,Realizado,Meteorologia,0,0
2023-001231,XYZ231231,2023-07-31,09:00,2023-07-31 09:22,SBGL,SBPA,ROT012,PR-GMB,22,Realizado,Meteorologia,0,0
2023-001232,XYZ231232,2023-07-31,09:00,2023-07-31 09:40,SBGL,SBCT,ROT013,PR-HNC,40,Realizado,Meteorologia,0,0
2023-001233,XYZ231233,2023-07-31,12:00,2023-07-31 12:32,SBGR,SBGL,ROT001,PR-JRD,32,Realizado,Meteorologia,0,0
2023-001234,XYZ231234,2023-07-31,12:00,2023-07-31 12:42,SBGR,SBBR,ROT002,PR-KSE,42,Realizado,Meteorologia,0,0
2023-001235,XYZ231235,2023-07-31,12:00,2023-07-31 12:11,SBGR,SBCF,ROT003,PR-LTF,11,Realizado,Meteorologia,0,0
2023-001236,XYZ231236,2023-07-31,12:00,2023-07-31 12:26,SBGR,SBPA,ROT004,PR-MUG,26,Realizado,Meteorologia,0,0
2023-001237,XYZ231237,2023-07-31,12:00,2023-07-31 12:44,SBGL,SBBR,ROT010,PR-NVH,44,Realizado,Meteorologia,0,0
2023-001238,XYZ231238,2023-07-31,12:00,2023-07-31 12:11,SBGL,SBCF,ROT011,PR-PWL,11,Realizado,Meteorologia,0,0
2023-001239,XYZ231239,2023-07-31,12:00,2023-07-31 12:20,SBGL,SBPA,ROT012,PR-QXA,20,Realizado,Meteorologia,0,0
2023-001240,XYZ231240,2023-07-31,12:00,2023-07-31 12:40,SBGL,SBCT,ROT013,PR-RYB,40,Realizado,Meteorologia,0,0