id_voo,codigo_voo,data,horario_previsto,horario_realizado,aeroporto_origem,aeroporto_destino,id_rota,matricula_aeronave,atraso_minutos,status,motivo_atraso,cancelado,desviado
2025-002481,XYZ252481,2025-07-01,00:00,2025-07-01 00:21,SBGR,SBGL,ROT001,PR-JRD,21,Realizado,Meteorologia,0,0
2025-002482,XYZ252482,2025-07-01,00:00,2025-07-01 00:25,SBGR,SBBR,ROT002,PR-KSE,25,Realizado,Meteorologia,0,0
2025-002483,XYZ252483,2025-07-01,00:00,,SBGR,SBCF,ROT003,PR-LTF,0,Cancelado,Meteorologia,1,0
2025-002484,XYZ252484,2025-07-01,00:00,2025-07-01 00:45,SBGR,SBPA,ROT004,PR-MUG,45,Realizado,Meteorologia,0,0
2025-002485,XYZ252485,2025-07-01,00:00,,SBGL,SBBR,ROT010,PR-NVH,0,Cancelado,Meteorologia,1,0
2025-002486,XYZ252486,2025-07-01,00:00,2025-07-01 00:46,SBGL,SBCF,ROT011,PR-PWL,46,Realizado,Meteorologia,0,0
2025-002487,XYZ252487,2025-07-01,00:00,2025-07-01 00:36,SBGL,SBPA,ROT012,PR-QXA,36,Realizado,Meteorologia,0,0
2025-002488,XYZ252488,2025-07-01,00:00,2025-07-01 00:32,SBGL,SBCT,ROT013,PR-RYB,32,Realizado,Meteorologia,0,0
2025-002489,XYZ252489,2025-07-01,03:00,2025-07-01 03:43,SBGR,SBGL,ROT001,PR-SCD,43,Desviado,Meteorologia,0,1
2025-002490,XYZ252490,2025-07-01,03:00,2025-07-01 03:32,SBGR,SBBR,ROT002,PR-TQJ,32,Realizado,Meteorologia,0,0
2025-002491,XYZ252491,2025-07-01,03:00,2025-07-01 03:38,SBGR,SBCF,ROT003,PR-UKM,38,Realizado,Meteorologia,0,0
2025-002492,XYZ252492,2025-07-01,03:00,2025-07-01 03:40,SBGR,SBPA,ROT004,PR-VPN,40,Realizado,Meteorologia,0,0
2025-002493,XYZ252493,2025-07-01,03:00,2025-07-01 03:28,SBGL,SBBR,ROT010,PR-WAR,28,Desviado,Meteorologia,0,1
2025-002494,XYZ252494,2025-07-01,03:00,2025-07-01 03:12,SBGL,SBCF,ROT011,PR-XBE,12,Realizado,Meteorologia,0,0
2025-002495,XYZ252495,2025-07-01,03:00,2025-07-01 03:43,SBGL,SBPA,ROT012,PR-YCF,43,Realizado,Meteorologia,0,0
2025-002496,XYZ252496,2025-07-01,03:00,,SBGL,SBCT,ROT013,PR-ZDG,0,Cancelado,Meteorologia,1,0
2025-002497,XYZ252497,2025-07-01,06:00,2025-07-01 06:56,SBGR,SBGL,ROT001,PR-ADH,56,Desviado,Meteorologia,0,1
2025-002498,XYZ252498,2025-07-01,06:00,2025-07-01 06:24,SBGR,SBBR,ROT002,PR-BKR,24,Realizado,Meteorologia,0,0
2025-002499,XYZ252499,2025-07-01,06:00,2025-07-01 06:21,SBGR,SBCF,ROT003,PR-CEV,21,Realizado,Meteorologia,0,0
2025-002500,XYZ252500,2025-07-01,06:00,2025-07-01 06:37,SBGR,SBPA,ROT004,PR-DQF,37,Realizado,Meteorologia,0,0
2025-002501,XYZ252501,2025-07-01,06:00,2025-07-01 06:20,SBGL,SBBR,ROT010,PR-EHX,20,Realizado,Meteorologia,0,0
2025-002502,XYZ252502,2025-07-01,06:00,2025-07-01 06:32,SBGL,SBCF,ROT011,PR-FKA,32,Realizado,Meteorologia,0,0
2025-002503,XYZ252503,2025-07-01,06:00,2025-07-01 06:20,SBGL,SBPA,ROT012,PR-GMB,20,Realizado,Meteorologia,0,0
2025-002504,XYZ252504,2025-07-01,06:00,2025-07-01 06:24,SBGL,SBCT,ROT013,PR-HNC,24,Realizado,Meteorologia,0,0
2025-002505,XYZ252505,2025-07-01,09:00,2025-07-01 09:32,SBGR,SBGL,ROT001,PR-JRD,32,Realizado,Meteorologia,0,0
2025-002506,XYZ252506,2025-07-01,09:00,,SBGR,SBBR,ROT002,PR-KSE,0,Cancelado,Meteorologia,1,0
2025-002507,XYZ252507,2025-07-01,09:00,2025-07-01 09:38,SBGR,SBCF,ROT003,PR-LTF,38,Realizado,Meteorologia,0,0
2025-002508,XYZ252508,2025-07-01,09:00,2025-07-01 09:48,SBGR,SBPA,ROT004,PR-MUG,48,Desviado,Meteorologia,0,1
2025-002509,XYZ252509,2025-07-01,09:00,2025-07-01 09:47,SBGL,SBBR,ROT010,PR-NVH,47,Realizado,Meteorologia,0,0
2025-002510,XYZ252510,2025-07-01,09:00,2025-07-01 09:11,SBGL,SBCF,ROT011,PR-PWL,11,Realizado,Meteorologia,0,0
2025-002511,XYZ252511,2025-07-01,09:00,2025-07-01 09:22,SBGL,SBPA,ROT012,PR-QXA,22,Realizado,Meteorologia,0,0
2025-002512,XYZ252512,2025-07-01,09:00,2025-07-01 09:37,SBGL,SBCT,ROT013,PR-RYB,37,Realizado,Meteorologia,0,0
2025-002513,XYZ252513,2025-07-01,12:00,2025-07-01 12:17,SBGR,SBGL,ROT001,PR-SCD,17,Realizado,Meteorologia,0,0
2025-002514,XYZ252514,2025-07-01,12:00,2025-07-01 12:14,SBGR,SBBR,ROT002,PR-TQJ,14,Realizado,Meteorologia,0,0
2025-002515,XYZ252515,2025-07-01,12:00,2025-07-01 12:16,SBGR,SBCF,ROT003,PR-UKM,16,Realizado,Meteorologia,0,0
2025-002516,XYZ252516,2025-07-01,12:00,2025-07-01 12:37,SBGR,SBPA,ROT004,PR-VPN,37,Realizado,Meteorologia,0,0
2025-002517,XYZ252517,2025-07-01,12:00,2025-07-01 12:20,SBGL,SBBR,ROT010,PR-WAR,20,Realizado,Meteorologia,0,0
2025-002518,XYZ252518,2025-07-01,12:00,2025-07-01 12:41,SBGL,SBCF,ROT011,PR-XBE,41,Realizado,Meteorologia,0,0
2025-002519,XYZ252519,2025-07-01,12:00,2025-07-01 12:12,SBGL,SBPA,ROT012,PR-YCF,12,Realizado,Meteorologia,0,0
2025-002520,XYZ252520,2025-07-01,12:00,2025-07-01 12:48,SBGL,SBCT,ROT013,PR-ZDG,48,Realizado,Meteorologia,0,0
2025-002521,XYZ252521,2025-07-02,00:00,2025-07-02 00:42,SBGR,SBGL,ROT001,PR-ADH,42,Realizado,Meteorologia,0,0
2025-002522,XYZ252522,2025-07-02,00:00,2025-07-02 00:27,SBGR,SBBR,ROT002,PR-BKR,27,Realizado,Meteorologia,0,0
2025-002523,XYZ252523,2025-07-02,00:00,2025-07-02 00:11,SBGR,SBCF,ROT003,PR-CEV,11,Realizado,Meteorologia,0,0
2025-002524,XYZ252524,2025-07-02,00:00,2025-07-02 00:28,SBGR,SBPA,ROT004,PR-DQF,28,Realizado,Meteorologia,0,0
2025-002525,XYZ252525,2025-07-02,00:00,2025-07-02 00:34,SBGL,SBBR,ROT010,PR-EHX,34,Realizado,Meteorologia,0,0
2025-002526,XYZ252526,2025-07-02,00:00,2025-07-02 00:20,SBGL,SBCF,ROT011,PR-FKA,20,Realizado,Meteorologia,0,0
2025-002527,XYZ252527,2025-07-02,00:00,2025-07-02 00:17,SBGL,SBPA,ROT012,PR-GMB,17,Realizado,Meteorologia,0,0
2025-002528,XYZ252528,2025-07-02,00:00,2025-07-02 00:45,SBGL,SBCT,ROT013,PR-HNC,45,Realizado,Meteorologia,0,0
2025-002529,XYZ252529,2025-07-02,03:00,2025-07-02 03:18,SBGR,SBGL,ROT001,PR-JRD,18,Realizado,Meteorologia,0,0
2025-002530,XYZ252530,2025-07-02,03:00,2025-07-02 03:38,SBGR,SBBR,ROT002,PR-KSE,38,Desviado,Meteorologia,0,1
2025-002531,XYZ252531,2025-07-02,03:00,2025-07-02 03:33,SBGR,SBCF,ROT003,PR-LTF,33,Realizado,Meteorologia,0,0
2025-002532,XYZ252532,2025-07-02,03:00,2025-07-02 03:34,SBGR,SBPA,ROT004,PR-MUG,34,Realizado,Meteorologia,0,0
2025-002533,XYZ252533,2025-07-02,03:00,2025-07-02 03:27,SBGL,SBBR,ROT010,PR-NVH,27,Realizado,Meteorologia,0,0
2025-002534,XYZ252534,2025-07-02,03:00,2025-07-02 03:24,SBGL,SBCF,ROT011,PR-PWL,24,Realizado,Meteorologia,0,0
2025-002535,XYZ252535,2025-07-02,03:00,2025-07-02 03:13,SBGL,SBPA,ROT012,PR-QXA,13,Realizado,Meteorologia,0,0
2025-002536,XYZ252536,2025-07-02,03:00,2025-07-02 03:49,SBGL,SBCT,ROT013,PR-RYB,49,Realizado,Meteorologia,0,0
2025-002537,XYZ252537,2025-07-02,06:00,2025-07-02 06:42,SBGR,SBGL,ROT001,PR-SCD,42,Realizado,Meteorologia,0,0
2025-002538,XYZ252538,2025-07-02,06:00,2025-07-02 06:18,SBGR,SBBR,ROT002,PR-TQJ,18,Realizado,Meteorologia,0,0
2025-002539,XYZ252539,2025-07-02,06:00,2025-07-02 06:35,SBGR,SBCF,ROT003,PR-UKM,35,Realizado,Meteorologia,0,0
2025-002540,XYZ252540,2025-07-02,06:00,2025-07-02 06:47,SBGR,SBPA,ROT004,PR-VPN,47,Realizado,Meteorologia,0,0
2025-002541,XYZ252541,2025-07-02,06:00,2025-07-02 06:49,SBGL,SBBR,ROT010,PR-WAR,49,Realizado,Meteorologia,0,0
2025-002542,XYZ252542,2025-07-02,06:00,2025-07-02 06:14,SBGL,SBCF,ROT011,PR-XBE,14,Realizado,Meteorologia,0,0
2025-002543,XYZ252543,2025-07-02,06:00,2025-07-02 06:46,SBGL,SBPA,ROT012,PR-YCF,46,Desviado,Meteorologia,0,1
2025-002544,XYZ252544,2025-07-02,06:00,2025-07-02 06:19,SBGL,SBCT,ROT013,PR-ZDG,19,Realizado,Meteorologia,0,0
2025-002545,XYZ252545,2025-07-02,09:00,2025-07-02 09:20,SBGR,SBGL,ROT001,PR-ADH,20,Realizado,Meteorologia,0,0
2025-002546,XYZ252546,2025-07-02,09:00,2025-07-02 09:10,SBGR,SBBR,ROT002,PR-BKR,10,Realizado,Meteorologia,0,0
2025-002547,XYZ252547,2025-07-02,09:00,2025-07-02 09:12,SBGR,SBCF,ROT003,PR-CEV,12,Realizado,Meteorologia,0,0
2025-002548,XYZ252548,2025-07-02,09:00,2025-07-02 09:35,SBGR,SBPA,ROT004,PR-DQF,35,Desviado,Meteorologia,0,1
2025-002549,XYZ252549,2025-07-02,09:00,2025-07-02 09:49,SBGL,SBBR,ROT010,PR-EHX,49,Realizado,Meteorologia,0,0
2025-002550,XYZ252550,2025-07-02,09:00,2025-07-02 09:48,SBGL,SBCF,ROT011,PR-FKA,48,Realizado,Meteorologia,0,0
2025-002551,XYZ252551,2025-07-02,09:00,2025-07-02 09:26,SBGL,SBPA,ROT012,PR-GMB,26,Realizado,Meteorologia,0,0
2025-002552,XYZ252552,2025-07-02,09:00,2025-07-02 09:25,SBGL,SBCT,ROT013,PR-HNC,25,Realizado,Meteorologia,0,0
2025-002553,XYZ252553,2025-07-02,12:00,2025-07-02 12:39,SBGR,SBGL,ROT001,PR-JRD,39,Realizado,Meteorologia,0,0
2025-002554,XYZ252554,2025-07-02,12:00,2025-07-02 12:44,SBGR,SBBR,ROT002,PR-KSE,44,Realizado,Meteorologia,0,0
2025-002555,XYZ252555,2025-07-02,12:00,2025-07-02 12:26,SBGR,SBCF,ROT003,PR-LTF,26,Realizado,Meteorologia,0,0
2025-002556,XYZ252556,2025-07-02,12:00,2025-07-02 12:23,SBGR,SBPA,ROT004,PR-MUG,23,Desviado,Meteorologia,0,1
2025-002557,XYZ252557,2025-07-02,12:00,2025-07-02 12:23,SBGL,SBBR,ROT010,PR-NVH,23,Realizado,Meteorologia,0,0
2025-002558,XYZ252558,2025-07-02,12:00,2025-07-02 12:43,SBGL,SBCF,ROT011,PR-PWL,43,Desviado,Meteorologia,0,1
2025-002559,XYZ252559,2025-07-02,12:00,2025-07-02 12:28,SBGL,SBPA,ROT012,PR-QXA,28,Realizado,Meteorologia,0,0
2025-002560,XYZ252560,2025-07-02,12:00,2025-07-02 12:27,SBGL,SBCT,ROT013,PR-RYB,27,Realizado,Meteorologia,0,0
2025-002561,XYZ252561,2025-07-03,00:00,2025-07-03 00:47,SBGR,SBGL,ROT001,PR-SCD,47,Realizado,Meteorologia,0,0
2025-002562,XYZ252562,2025-07-03,00:00,2025-07-03 00:44,SBGR,SBBR,ROT002,PR-TQJ,44,Realizado,Meteorologia,0,0
2025-002563,XYZ252563,2025-07-03,00:00,2025-07-03 00:44,SBGR,SBCF,ROT003,PR-UKM,44,Desviado,Meteorologia,0,1
2025-002564,XYZ252564,2025-07-03,00:00,2025-07-03 00:15,SBGR,SBPA,ROT004,PR-VPN,15,Realizado,Meteorologia,0,0
2025-002565,XYZ252565,2025-07-03,00:00,2025-07-03 00:43,SBGL,SBBR,ROT010,PR-WAR,43,Realizado,Meteorologia,0,0
2025-002566,XYZ252566,2025-07-03,00:00,,SBGL,SBCF,ROT011,PR-XBE,0,Cancelado,Meteorologia,1,0
2025-002567,XYZ252567,2025-07-03,00:00,2025-07-03 00:46,SBGL,SBPA,ROT012,PR-YCF,46,Realizado,Meteorologia,0,0
2025-002568,XYZ252568,2025-07-03,00:00,2025-07-03 00:29,SBGL,SBCT,ROT013,PR-ZDG,29,Realizado,Meteorologia,0,0
2025-002569,XYZ252569,2025-07-03,03:00,2025-07-03 03:37,SBGR,SBGL,ROT001,PR-ADH,37,Realizado,Meteorologia,0,0
2025-002570,XYZ252570,2025-07-03,03:00,2025-07-03 03:18,SBGR,SBBR,ROT002,PR-BKR,18,Realizado,Meteorologia,0,0
2025-002571,XYZ252571,2025-07-03,03:00,2025-07-03 03:26,SBGR,SBCF,ROT003,PR-CEV,26,Realizado,Meteorologia,0,0
2025-002572,XYZ252572,2025-07-03,03:00,2025-07-03 03:34,SBGR,SBPA,ROT004,PR-DQF,34,Realizado,Meteorologia,0,0
2025-002573,XYZ252573,2025-07-03,03:00,2025-07-03 03:35,SBGL,SBBR,ROT010,PR-EHX,35,Realizado,Meteorologia,0,0
2025-002574,XYZ252574,2025-07-03,03:00,2025-07-03 03:27,SBGL,SBCF,ROT011,PR-FKA,27,Realizado,Meteorologia,0,0
2025-002575,XYZ252575,2025-07-03,03:00,2025-07-03 03:37,SBGL,SBPA,ROT012,PR-GMB,37,Realizado,Meteorologia,0,0
2025-002576,XYZ252576,2025-07-03,03:00,2025-07-03 03:32,SBGL,SBCT,ROT013,PR-HNC,32,Realizado,Meteorologia,0,0
2025-002577,XYZ252577,2025-07-03,06:00,2025-07-03 06:47,SBGR,SBGL,ROT001,PR-JRD,47,Realizado,Meteorologia,0,0
2025-002578,XYZ252578,2025-07-03,06:00,2025-07-03 06:38,SBGR,SBBR,ROT002,PR-KSE,38,Realizado,Meteorologia,0,0
2025-002579,XYZ252579,2025-07-03,06:00,2025-07-03 06:15,SBGR,SBCF,ROT003,PR-LTF,15,Realizado,Meteorologia,0,0
2025-002580,XYZ252580,2025-07-03,06:00,2025-07-03 06:22,SBGR,SBPA,ROT004,PR-MUG,22,Realizado,Meteorologia,0,0
2025-002581,XYZ252581,2025-07-03,06:00,,SBGL,SBBR,ROT010,PR-NVH,0,Cancelado,Meteorologia,1,0
2025-002582,XYZ252582,2025-07-03,06:00,2025-07-03 06:22,SBGL,SBCF,ROT011,PR-PWL,22,Realizado,Meteorologia,0,0
2025-002583,XYZ252583,2025-07-03,06:00,2025-07-03 06:45,SBGL,SBPA,ROT012,PR-QXA,45,Realizado,Meteorologia,0,0
2025-002584,XYZ252584,2025-07-03,06:00,2025-07-03 06:46,SBGL,SBCT,ROT013,PR-RYB,46,Realizado,Meteorologia,0,0
2025-002585,XYZ252585,2025-07-03,09:00,,SBGR,SBGL,ROT001,PR-SCD,0,Cancelado,Meteorologia,1,0
2025-002586,XYZ252586,2025-07-03,09:00,,SBGR,SBBR,ROT002,PR-TQJ,0,Cancelado,Meteorologia,1,0
2025-002587,XYZ252587,2025-07-03,09:00,2025-07-03 09:20,SBGR,SBCF,ROT003,PR-UKM,20,Desviado,Meteorologia,0,1
2025-002588,XYZ252588,2025-07-03,09:00,2025-07-03 09:28,SBGR,SBPA,ROT004,PR-VPN,28,Realizado,Meteorologia,0,0
2025-002589,XYZ252589,2025-07-03,09:00,2025-07-03 09:36,SBGL,SBBR,ROT010,PR-WAR,36,Realizado,Meteorologia,0,0
2025-002590,XYZ252590,2025-07-03,09:00,,SBGL,SBCF,ROT011,PR-XBE,0,Cancelado,Meteorologia,1,0
2025-002591,XYZ252591,2025-07-03,09:00,2025-07-03 09:33,SBGL,SBPA,ROT012,PR-YCF,33,Realizado,Meteorologia,0,0
2025-002592,XYZ252592,2025-07-03,09:00,2025-07-03 09:35,SBGL,SBCT,ROT013,PR-ZDG,35,Realizado,Meteorologia,0,0
2025-002593,XYZ252593,2025-07-03,12:00,2025-07-03 12:21,SBGR,SBGL,ROT001,PR-ADH,21,Realizado,Meteorologia,0,0
2025-002594,XYZ252594,2025-07-03,12:00,2025-07-03 12:25,SBGR,SBBR,ROT002,PR-BKR,25,Realizado,Meteorologia,0,0
2025-002595,XYZ252595,2025-07-03,12:00,2025-07-03 12:49,SBGR,SBCF,ROT003,PR-CEV,49,Realizado,Meteorologia,0,0
2025-002596,XYZ252596,2025-07-03,12:00,2025-07-03 12:19,SBGR,SBPA,ROT004,PR-DQF,19,Realizado,Meteorologia,0,0
2025-002597,XYZ252597,2025-07-03,12:00,2025-07-03 12:28,SBGL,SBBR,ROT010,PR-EHX,28,Realizado,Meteorologia,0,0
2025-002598,XYZ252598,2025-07-03,12:00,2025-07-03 12:43,SBGL,SBCF,ROT011,PR-FKA,43,Realizado,Meteorologia,0,0
2025-002599,XYZ252599,2025-07-03,12:00,2025-07-03 12:22,SBGL,SBPA,ROT012,PR-GMB,22,Realizado,Meteorologia,0,0
2025-002600,XYZ252600,2025-07-03,12:00,2025-07-03 12:13,SBGL,SBCT,ROT013,PR-HNC,13,Realizado,Meteorologia,0,0
2025-002601,XYZ252601,2025-07-04,00:00,2025-07-04 00:22,SBGR,SBGL,ROT001,PR-JRD,22,Realizado,Meteorologia,0,0
2025-002602,XYZ252602,2025-07-04,00:00,2025-07-04 00:42,SBGR,SBBR,ROT002,PR-KSE,42,Realizado,Meteorologia,0,0
2025-002603,XYZ252603,2025-07-04,00:00,2025-07-04 00:51,SBGR,SBCF,ROT003,PR-LTF,51,Desviado,Meteorologia,0,1
2025-002604,XYZ252604,2025-07-04,00:00,2025-07-04 00:13,SBGR,SBPA,ROT004,PR-MUG,13,Realizado,Meteorologia,0,0
2025-002605,XYZ252605,2025-07-04,00:00,2025-07-04 00:26,SBGL,SBBR,ROT010,PR-NVH,26,Realizado,Meteorologia,0,0
2025-002606,XYZ252606,2025-07-04,00:00,2025-07-04 00:10,SBGL,SBCF,ROT011,PR-PWL,10,Realizado,Meteorologia,0,0
2025-002607,XYZ252607,2025-07-04,00:00,,SBGL,SBPA,ROT012,PR-QXA,0,Cancelado,Meteorologia,1,0
2025-002608,XYZ252608,2025-07-04,00:00,2025-07-04 00:48,SBGL,SBCT,ROT013,PR-RYB,48,Realizado,Meteorologia,0,0
2025-002609,XYZ252609,2025-07-04,03:00,2025-07-04 03:54,SBGR,SBGL,ROT001,PR-SCD,54,Desviado,Meteorologia,0,1
2025-002610,XYZ252610,2025-07-04,03:00,2025-07-04 03:39,SBGR,SBBR,ROT002,PR-TQJ,39,Realizado,Meteorologia,0,0
2025-002611,XYZ252611,2025-07-04,03:00,2025-07-04 03:48,SBGR,SBCF,ROT003,PR-UKM,48,Realizado,Meteorologia,0,0
2025-002612,XYZ252612,2025-07-04,03:00,2025-07-04 03:20,SBGR,SBPA,ROT004,PR-VPN,20,Realizado,Meteorologia,0,0
2025-002613,XYZ252613,2025-07-04,03:00,2025-07-04 03:25,SBGL,SBBR,ROT010,PR-WAR,25,Realizado,Meteorologia,0,0
2025-002614,XYZ252614,2025-07-04,03:00,2025-07-04 03:18,SBGL,SBCF,ROT011,PR-XBE,18,Realizado,Meteorologia,0,0
2025-002615,XYZ252615,2025-07-04,03:00,2025-07-04 03:48,SBGL,SBPA,ROT012,PR-YCF,48,Realizado,Meteorologia,0,0
2025-002616,XYZ252616,2025-07-04,03:00,2025-07-04 03:34,SBGL,SBCT,ROT013,PR-ZDG,34,Realizado,Meteorologia,0,0
2025-002617,XYZ252617,2025-07-04,06:00,2025-07-04 06:30,SBGR,SBGL,ROT001,PR-ADH,30,Realizado,Meteorologia,0,0
2025-002618,XYZ252618,2025-07-04,06:00,2025-07-04 06:44,SBGR,SBBR,ROT002,PR-BKR,44,Realizado,Meteorologia,0,0
2025-002619,XYZ252619,2025-07-04,06:00,2025-07-04 06:11,SBGR,SBCF,ROT003,PR-CEV,11,Realizado,Meteorologia,0,0
2025-002620,XYZ252620,2025-07-04,06:00,2025-07-04 06:49,SBGR,SBPA,ROT004,PR-DQF,49,Realizado,Meteorologia,0,0
2025-002621,XYZ252621,2025-07-04,06:00,2025-07-04 06:24,SBGL,SBBR,ROT010,PR-EHX,24,Realizado,Meteorologia,0,0
2025-002622,XYZ252622,2025-07-04,06:00,2025-07-04 06:31,SBGL,SBCF,ROT011,PR-FKA,31,Desviado,Meteorologia,0,1
2025-002623,XYZ252623,2025-07-04,06:00,2025-07-04 06:27,SBGL,SBPA,ROT012,PR-GMB,27,Realizado,Meteorologia,0,0
2025-002624,XYZ252624,2025-07-04,06:00,2025-07-04 06:32,SBGL,SBCT,ROT013,PR-HNC,32,Realizado,Meteorologia,0,0
2025-002625,XYZ252625,2025-07-04,09:00,2025-07-04 09:11,SBGR,SBGL,ROT001,PR-JRD,11,Realizado,Meteorologia,0,0
2025-002626,XYZ252626,2025-07-04,09:00,2025-07-04 09:31,SBGR,SBBR,ROT002,PR-KSE,31,Desviado,Meteorologia,0,1
2025-002627,XYZ252627,2025-07-04,09:00,2025-07-04 09:26,SBGR,SBCF,ROT003,PR-LTF,26,Realizado,Meteorologia,0,0
2025-002628,XYZ252628,2025-07-04,09:00,2025-07-04 09:12,SBGR,SBPA,ROT004,PR-MUG,12,Realizado,Meteorologia,0,0
2025-002629,XYZ252629,2025-07-04,09:00,2025-07-04 09:26,SBGL,SBBR,ROT010,PR-NVH,26,Realizado,Meteorologia,0,0
2025-002630,XYZ252630,2025-07-04,09:00,2025-07-04 09:13,SBGL,SBCF,ROT011,PR-PWL,13,Realizado,Meteorologia,0,0
2025-002631,XYZ252631,2025-07-04,09:00,2025-07-04 09:47,SBGL,SBPA,ROT012,PR-QXA,47,Realizado,Meteorologia,0,0
2025-002632,XYZ252632,2025-07-04,09:00,2025-07-04 09:27,SBGL,SBCT,ROT013,PR-RYB,27,Realizado,Meteorologia,0,0
2025-002633,XYZ252633,2025-07-04,12:00,2025-07-04 12:46,SBGR,SBGL,ROT001,PR-SCD,46,Realizado,Meteorologia,0,0
2025-002634,XYZ252634,2025-07-04,12:00,2025-07-04 12:45,SBGR,SBBR,ROT002,PR-TQJ,45,Realizado,Meteorologia,0,0
2025-002635,XYZ252635,2025-07-04,12:00,2025-07-04 12:47,SBGR,SBCF,ROT003,PR-UKM,47,Realizado,Meteorologia,0,0
2025-002636,XYZ252636,2025-07-04,12:00,2025-07-04 12:43,SBGR,SBPA,ROT004,PR-VPN,43,Realizado,Meteorologia,0,0
2025-002637,XYZ252637,2025-07-04,12:00,2025-07-04 12:21,SBGL,SBBR,ROT010,PR-WAR,21,Desviado,Meteorologia,0,1
2025-002638,XYZ252638,2025-07-04,12:00,2025-07-04 12:14,SBGL,SBCF,ROT011,PR-XBE,14,Realizado,Meteorologia,0,0
2025-002639,XYZ252639,2025-07-04,12:00,2025-07-04 12:14,SBGL,SBPA,ROT012,PR-YCF,14,Realizado,Meteorologia,0,0
2025-002640,XYZ252640,2025-07-04,12:00,2025-07-04 12:27,SBGL,SBCT,ROT013,PR-ZDG,27,Realizado,Meteorologia,0,0
2025-002641,XYZ252641,2025-07-05,00:00,2025-07-05 00:27,SBGR,SBGL,ROT001,PR-ADH,27,Realizado,Meteorologia,0,0
2025-002642,XYZ252642,2025-07-05,00:00,2025-07-05 00:18,SBGR,SBBR,ROT002,PR-BKR,18,Realizado,Meteorologia,0,0
2025-002643,XYZ252643,2025-07-05,00:00,2025-07-05 00:25,SBGR,SBCF,ROT003,PR-CEV,25,Realizado,Meteorologia,0,0
2025-002644,XYZ252644,2025-07-05,00:00,2025-07-05 00:40,SBGR,SBPA,ROT004,PR-DQF,40,Realizado,Meteorologia,0,0
2025-002645,XYZ252645,2025-07-05,00:00,,SBGL,SBBR,ROT010,PR-EHX,0,Cancelado,Meteorologia,1,0
2025-002646,XYZ252646,2025-07-05,00:00,2025-07-05 00:47,SBGL,SBCF,ROT011,PR-FKA,47,Realizado,Meteorologia,0,0
2025-002647,XYZ252647,2025-07-05,00:00,2025-07-05 00:44,SBGL,SBPA,ROT012,PR-GMB,44,Realizado,Meteorologia,0,0
2025-002648,XYZ252648,2025-07-05,00:00,2025-07-05 00:34,SBGL,SBCT,ROT013,PR-HNC,34,Realizado,Meteorologia,0,0
2025-002649,XYZ252649,2025-07-05,03:00,2025-07-05 03:17,SBGR,SBGL,ROT001,PR-JRD,17,Realizado,Meteorologia,0,0
2025-002650,XYZ252650,2025-07-05,03:00,2025-07-05 03:29,SBGR,SBBR,ROT002,PR-KSE,29,Realizado,Meteorologia,0,0
2025-002651,XYZ252651,2025-07-05,03:00,2025-07-05 03:43,SBGR,SBCF,ROT003,PR-LTF,43,Realizado,Meteorologia,0,0
2025-002652,XYZ252652,2025-07-05,03:00,2025-07-05 03:39,SBGR,SBPA,ROT004,PR-MUG,39,Realizado,Meteorologia,0,0
2025-002653,XYZ252653,2025-07-05,03:00,2025-07-05 03:21,SBGL,SBBR,ROT010,PR-NVH,21,Realizado,Meteorologia,0,0
2025-002654,XYZ252654,2025-07-05,03:00,2025-07-05 03:25,SBGL,SBCF,ROT011,PR-PWL,25,Realizado,Meteorologia,0,0
2025-002655,XYZ252655,2025-07-05,03:00,2025-07-05 03:39,SBGL,SBPA,ROT012,PR-QXA,39,Realizado,Meteorologia,0,0
2025-002656,XYZ252656,2025-07-05,03:00,2025-07-05 03:40,SBGL,SBCT,ROT013,PR-RYB,40,Realizado,Meteorologia,0,0
2025-002657,XYZ252657,2025-07-05,06:00,2025-07-05 06:47,SBGR,SBGL,ROT001,PR-SCD,47,Realizado,Meteorologia,0,0
2025-002658,XYZ252658,2025-07-05,06:00,2025-07-05 06:44,SBGR,SBBR,ROT002,PR-TQJ,44,Realizado,Meteorologia,0,0
2025-002659,XYZ252659,2025-07-05,06:00,2025-07-05 06:41,SBGR,SBCF,ROT003,PR-UKM,41,Realizado,Meteorologia,0,0
2025-002660,XYZ252660,2025-07-05,06:00,2025-07-05 06:44,SBGR,SBPA,ROT004,PR-VPN,44,Realizado,Meteorologia,0,0
2025-002661,XYZ252661,2025-07-05,06:00,2025-07-05 06:47,SBGL,SBBR,ROT010,PR-WAR,47,Realizado,Meteorologia,0,0
2025-002662,XYZ252662,2025-07-05,06:00,2025-07-05 06:10,SBGL,SBCF,ROT011,PR-XBE,10,Realizado,Meteorologia,0,0
2025-002663,XYZ252663,2025-07-05,06:00,2025-07-05 06:44,SBGL,SBPA,ROT012,PR-YCF,44,Desviado,Meteorologia,0,1
2025-002664,XYZ252664,2025-07-05,06:00,,SBGL,SBCT,ROT013,PR-ZDG,0,Cancelado,Meteorologia,1,0
2025-002665,XYZ252665,2025-07-05,09:00,2025-07-05 09:24,SBGR,SBGL,ROT001,PR-ADH,24,Realizado,Meteorologia,0,0
2025-002666,XYZ252666,2025-07-05,09:00,2025-07-05 09:38,SBGR,SBBR,ROT002,PR-BKR,38,Realizado,Meteorologia,0,0
2025-002667,XYZ252667,2025-07-05,09:00,2025-07-05 09:12,SBGR,SBCF,ROT003,PR-CEV,12,Realizado,Meteorologia,0,0
2025-002668,XYZ252668,2025-07-05,09:00,2025-07-05 09:47,SBGR,SBPA,ROT004,PR-DQF,47,Realizado,Meteorologia,0,0
2025-002669,XYZ252669,2025-07-05,09:00,2025-07-05 09:33,SBGL,SBBR,ROT010,PR-EHX,33,Realizado,Meteorologia,0,0
2025-002670,XYZ252670,2025-07-05,09:00,2025-07-05 09:17,SBGL,SBCF,ROT011,PR-FKA,17,Realizado,Meteorologia,0,0
2025-002671,XYZ252671,2025-07-05,09:00,2025-07-05 09:52,SBGL,SBPA,ROT012,PR-GMB,52,Desviado,Meteorologia,0,1
2025-002672,XYZ252672,2025-07-05,09:00,2025-07-05 09:39,SBGL,SBCT,ROT013,PR-HNC,39,Realizado,Meteorologia,0,0
2025-002673,XYZ252673,2025-07-05,12:00,2025-07-05 12:41,SBGR,SBGL,ROT001,PR-JRD,41,Realizado,Meteorologia,0,0
2025-002674,XYZ252674,2025-07-05,12:00,,SBGR,SBBR,ROT002,PR-KSE,0,Cancelado,Meteorologia,1,0
2025-002675,XYZ252675,2025-07-05,12:00,2025-07-05 12:25,SBGR,SBCF,ROT003,PR-LTF,25,Realizado,Meteorologia,0,0
2025-002676,XYZ252676,2025-07-05,12:00,2025-07-05 12:46,SBGR,SBPA,ROT004,PR-MUG,46,Realizado,Meteorologia,0,0
2025-002677,XYZ252677,2025-07-05,12:00,2025-07-05 12:39,SBGL,SBBR,ROT010,PR-NVH,39,Realizado,Meteorologia,0,0
2025-002678,XYZ252678,2025-07-05,12:00,2025-07-05 12:22,SBGL,SBCF,ROT011,PR-PWL,22,Realizado,Meteorologia,0,0
2025-002679,XYZ252679,2025-07-05,12:00,2025-07-05 12:42,SBGL,SBPA,ROT012,PR-QXA,42,Realizado,Meteorologia,0,0
2025-002680,XYZ252680,2025-07-05,12:00,2025-07-05 12:43,SBGL,SBCT,ROT013,PR-RYB,43,Realizado,Meteorologia,0,0
2025-002681,XYZ252681,2025-07-06,00:00,2025-07-06 00:30,SBGR,SBGL,ROT001,PR-SCD,30,Realizado,Meteorologia,0,0
2025-002682,XYZ252682,2025-07-06,00:00,2025-07-06 00:20,SBGR,SBBR,ROT002,PR-TQJ,20,Realizado,Meteorologia,0,0
2025-002683,XYZ252683,2025-07-06,00:00,2025-07-06 00:38,SBGR,SBCF,ROT003,PR-UKM,38,Desviado,Meteorologia,0,1
2025-002684,XYZ252684,2025-07-06,00:00,2025-07-06 00:22,SBGR,SBPA,ROT004,PR-VPN,22,Realizado,Meteorologia,0,0
2025-002685,XYZ252685,2025-07-06,00:00,2025-07-06 00:42,SBGL,SBBR,ROT010,PR-WAR,42,Realizado,Meteorologia,0,0
2025-002686,XYZ252686,2025-07-06,00:00,2025-07-06 00:13,SBGL,SBCF,ROT011,PR-XBE,13,Realizado,Meteorologia,0,0
2025-002687,XYZ252687,2025-07-06,00:00,2025-07-06 00:32,SBGL,SBPA,ROT012,PR-YCF,32,Realizado,Meteorologia,0,0
2025-002688,XYZ252688,2025-07-06,00:00,2025-07-06 00:17,SBGL,SBCT,ROT013,PR-ZDG,17,Realizado,Meteorologia,0,0
2025-002689,XYZ252689,2025-07-06,03:00,2025-07-06 03:41,SBGR,SBGL,ROT001,PR-ADH,41,Realizado,Meteorologia,0,0
2025-002690,XYZ252690,2025-07-06,03:00,,SBGR,SBBR,ROT002,PR-BKR,0,Cancelado,Meteorologia,1,0
2025-002691,XYZ252691,2025-07-06,03:00,2025-07-06 03:34,SBGR,SBCF,ROT003,PR-CEV,34,Realizado,Meteorologia,0,0
2025-002692,XYZ252692,2025-07-06,03:00,2025-07-06 03:34,SBGR,SBPA,ROT004,PR-DQF,34,Realizado,Meteorologia,0,0
2025-002693,XYZ252693,2025-07-06,03:00,2025-07-06 03:22,SBGL,SBBR,ROT010,PR-EHX,22,Realizado,Meteorologia,0,0
2025-002694,XYZ252694,2025-07-06,03:00,2025-07-06 03:47,SBGL,SBCF,ROT011,PR-FKA,47,Realizado,Meteorologia,0,0
2025-002695,XYZ252695,2025-07-06,03:00,,SBGL,SBPA,ROT012,PR-GMB,0,Cancelado,Meteorologia,1,0
2025-002696,XYZ252696,2025-07-06,03:00,2025-07-06 03:35,SBGL,SBCT,ROT013,PR-HNC,35,Realizado,Meteorologia,0,0
2025-002697,XYZ252697,2025-07-06,06:00,2025-07-06 06:37,SBGR,SBGL,ROT001,PR-JRD,37,Realizado,Meteorologia,0,0
2025-002698,XYZ252698,2025-07-06,06:00,2025-07-06 06:25,SBGR,SBBR,ROT002,PR-KSE,25,Realizado,Meteorologia,0,0
2025-002699,XYZ252699,2025-07-06,06:00,2025-07-06 06:29,SBGR,SBCF,ROT003,PR-LTF,29,Realizado,Meteorologia,0,0
2025-002700,XYZ252700,2025-07-06,06:00,2025-07-06 06:14,SBGR,SBPA,ROT004,PR-MUG,14,Realizado,Meteorologia,0,0
2025-002701,XYZ252701,2025-07-06,06:00,2025-07-06 06:22,SBGL,SBBR,ROT010,PR-NVH,22,Realizado,Meteorologia,0,0
2025-002702,XYZ252702,2025-07-06,06:00,2025-07-06 06:41,SBGL,SBCF,ROT011,PR-PWL,41,Realizado,Meteorologia,0,0
2025-002703,XYZ252703,2025-07-06,06:00,2025-07-06 06:24,SBGL,SBPA,ROT012,PR-QXA,24,Realizado,Meteorologia,0,0
2025-002704,XYZ252704,2025-07-06,06:00,2025-07-06 06:49,SBGL,SBCT,ROT013,PR-RYB,49,Realizado,Meteorologia,0,0
2025-002705,XYZ252705,2025-07-06,09:00,2025-07-06 09:28,SBGR,SBGL,ROT001,PR-SCD,28,Realizado,Meteorologia,0,0
2025-002706,XYZ252706,2025-07-06,09:00,2025-07-06 09:20,SBGR,SBBR,ROT002,PR-TQJ,20,Desviado,Meteorologia,0,1
2025-002707,XYZ252707,2025-07-06,09:00,2025-07-06 09:44,SBGR,SBCF,ROT003,PR-UKM,44,Realizado,Meteorologia,0,0
2025-002708,XYZ252708,2025-07-06,09:00,2025-07-06 09:46,SBGR,SBPA,ROT004,PR-VPN,46,Realizado,Meteorologia,0,0
2025-002709,XYZ252709,2025-07-06,09:00,2025-07-06 09:12,SBGL,SBBR,ROT010,PR-WAR,12,Realizado,Meteorologia,0,0
2025-002710,XYZ252710,2025-07-06,09:00,2025-07-06 09:34,SBGL,SBCF,ROT011,PR-XBE,34,Desviado,Meteorologia,0,1
2025-002711,XYZ252711,2025-07-06,09:00,2025-07-06 09:20,SBGL,SBPA,ROT012,PR-YCF,20,Realizado,Meteorologia,0,0
2025-002712,XYZ252712,2025-07-06,09:00,2025-07-06 09:12,SBGL,SBCT,ROT013,PR-ZDG,12,Realizado,Meteorologia,0,0
2025-002713,XYZ252713,2025-07-06,12:00,2025-07-06 12:39,SBGR,SBGL,ROT001,PR-ADH,39,Realizado,Meteorologia,0,0
2025-002714,XYZ252714,2025-07-06,12:00,2025-07-06 12:22,SBGR,SBBR,ROT002,PR-BKR,22,Realizado,Meteorologia,0,0
2025-002715,XYZ252715,2025-07-06,12:00,2025-07-06 12:46,SBGR,SBCF,ROT003,PR-CEV,46,Realizado,Meteorologia,0,0
2025-002716,XYZ252716,2025-07-06,12:00,2025-07-06 12:37,SBGR,SBPA,ROT004,PR-DQF,37,Realizado,Meteorologia,0,0
2025-002717,XYZ252717,2025-07-06,12:00,2025-07-06 12:44,SBGL,SBBR,ROT010,PR-EHX,44,Realizado,Meteorologia,0,0
2025-002718,XYZ252718,2025-07-06,12:00,2025-07-06 12:18,SBGL,SBCF,ROT011,PR-FKA,18,Realizado,Meteorologia,0,0
2025-002719,XYZ252719,2025-07-06,12:00,2025-07-06 12:18,SBGL,SBPA,ROT012,PR-GMB,18,Realizado,Meteorologia,0,0
2025-002720,XYZ252720,2025-07-06,12:00,2025-07-06 12:34,SBGL,SBCT,ROT013,PR-HNC,34,Realizado,Meteorologia,0,0
2025-002721,XYZ252721,2025-07-07,00:00,2025-07-07 00:16,SBGR,SBGL,ROT001,PR-JRD,16,Realizado,Meteorologia,0,0
2025-002722,XYZ252722,2025-07-07,00:00,2025-07-07 00:41,SBGR,SBBR,ROT002,PR-KSE,41,Realizado,Meteorologia,0,0
2025-002723,XYZ252723,2025-07-07,00:00,2025-07-07 00:24,SBGR,SBCF,ROT003,PR-LTF,24,Desviado,Meteorologia,0,1
2025-002724,XYZ252724,2025-07-07,00:00,2025-07-07 00:16,SBGR,SBPA,ROT004,PR-MUG,16,Realizado,Meteorologia,0,0
2025-002725,XYZ252725,2025-07-07,00:00,2025-07-07 00:16,SBGL,SBBR,ROT010,PR-NVH,16,Realizado,Meteorologia,0,0
2025-002726,XYZ252726,2025-07-07,00:00,2025-07-07 00:27,SBGL,SBCF,ROT011,PR-PWL,27,Desviado,Meteorologia,0,1
2025-002727,XYZ252727,2025-07-07,00:00,2025-07-07 00:45,SBGL,SBPA,ROT012,PR-QXA,45,Realizado,Meteorologia,0,0
2025-002728,XYZ252728,2025-07-07,00:00,2025-07-07 00:21,SBGL,SBCT,ROT013,PR-RYB,21,Realizado,Meteorologia,0,0
2025-002729,XYZ252729,2025-07-07,03:00,2025-07-07 03:57,SBGR,SBGL,ROT001,PR-SCD,57,Desviado,Meteorologia,0,1
2025-002730,XYZ252730,2025-07-07,03:00,2025-07-07 03:32,SBGR,SBBR,ROT002,PR-TQJ,32,Realizado,Meteorologia,0,0
2025-002731,XYZ252731,2025-07-07,03:00,2025-07-07 03:47,SBGR,SBCF,ROT003,PR-UKM,47,Realizado,Meteorologia,0,0
2025-002732,XYZ252732,2025-07-07,03:00,2025-07-07 03:23,SBGR,SBPA,ROT004,PR-VPN,23,Realizado,Meteorologia,0,0
2025-002733,XYZ252733,2025-07-07,03:00,2025-07-07 03:56,SBGL,SBBR,ROT010,PR-WAR,56,Desviado,Meteorologia,0,1
2025-002734,XYZ252734,2025-07-07,03:00,2025-07-07 03:37,SBGL,SBCF,ROT011,PR-XBE,37,Realizado,Meteorologia,0,0
2025-002735,XYZ252735,2025-07-07,03:00,2025-07-07 03:25,SBGL,SBPA,ROT012,PR-YCF,25,Realizado,Meteorologia,0,0
2025-002736,XYZ252736,2025-07-07,03:00,2025-07-07 03:19,SBGL,SBCT,ROT013,PR-ZDG,19,Realizado,Meteorologia,0,0
2025-002737,XYZ252737,2025-07-07,06:00,2025-07-07 06:34,SBGR,SBGL,ROT001,PR-ADH,34,Realizado,Meteorologia,0,0
2025-002738,XYZ252738,2025-07-07,06:00,2025-07-07 06:25,SBGR,SBBR,ROT002,PR-BKR,25,Realizado,Meteorologia,0,0
2025-002739,XYZ252739,2025-07-07,06:00,2025-07-07 06:48,SBGR,SBCF,ROT003,PR-CEV,48,Realizado,Meteorologia,0,0
2025-002740,XYZ252740,2025-07-07,06:00,2025-07-07 06:38,SBGR,SBPA,ROT004,PR-DQF,38,Realizado,Meteorologia,0,0
2025-002741,XYZ252741,2025-07-07,06:00,2025-07-07 06:20,SBGL,SBBR,ROT010,PR-EHX,20,Realizado,Meteorologia,0,0
2025-002742,XYZ252742,2025-07-07,06:00,2025-07-07 06:17,SBGL,SBCF,ROT011,PR-FKA,17,Realizado,Meteorologia,0,0
2025-002743,XYZ252743,2025-07-07,06:00,2025-07-07 06:25,SBGL,SBPA,ROT012,PR-GMB,25,Realizado,Meteorologia,0,0
2025-002744,XYZ252744,2025-07-07,06:00,2025-07-07 06:14,SBGL,SBCT,ROT013,PR-HNC,14,Realizado,Meteorologia,0,0
2025-002745,XYZ252745,2025-07-07,09:00,2025-07-07 09:25,SBGR,SBGL,ROT001,PR-JRD,25,Desviado,Meteorologia,0,1
2025-002746,XYZ252746,2025-07-07,09:00,2025-07-07 09:21,SBGR,SBBR,ROT002,PR-KSE,21,Realizado,Meteorologia,0,0
2025-002747,XYZ252747,2025-07-07,09:00,2025-07-07 09:22,SBGR,SBCF,ROT003,PR-LTF,22,Realizado,Meteorologia,0,0
2025-002748,XYZ252748,2025-07-07,09:00,2025-07-07 09:50,SBGR,SBPA,ROT004,PR-MUG,50,Desviado,Meteorologia,0,1
2025-002749,XYZ252749,2025-07-07,09:00,2025-07-07 09:17,SBGL,SBBR,ROT010,PR-NVH,17,Realizado,Meteorologia,0,0
2025-002750,XYZ252750,2025-07-07,09:00,2025-07-07 09:44,SBGL,SBCF,ROT011,PR-PWL,44,Realizado,Meteorologia,0,0
2025-002751,XYZ252751,2025-07-07,09:00,2025-07-07 09:45,SBGL,SBPA,ROT012,PR-QXA,45,Realizado,Meteorologia,0,0
2025-002752,XYZ252752,2025-07-07,09:00,2025-07-07 09:21,SBGL,SBCT,ROT013,PR-RYB,21,Realizado,Meteorologia,0,0
2025-002753,XYZ252753,2025-07-07,12:00,2025-07-07 12:22,SBGR,SBGL,ROT001,PR-SCD,22,Realizado,Meteorologia,0,0
2025-002754,XYZ252754,2025-07-07,12:00,2025-07-07 12:28,SBGR,SBBR,ROT002,PR-TQJ,28,Realizado,Meteorologia,0,0
2025-002755,XYZ252755,2025-07-07,12:00,2025-07-07 12:36,SBGR,SBCF,ROT003,PR-UKM,36,Realizado,Meteorologia,0,0
2025-002756,XYZ252756,2025-07-07,12:00,2025-07-07 12:12,SBGR,SBPA,ROT004,PR-VPN,12,Realizado,Meteorologia,0,0
2025-002757,XYZ252757,2025-07-07,12:00,2025-07-07 12:44,SBGL,SBBR,ROT010,PR-WAR,44,Realizado,Meteorologia,0,0
2025-002758,XYZ252758,2025-07-07,12:00,2025-07-07 12:15,SBGL,SBCF,ROT011,PR-XBE,15,Realizado,Meteorologia,0,0
2025-002759,XYZ252759,2025-07-07,12:00,2025-07-07 12:34,SBGL,SBPA,ROT012,PR-YCF,34,Realizado,Meteorologia,0,0
2025-002760,XYZ252760,2025-07-07,12:00,2025-07-07 12:27,SBGL,SBCT,ROT013,PR-ZDG,27,Realizado,Meteorologia,0,0
2025-002761,XYZ252761,2025-07-08,00:00,2025-07-08 00:32,SBGR,SBGL,ROT001,PR-ADH,32,Realizado,Meteorologia,0,0
2025-002762,XYZ252762,2025-07-08,00:00,2025-07-08 00:32,SBGR,SBBR,ROT002,PR-BKR,32,Realizado,Meteorologia,0,0
2025-002763,XYZ252763,2025-07-08,00:00,2025-07-08 00:20,SBGR,SBCF,ROT003,PR-CEV,20,Realizado,Meteorologia,0,0
2025-002764,XYZ252764,2025-07-08,00:00,2025-07-08 00:48,SBGR,SBPA,ROT004,PR-DQF,48,Realizado,Meteorologia,0,0
2025-002765,XYZ252765,2025-07-08,00:00,2025-07-08 00:17,SBGL,SBBR,ROT010,PR-EHX,17,Realizado,Meteorologia,0,0
2025-002766,XYZ252766,2025-07-08,00:00,2025-07-08 00:49,SBGL,SBCF,ROT011,PR-FKA,49,Realizado,Meteorologia,0,0
2025-002767,XYZ252767,2025-07-08,00:00,2025-07-08 00:40,SBGL,SBPA,ROT012,PR-GMB,40,Realizado,Meteorologia,0,0
2025-002768,XYZ252768,2025-07-08,00:00,2025-07-08 00:42,SBGL,SBCT,ROT013,PR-HNC,42,Desviado,Meteorologia,0,1
2025-002769,XYZ252769,2025-07-08,03:00,2025-07-08 03:42,SBGR,SBGL,ROT001,PR-JRD,42,Realizado,Meteorologia,0,0
2025-002770,XYZ252770,2025-07-08,03:00,2025-07-08 03:44,SBGR,SBBR,ROT002,PR-KSE,44,Realizado,Meteorologia,0,0
2025-002771,XYZ252771,2025-07-08,03:00,2025-07-08 03:40,SBGR,SBCF,ROT003,PR-LTF,40,Realizado,Meteorologia,0,0
2025-002772,XYZ252772,2025-07-08,03:00,2025-07-08 03:34,SBGR,SBPA,ROT004,PR-MUG,34,Realizado,Meteorologia,0,0
2025-002773,XYZ252773,2025-07-08,03:00,2025-07-08 03:32,SBGL,SBBR,ROT010,PR-NVH,32,Realizado,Meteorologia,0,0
2025-002774,XYZ252774,2025-07-08,03:00,2025-07-08 03:11,SBGL,SBCF,ROT011,PR-PWL,11,Realizado,Meteorologia,0,0
2025-002775,XYZ252775,2025-07-08,03:00,2025-07-08 03:13,SBGL,SBPA,ROT012,PR-QXA,13,Realizado,Meteorologia,0,0
2025-002776,XYZ252776,2025-07-08,03:00,2025-07-08 03:31,SBGL,SBCT,ROT013,PR-RYB,31,Realizado,Meteorologia,0,0
2025-002777,XYZ252777,2025-07-08,06:00,2025-07-08 06:40,SBGR,SBGL,ROT001,PR-SCD,40,Realizado,Meteorologia,0,0
2025-002778,XYZ252778,2025-07-08,06:00,,SBGR,SBBR,ROT002,PR-TQJ,0,Cancelado,Meteorologia,1,0
2025-002779,XYZ252779,2025-07-08,06:00,2025-07-08 06:24,SBGR,SBCF,ROT003,PR-UKM,24,Realizado,Meteorologia,0,0
2025-002780,XYZ252780,2025-07-08,06:00,2025-07-08 06:49,SBGR,SBPA,ROT004,PR-VPN,49,Desviado,Meteorologia,0,1
2025-002781,XYZ252781,2025-07-08,06:00,2025-07-08 06:20,SBGL,SBBR,ROT010,PR-WAR,20,Realizado,Meteorologia,0,0
2025-002782,XYZ252782,2025-07-08,06:00,2025-07-08 06:30,SBGL,SBCF,ROT011,PR-XBE,30,Realizado,Meteorologia,0,0
2025-002783,XYZ252783,2025-07-08,06:00,2025-07-08 06:15,SBGL,SBPA,ROT012,PR-YCF,15,Realizado,Meteorologia,0,0
2025-002784,XYZ252784,2025-07-08,06:00,2025-07-08 06:22,SBGL,SBCT,ROT013,PR-ZDG,22,Realizado,Meteorologia,0,0
2025-002785,XYZ252785,2025-07-08,09:00,2025-07-08 09:49,SBGR,SBGL,ROT001,PR-ADH,49,Realizado,Meteorologia,0,0
2025-002786,XYZ252786,2025-07-08,09:00,2025-07-08 09:40,SBGR,SBBR,ROT002,PR-BKR,40,Realizado,Meteorologia,0,0
2025-002787,XYZ252787,2025-07-08,09:00,2025-07-08 09:27,SBGR,SBCF,ROT003,PR-CEV,27,Realizado,Meteorologia,0,0
2025-002788,XYZ252788,2025-07-08,09:00,2025-07-08 09:39,SBGR,SBPA,ROT004,PR-DQF,39,Realizado,Meteorologia,0,0
2025-002789,XYZ252789,2025-07-08,09:00,2025-07-08 09:26,SBGL,SBBR,ROT010,PR-EHX,26,Desviado,Meteorologia,0,1
2025-002790,XYZ252790,2025-07-08,09:00,2025-07-08 09:23,SBGL,SBCF,ROT011,PR-FKA,23,Realizado,Meteorologia,0,0
2025-002791,XYZ252791,2025-07-08,09:00,2025-07-08 09:47,SBGL,SBPA,ROT012,PR-GMB,47,Realizado,Meteorologia,0,0
2025-002792,XYZ252792,2025-07-08,09:00,2025-07-08 09:35,SBGL,SBCT,ROT013,PR-HNC,35,Desviado,Meteorologia,0,1
2025-002793,XYZ252793,2025-07-08,12:00,2025-07-08 12:41,SBGR,SBGL,ROT001,PR-JRD,41,Realizado,Meteorologia,0,0
2025-002794,XYZ252794,2025-07-08,12:00,,SBGR,SBBR,ROT002,PR-KSE,0,Cancelado,Meteorologia,1,0
2025-002795,XYZ252795,2025-07-08,12:00,2025-07-08 12:40,SBGR,SBCF,ROT003,PR-LTF,40,Realizado,Meteorologia,0,0
2025-002796,XYZ252796,2025-07-08,12:00,2025-07-08 12:34,SBGR,SBPA,ROT004,PR-MUG,34,Desviado,Meteorologia,0,1
2025-002797,XYZ252797,2025-07-08,12:00,2025-07-08 12:49,SBGL,SBBR,ROT010,PR-NVH,49,Realizado,Meteorologia,0,0
2025-002798,XYZ252798,2025-07-08,12:00,2025-07-08 12:13,SBGL,SBCF,ROT011,PR-PWL,13,Realizado,Meteorologia,0,0
2025-002799,XYZ252799,2025-07-08,12:00,2025-07-08 12:31,SBGL,SBPA,ROT012,PR-QXA,31,Realizado,Meteorologia,0,0
2025-002800,XYZ252800,2025-07-08,12:00,2025-07-08 12:37,SBGL,SBCT,ROT013,PR-RYB,37,Realizado,Meteorologia,0,0
2025-002801,XYZ252801,2025-07-09,00:00,2025-07-09 00:31,SBGR,SBGL,ROT001,PR-SCD,31,Realizado,Meteorologia,0,0
2025-002802,XYZ252802,2025-07-09,00:00,2025-07-09 00:30,SBGR,SBBR,ROT002,PR-TQJ,30,Realizado,Meteorologia,0,0
2025-002803,XYZ252803,2025-07-09,00:00,2025-07-09 00:37,SBGR,SBCF,ROT003,PR-UKM,37,Realizado,Meteorologia,0,0
2025-002804,XYZ252804,2025-07-09,00:00,2025-07-09 00:49,SBGR,SBPA,ROT004,PR-VPN,49,Realizado,Meteorologia,0,0
2025-002805,XYZ252805,2025-07-09,00:00,2025-07-09 00:22,SBGL,SBBR,ROT010,PR-WAR,22,Realizado,Meteorologia,0,0
2025-002806,XYZ252806,2025-07-09,00:00,2025-07-09 00:15,SBGL,SBCF,ROT011,PR-XBE,15,Realizado,Meteorologia,0,0
2025-002807,XYZ252807,2025-07-09,00:00,2025-07-09 00:35,SBGL,SBPA,ROT012,PR-YCF,35,Realizado,Meteorologia,0,0
2025-002808,XYZ252808,2025-07-09,00:00,2025-07-09 00:30,SBGL,SBCT,ROT013,PR-ZDG,30,Desviado,Meteorologia,0,1
2025-002809,XYZ252809,2025-07-09,03:00,2025-07-09 03:23,SBGR,SBGL,ROT001,PR-ADH,23,Realizado,Meteorologia,0,0
2025-002810,XYZ252810,2025-07-09,03:00,2025-07-09 03:20,SBGR,SBBR,ROT002,PR-BKR,20,Desviado,Meteorologia,0,1
2025-002811,XYZ252811,2025-07-09,03:00,2025-07-09 03:21,SBGR,SBCF,ROT003,PR-CEV,21,Realizado,Meteorologia,0,0
2025-002812,XYZ252812,2025-07-09,03:00,2025-07-09 03:31,SBGR,SBPA,ROT004,PR-DQF,31,Realizado,Meteorologia,0,0
2025-002813,XYZ252813,2025-07-09,03:00,2025-07-09 03:44,SBGL,SBBR,ROT010,PR-EHX,44,Realizado,Meteorologia,0,0
2025-002814,XYZ252814,2025-07-09,03:00,2025-07-09 03:16,SBGL,SBCF,ROT011,PR-FKA,16,Realizado,Meteorologia,0,0
2025-002815,XYZ252815,2025-07-09,03:00,2025-07-09 03:19,SBGL,SBPA,ROT012,PR-GMB,19,Realizado,Meteorologia,0,0
2025-002816,XYZ252816,2025-07-09,03:00,2025-07-09 03:17,SBGL,SBCT,ROT013,PR-HNC,17,Realizado,Meteorologia,0,0
2025-002817,XYZ252817,2025-07-09,06:00,2025-07-09 06:32,SBGR,SBGL,ROT001,PR-JRD,32,Realizado,Meteorologia,0,0
2025-002818,XYZ252818,2025-07-09,06:00,2025-07-09 06:10,SBGR,SBBR,ROT002,PR-KSE,10,Realizado,Meteorologia,0,0
2025-002819,XYZ252819,2025-07-09,06:00,2025-07-09 06:39,SBGR,SBCF,ROT003,PR-LTF,39,Realizado,Meteorologia,0,0
2025-002820,XYZ252820,2025-07-09,06:00,,SBGR,SBPA,ROT004,PR-MUG,0,Cancelado,Meteorologia,1,0
2025-002821,XYZ252821,2025-07-09,06:00,2025-07-09 06:37,SBGL,SBBR,ROT010,PR-NVH,37,Realizado,Meteorologia,0,0
2025-002822,XYZ252822,2025-07-09,06:00,2025-07-09 06:33,SBGL,SBCF,ROT011,PR-PWL,33,Realizado,Meteorologia,0,0
2025-002823,XYZ252823,2025-07-09,06:00,2025-07-09 06:15,SBGL,SBPA,ROT012,PR-QXA,15,Realizado,Meteorologia,0,0
2025-002824,XYZ252824,2025-07-09,06:00,2025-07-09 06:25,SBGL,SBCT,ROT013,PR-RYB,25,Realizado,Meteorologia,0,0
2025-002825,XYZ252825,2025-07-09,09:00,2025-07-09 09:37,SBGR,SBGL,ROT001,PR-SCD,37,Realizado,Meteorologia,0,0
2025-002826,XYZ252826,2025-07-09,09:00,2025-07-09 09:17,SBGR,SBBR,ROT002,PR-TQJ,17,Realizado,Meteorologia,0,0
2025-002827,XYZ252827,2025-07-09,09:00,2025-07-09 09:30,SBGR,SBCF,ROT003,PR-UKM,30,Realizado,Meteorologia,0,0
2025-002828,XYZ252828,2025-07-09,09:00,2025-07-09 09:13,SBGR,SBPA,ROT004,PR-VPN,13,Realizado,Meteorologia,0,0
2025-002829,XYZ252829,2025-07-09,09:00,,SBGL,SBBR,ROT010,PR-WAR,0,Cancelado,Meteorologia,1,0
2025-002830,XYZ252830,2025-07-09,09:00,2025-07-09 09:18,SBGL,SBCF,ROT011,PR-XBE,18,Realizado,Meteorologia,0,0
2025-002831,XYZ252831,2025-07-09,09:00,2025-07-09 09:18,SBGL,SBPA,ROT012,PR-YCF,18,Realizado,Meteorologia,0,0
2025-002832,XYZ252832,2025-07-09,09:00,2025-07-09 09:30,SBGL,SBCT,ROT013,PR-ZDG,30,Realizado,Meteorologia,0,0
2025-002833,XYZ252833,2025-07-09,12:00,2025-07-09 12:47,SBGR,SBGL,ROT001,PR-ADH,47,Realizado,Meteorologia,0,0
2025-002834,XYZ252834,2025-07-09,12:00,2025-07-09 12:19,SBGR,SBBR,ROT002,PR-BKR,19,Realizado,Meteorologia,0,0
2025-002835,XYZ252835,2025-07-09,12:00,2025-07-09 12:46,SBGR,SBCF,ROT003,PR-CEV,46,Realizado,Meteorologia,0,0
2025-002836,XYZ252836,2025-07-09,12:00,2025-07-09 12:29,SBGR,SBPA,ROT004,PR-DQF,29,Realizado,Meteorologia,0,0
2025-002837,XYZ252837,2025-07-09,12:00,2025-07-09 12:42,SBGL,SBBR,ROT010,PR-EHX,42,Realizado,Meteorologia,0,0
2025-002838,XYZ252838,2025-07-09,12:00,2025-07-09 12:17,SBGL,SBCF,ROT011,PR-FKA,17,Realizado,Meteorologia,0,0
2025-002839,XYZ252839,2025-07-09,12:00,2025-07-09 12:16,SBGL,SBPA,ROT012,PR-GMB,16,Realizado,Meteorologia,0,0
2025-002840,XYZ252840,2025-07-09,12:00,2025-07-09 12:19,SBGL,SBCT,ROT013,PR-HNC,19,Realizado,Meteorologia,0,0
2025-002841,XYZ252841,2025-07-10,00:00,2025-07-10 00:29,SBGR,SBGL,ROT001,PR-JRD,29,Realizado,Meteorologia,0,0
2025-002842,XYZ252842,2025-07-10,00:00,2025-07-10 00:41,SBGR,SBBR,ROT002,PR-KSE,41,Realizado,Meteorologia,0,0
2025-002843,XYZ252843,2025-07-10,00:00,2025-07-10 00:18,SBGR,SBCF,ROT003,PR-LTF,18,Realizado,Meteorologia,0,0
2025-002844,XYZ252844,2025-07-10,00:00,2025-07-10 00:26,SBGR,SBPA,ROT004,PR-MUG,26,Desviado,Meteorologia,0,1
2025-002845,XYZ252845,2025-07-10,00:00,,SBGL,SBBR,ROT010,PR-NVH,0,Cancelado,Meteorologia,1,0
2025-002846,XYZ252846,2025-07-10,00:00,2025-07-10 00:39,SBGL,SBCF,ROT011,PR-PWL,39,Realizado,Meteorologia,0,0
2025-002847,XYZ252847,2025-07-10,00:00,2025-07-10 00:32,SBGL,SBPA,ROT012,PR-QXA,32,Realizado,Meteorologia,0,0
2025-002848,XYZ252848,2025-07-10,00:00,2025-07-10 00:49,SBGL,SBCT,ROT013,PR-RYB,49,Realizado,Meteorologia,0,0
2025-002849,XYZ252849,2025-07-10,03:00,2025-07-10 03:16,SBGR,SBGL,ROT001,PR-SCD,16,Realizado,Meteorologia,0,0
2025-002850,XYZ252850,2025-07-10,03:00,2025-07-10 03:25,SBGR,SBBR,ROT002,PR-TQJ,25,Realizado,Meteorologia,0,0
2025-002851,XYZ252851,2025-07-10,03:00,2025-07-10 03:36,SBGR,SBCF,ROT003,PR-UKM,36,Realizado,Meteorologia,0,0
2025-002852,XYZ252852,2025-07-10,03:00,2025-07-10 03:46,SBGR,SBPA,ROT004,PR-VPN,46,Realizado,Meteorologia,0,0
2025-002853,XYZ252853,2025-07-10,03:00,2025-07-10 03:16,SBGL,SBBR,ROT010,PR-WAR,16,Realizado,Meteorologia,0,0
2025-002854,XYZ252854,2025-07-10,03:00,2025-07-10 03:12,SBGL,SBCF,ROT011,PR-XBE,12,Realizado,Meteorologia,0,0
2025-002855,XYZ252855,2025-07-10,03:00,2025-07-10 03:10,SBGL,SBPA,ROT012,PR-YCF,10,Realizado,Meteorologia,0,0
2025-002856,XYZ252856,2025-07-10,03:00,2025-07-10 03:21,SBGL,SBCT,ROT013,PR-ZDG,21,Realizado,Meteorologia,0,0
2025-002857,XYZ252857,2025-07-10,06:00,,SBGR,SBGL,ROT001,PR-ADH,0,Cancelado,Meteorologia,1,0
2025-002858,XYZ252858,2025-07-10,06:00,2025-07-10 06:18,SBGR,SBBR,ROT002,PR-BKR,18,Realizado,Meteorologia,0,0
2025-002859,XYZ252859,2025-07-10,06:00,2025-07-10 06:31,SBGR,SBCF,ROT003,PR-CEV,31,Realizado,Meteorologia,0,0
2025-002860,XYZ252860,2025-07-10,06:00,2025-07-10 06:13,SBGR,SBPA,ROT004,PR-DQF,13,Realizado,Meteorologia,0,0
2025-002861,XYZ252861,2025-07-10,06:00,2025-07-10 06:38,SBGL,SBBR,ROT010,PR-EHX,38,Realizado,Meteorologia,0,0
2025-002862,XYZ252862,2025-07-10,06:00,,SBGL,SBCF,ROT011,PR-FKA,0,Cancelado,Meteorologia,1,0
2025-002863,XYZ252863,2025-07-10,06:00,2025-07-10 06:14,SBGL,SBPA,ROT012,PR-GMB,14,Realizado,Meteorologia,0,0
2025-002864,XYZ252864,2025-07-10,06:00,2025-07-10 06:47,SBGL,SBCT,ROT013,PR-HNC,47,Realizado,Meteorologia,0,0
2025-002865,XYZ252865,2025-07-10,09:00,2025-07-10 09:25,SBGR,SBGL,ROT001,PR-JRD,25,Realizado,Meteorologia,0,0
2025-002866,XYZ252866,2025-07-10,09:00,2025-07-10 09:22,SBGR,SBBR,ROT002,PR-KSE,22,Desviado,Meteorologia,0,1
2025-002867,XYZ252867,2025-07-10,09:00,2025-07-10 09:20,SBGR,SBCF,ROT003,PR-LTF,20,Realizado,Meteorologia,0,0
2025-002868,XYZ252868,2025-07-10,09:00,2025-07-10 09:38,SBGR,SBPA,ROT004,PR-MUG,38,Realizado,Meteorologia,0,0
2025-002869,XYZ252869,2025-07-10,09:00,2025-07-10 09:43,SBGL,SBBR,ROT010,PR-NVH,43,Realizado,Meteorologia,0,0
2025-002870,XYZ252870,2025-07-10,09:00,2025-07-10 09:34,SBGL,SBCF,ROT011,PR-PWL,34,Realizado,Meteorologia,0,0
2025-002871,XYZ252871,2025-07-10,09:00,,SBGL,SBPA,ROT012,PR-QXA,0,Cancelado,Meteorologia,1,0
2025-002872,XYZ252872,2025-07-10,09:00,2025-07-10 09:21,SBGL,SBCT,ROT013,PR-RYB,21,Realizado,Meteorologia,0,0
2025-002873,XYZ252873,2025-07-10,12:00,2025-07-10 12:35,SBGR,SBGL,ROT001,PR-SCD,35,Realizado,Meteorologia,0,0
2025-002874,XYZ252874,2025-07-10,12:00,2025-07-10 12:36,SBGR,SBBR,ROT002,PR-TQJ,36,Realizado,Meteorologia,0,0
2025-002875,XYZ252875,2025-07-10,12:00,2025-07-10 12:10,SBGR,SBCF,ROT003,PR-UKM,10,Realizado,Meteorologia,0,0
2025-002876,XYZ252876,2025-07-10,12:00,2025-07-10 12:46,SBGR,SBPA,ROT004,PR-VPN,46,Realizado,Meteorologia,0,0
2025-002877,XYZ252877,2025-07-10,12:00,2025-07-10 12:22,SBGL,SBBR,ROT010,PR-WAR,22,Realizado,Meteorologia,0,0
2025-002878,XYZ252878,2025-07-10,12:00,2025-07-10 12:46,SBGL,SBCF,ROT011,PR-XBE,46,Desviado,Meteorologia,0,1
2025-002879,XYZ252879,2025-07-10,12:00,2025-07-10 12:12,SBGL,SBPA,ROT012,PR-YCF,12,Realizado,Meteorologia,0,0
2025-002880,XYZ252880,2025-07-10,12:00,2025-07-10 12:34,SBGL,SBCT,ROT013,PR-ZDG,34,Realizado,Meteorologia,0,0
2025-002881,XYZ252881,2025-07-11,00:00,2025-07-11 00:36,SBGR,SBGL,ROT001,PR-ADH,36,Realizado,Meteorologia,0,0
2025-002882,XYZ252882,2025-07-11,00:00,2025-07-11 00:58,SBGR,SBBR,ROT002,PR-BKR,58,Desviado,Meteorologia,0,1
2025-002883,XYZ252883,2025-07-11,00:00,2025-07-11 00:34,SBGR,SBCF,ROT003,PR-CEV,34,Realizado,Meteorologia,0,0
2025-002884,XYZ252884,2025-07-11,00:00,2025-07-11 00:17,SBGR,SBPA,ROT004,PR-DQF,17,Realizado,Meteorologia,0,0
2025-002885,XYZ252885,2025-07-11,00:00,2025-07-11 00:26,SBGL,SBBR,ROT010,PR-EHX,26,Realizado,Meteorologia,0,0
2025-002886,XYZ252886,2025-07-11,00:00,2025-07-11 00:56,SBGL,SBCF,ROT011,PR-FKA,56,Desviado,Meteorologia,0,1
2025-002887,XYZ252887,2025-07-11,00:00,2025-07-11 00:18,SBGL,SBPA,ROT012,PR-GMB,18,Realizado,Meteorologia,0,0
2025-002888,XYZ252888,2025-07-11,00:00,2025-07-11 00:27,SBGL,SBCT,ROT013,PR-HNC,27,Realizado,Meteorologia,0,0
2025-002889,XYZ252889,2025-07-11,03:00,2025-07-11 03:42,SBGR,SBGL,ROT001,PR-JRD,42,Realizado,Meteorologia,0,0
2025-002890,XYZ252890,2025-07-11,03:00,2025-07-11 03:37,SBGR,SBBR,ROT002,PR-KSE,37,Realizado,Meteorologia,0,0
2025-002891,XYZ252891,2025-07-11,03:00,2025-07-11 03:20,SBGR,SBCF,ROT003,PR-LTF,20,Realizado,Meteorologia,0,0
2025-002892,XYZ252892,2025-07-11,03:00,2025-07-11 03:13,SBGR,SBPA,ROT004,PR-MUG,13,Realizado,Meteorologia,0,0
2025-002893,XYZ252893,2025-07-11,03:00,2025-07-11 03:31,SBGL,SBBR,ROT010,PR-NVH,31,Realizado,Meteorologia,0,0
2025-002894,XYZ252894,2025-07-11,03:00,2025-07-11 03:35,SBGL,SBCF,ROT011,PR-PWL,35,Desviado,Meteorologia,0,1
2025-002895,XYZ252895,2025-07-11,03:00,2025-07-11 03:38,SBGL,SBPA,ROT012,PR-QXA,38,Realizado,Meteorologia,0,0
2025-002896,XYZ252896,2025-07-11,03:00,2025-07-11 03:48,SBGL,SBCT,ROT013,PR-RYB,48,Realizado,Meteorologia,0,0
2025-002897,XYZ252897,2025-07-11,06:00,2025-07-11 06:44,SBGR,SBGL,ROT001,PR-SCD,44,Realizado,Meteorologia,0,0
2025-002898,XYZ252898,2025-07-11,06:00,2025-07-11 06:14,SBGR,SBBR,ROT002,PR-TQJ,14,Realizado,Meteorologia,0,0
2025-002899,XYZ252899,2025-07-11,06:00,2025-07-11 06:24,SBGR,SBCF,ROT003,PR-UKM,24,Realizado,Meteorologia,0,0
2025-002900,XYZ252900,2025-07-11,06:00,2025-07-11 06:39,SBGR,SBPA,ROT004,PR-VPN,39,Realizado,Meteorologia,0,0
2025-002901,XYZ252901,2025-07-11,06:00,2025-07-11 06:31,SBGL,SBBR,ROT010,PR-WAR,31,Realizado,Meteorologia,0,0
2025-002902,XYZ252902,2025-07-11,06:00,2025-07-11 06:27,SBGL,SBCF,ROT011,PR-XBE,27,Realizado,Meteorologia,0,0
2025-002903,XYZ252903,2025-07-11,06:00,2025-07-11 06:13,SBGL,SBPA,ROT012,PR-YCF,13,Realizado,Meteorologia,0,0
2025-002904,XYZ252904,2025-07-11,06:00,2025-07-11 06:15,SBGL,SBCT,ROT013,PR-ZDG,15,Realizado,Meteorologia,0,0
2025-002905,XYZ252905,2025-07-11,09:00,2025-07-11 09:40,SBGR,SBGL,ROT001,PR-ADH,40,Realizado,Meteorologia,0,0
2025-002906,XYZ252906,2025-07-11,09:00,2025-07-11 09:38,SBGR,SBBR,ROT002,PR-BKR,38,Realizado,Meteorologia,0,0
2025-002907,XYZ252907,2025-07-11,09:00,2025-07-11 09:41,SBGR,SBCF,ROT003,PR-CEV,41,Realizado,Meteorologia,0,0
2025-002908,XYZ252908,2025-07-11,09:00,2025-07-11 09:27,SBGR,SBPA,ROT004,PR-DQF,27,Realizado,Meteorologia,0,0
2025-002909,XYZ252909,2025-07-11,09:00,2025-07-11 09:40,SBGL,SBBR,ROT010,PR-EHX,40,Realizado,Meteorologia,0,0
2025-002910,XYZ252910,2025-07-11,09:00,2025-07-11 09:29,SBGL,SBCF,ROT011,PR-FKA,29,Realizado,Meteorologia,0,0
2025-002911,XYZ252911,2025-07-11,09:00,2025-07-11 09:14,SBGL,SBPA,ROT012,PR-GMB,14,Realizado,Meteorologia,0,0
2025-002912,XYZ252912,2025-07-11,09:00,2025-07-11 09:36,SBGL,SBCT,ROT013,PR-HNC,36,Realizado,Meteorologia,0,0
2025-002913,XYZ252913,2025-07-11,12:00,2025-07-11 12:41,SBGR,SBGL,ROT001,PR-JRD,41,Realizado,Meteorologia,0,0
2025-002914,XYZ252914,2025-07-11,12:00,2025-07-11 12:40,SBGR,SBBR,ROT002,PR-KSE,40,Realizado,Meteorologia,0,0
2025-002915,XYZ252915,2025-07-11,12:00,2025-07-11 12:39,SBGR,SBCF,ROT003,PR-LTF,39,Realizado,Meteorologia,0,0
2025-002916,XYZ252916,2025-07-11,12:00,2025-07-11 12:38,SBGR,SBPA,ROT004,PR-MUG,38,Realizado,Meteorologia,0,0
2025-002917,XYZ252917,2025-07-11,12:00,2025-07-11 12:26,SBGL,SBBR,ROT010,PR-NVH,26,Realizado,Meteorologia,0,0
2025-002918,XYZ252918,2025-07-11,12:00,2025-07-11 12:41,SBGL,SBCF,ROT011,PR-PWL,41,Realizado,Meteorologia,0,0
2025-002919,XYZ252919,2025-07-11,12:00,2025-07-11 12:41,SBGL,SBPA,ROT012,PR-QXA,41,Realizado,Meteorologia,0,0
2025-002920,XYZ252920,2025-07-11,12:00,2025-07-11 12:34,SBGL,SBCT,ROT013,PR-RYB,34,Realizado,Meteorologia,0,0
2025-002921,XYZ252921,2025-07-12,00:00,,SBGR,SBGL,ROT001,PR-SCD,0,Cancelado,Meteorologia,1,0
2025-002922,XYZ252922,2025-07-12,00:00,2025-07-12 00:23,SBGR,SBBR,ROT002,PR-TQJ,23,Realizado,Meteorologia,0,0
2025-002923,XYZ252923,2025-07-12,00:00,2025-07-12 00:11,SBGR,SBCF,ROT003,PR-UKM,11,Realizado,Meteorologia,0,0
2025-002924,XYZ252924,2025-07-12,00:00,2025-07-12 00:28,SBGR,SBPA,ROT004,PR-VPN,28,Realizado,Meteorologia,0,0
2025-002925,XYZ252925,2025-07-12,00:00,2025-07-12 00:27,SBGL,SBBR,ROT010,PR-WAR,27,Realizado,Meteorologia,0,0
2025-002926,XYZ252926,2025-07-12,00:00,2025-07-12 00:33,SBGL,SBCF,ROT011,PR-XBE,33,Realizado,Meteorologia,0,0
2025-002927,XYZ252927,2025-07-12,00:00,2025-07-12 00:22,SBGL,SBPA,ROT012,PR-YCF,22,Realizado,Meteorologia,0,0
2025-002928,XYZ252928,2025-07-12,00:00,2025-07-12 00:14,SBGL,SBCT,ROT013,PR-ZDG,14,Realizado,Meteorologia,0,0
2025-002929,XYZ252929,2025-07-12,03:00,2025-07-12 03:57,SBGR,SBGL,ROT001,PR-ADH,57,Desviado,Meteorologia,0,1
2025-002930,XYZ252930,2025-07-12,03:00,2025-07-12 03:46,SBGR,SBBR,ROT002,PR-BKR,46,Desviado,Meteorologia,0,1
2025-002931,XYZ252931,2025-07-12,03:00,2025-07-12 03:13,SBGR,SBCF,ROT003,PR-CEV,13,Realizado,Meteorologia,0,0
2025-002932,XYZ252932,2025-07-12,03:00,2025-07-12 03:36,SBGR,SBPA,ROT004,PR-DQF,36,Realizado,Meteorologia,0,0
2025-002933,XYZ252933,2025-07-12,03:00,2025-07-12 03:29,SBGL,SBBR,ROT010,PR-EHX,29,Realizado,Meteorologia,0,0
2025-002934,XYZ252934,2025-07-12,03:00,2025-07-12 03:32,SBGL,SBCF,ROT011,PR-FKA,32,Realizado,Meteorologia,0,0
2025-002935,XYZ252935,2025-07-12,03:00,2025-07-12 03:24,SBGL,SBPA,ROT012,PR-GMB,24,Desviado,Meteorologia,0,1
2025-002936,XYZ252936,2025-07-12,03:00,2025-07-12 03:18,SBGL,SBCT,ROT013,PR-HNC,18,Realizado,Meteorologia,0,0
2025-002937,XYZ252937,2025-07-12,06:00,2025-07-12 06:43,SBGR,SBGL,ROT001,PR-JRD,43,Realizado,Meteorologia,0,0
2025-002938,XYZ252938,2025-07-12,06:00,,SBGR,SBBR,ROT002,PR-KSE,0,Cancelado,Meteorologia,1,0
2025-002939,XYZ252939,2025-07-12,06:00,,SBGR,SBCF,ROT003,PR-LTF,0,Cancelado,Meteorologia,1,0
2025-002940,XYZ252940,2025-07-12,06:00,2025-07-12 06:45,SBGR,SBPA,ROT004,PR-MUG,45,Realizado,Meteorologia,0,0
2025-002941,XYZ252941,2025-07-12,06:00,2025-07-12 06:14,SBGL,SBBR,ROT010,PR-NVH,14,Realizado,Meteorologia,0,0
2025-002942,XYZ252942,2025-07-12,06:00,2025-07-12 06:44,SBGL,SBCF,ROT011,PR-PWL,44,Realizado,Meteorologia,0,0
2025-002943,XYZ252943,2025-07-12,06:00,2025-07-12 06:30,SBGL,SBPA,ROT012,PR-QXA,30,Realizado,Meteorologia,0,0
2025-002944,XYZ252944,2025-07-12,06:00,2025-07-12 06:24,SBGL,SBCT,ROT013,PR-RYB,24,Desviado,Meteorologia,0,1
2025-002945,XYZ252945,2025-07-12,09:00,2025-07-12 09:30,SBGR,SBGL,ROT001,PR-SCD,30,Realizado,Meteorologia,0,0
2025-002946,XYZ252946,2025-07-12,09:00,2025-07-12 09:23,SBGR,SBBR,ROT002,PR-TQJ,23,Desviado,Meteorologia,0,1
2025-002947,XYZ252947,2025-07-12,09:00,2025-07-12 09:47,SBGR,SBCF,ROT003,PR-UKM,47,Realizado,Meteorologia,0,0
2025-002948,XYZ252948,2025-07-12,09:00,2025-07-12 09:13,SBGR,SBPA,ROT004,PR-VPN,13,Realizado,Meteorologia,0,0
2025-002949,XYZ252949,2025-07-12,09:00,2025-07-12 09:36,SBGL,SBBR,ROT010,PR-WAR,36,Realizado,Meteorologia,0,0
2025-002950,XYZ252950,2025-07-12,09:00,2025-07-12 09:34,SBGL,SBCF,ROT011,PR-XBE,34,Realizado,Meteorologia,0,0
2025-002951,XYZ252951,2025-07-12,09:00,2025-07-12 09:38,SBGL,SBPA,ROT012,PR-YCF,38,Realizado,Meteorologia,0,0
2025-002952,XYZ252952,2025-07-12,09:00,2025-07-12 09:36,SBGL,SBCT,ROT013,PR-ZDG,36,Realizado,Meteorologia,0,0
2025-002953,XYZ252953,2025-07-12,12:00,2025-07-12 12:12,SBGR,SBGL,ROT001,PR-ADH,12,Realizado,Meteorologia,0,0
2025-002954,XYZ252954,2025-07-12,12:00,2025-07-12 12:47,SBGR,SBBR,ROT002,PR-BKR,47,Realizado,Meteorologia,0,0
2025-002955,XYZ252955,2025-07-12,12:00,,SBGR,SBCF,ROT003,PR-CEV,0,Cancelado,Meteorologia,1,0
2025-002956,XYZ252956,2025-07-12,12:00,2025-07-12 12:14,SBGR,SBPA,ROT004,PR-DQF,14,Realizado,Meteorologia,0,0
2025-002957,XYZ252957,2025-07-12,12:00,2025-07-12 12:18,SBGL,SBBR,ROT010,PR-EHX,18,Realizado,Meteorologia,0,0
2025-002958,XYZ252958,2025-07-12,12:00,2025-07-12 12:29,SBGL,SBCF,ROT011,PR-FKA,29,Realizado,Meteorologia,0,0
2025-002959,XYZ252959,2025-07-12,12:00,2025-07-12 12:32,SBGL,SBPA,ROT012,PR-GMB,32,Realizado,Meteorologia,0,0
2025-002960,XYZ252960,2025-07-12,12:00,2025-07-12 12:18,SBGL,SBCT,ROT013,PR-HNC,18,Realizado,Meteorologia,0,0
2025-002961,XYZ252961,2025-07-13,00:00,2025-07-13 00:39,SBGR,SBGL,ROT001,PR-JRD,39,Realizado,Meteorologia,0,0
2025-002962,XYZ252962,2025-07-13,00:00,2025-07-13 00:36,SBGR,SBBR,ROT002,PR-KSE,36,Realizado,Meteorologia,0,0
2025-002963,XYZ252963,2025-07-13,00:00,2025-07-13 00:15,SBGR,SBCF,ROT003,PR-LTF,15,Realizado,Meteorologia,0,0
2025-002964,XYZ252964,2025-07-13,00:00,2025-07-13 00:47,SBGR,SBPA,ROT004,PR-MUG,47,Realizado,Meteorologia,0,0
2025-002965,XYZ252965,2025-07-13,00:00,2025-07-13 00:38,SBGL,SBBR,ROT010,PR-NVH,38,Realizado,Meteorologia,0,0
2025-002966,XYZ252966,2025-07-13,00:00,2025-07-13 00:47,SBGL,SBCF,ROT011,PR-PWL,47,Realizado,Meteorologia,0,0
2025-002967,XYZ252967,2025-07-13,00:00,2025-07-13 00:21,SBGL,SBPA,ROT012,PR-QXA,21,Realizado,Meteorologia,0,0
2025-002968,XYZ252968,2025-07-13,00:00,2025-07-13 00:33,SBGL,SBCT,ROT013,PR-RYB,33,Realizado,Meteorologia,0,0
2025-002969,XYZ252969,2025-07-13,03:00,2025-07-13 03:35,SBGR,SBGL,ROT001,PR-SCD,35,Realizado,Meteorologia,0,0
2025-002970,XYZ252970,2025-07-13,03:00,2025-07-13 03:12,SBGR,SBBR,ROT002,PR-TQJ,12,Realizado,Meteorologia,0,0
2025-002971,XYZ252971,2025-07-13,03:00,2025-07-13 03:23,SBGR,SBCF,ROT003,PR-UKM,23,Realizado,Meteorologia,0,0
2025-002972,XYZ252972,2025-07-13,03:00,2025-07-13 03:18,SBGR,SBPA,ROT004,PR-VPN,18,Realizado,Meteorologia,0,0
2025-002973,XYZ252973,2025-07-13,03:00,2025-07-13 03:20,SBGL,SBBR,ROT010,PR-WAR,20,Realizado,Meteorologia,0,0
2025-002974,XYZ252974,2025-07-13,03:00,2025-07-13 03:38,SBGL,SBCF,ROT011,PR-XBE,38,Desviado,Meteorologia,0,1
2025-002975,XYZ252975,2025-07-13,03:00,2025-07-13 03:27,SBGL,SBPA,ROT012,PR-YCF,27,Desviado,Meteorologia,0,1
2025-002976,XYZ252976,2025-07-13,03:00,2025-07-13 03:11,SBGL,SBCT,ROT013,PR-ZDG,11,Realizado,Meteorologia,0,0
2025-002977,XYZ252977,2025-07-13,06:00,2025-07-13 06:16,SBGR,SBGL,ROT001,PR-ADH,16,Realizado,Meteorologia,0,0
2025-002978,XYZ252978,2025-07-13,06:00,2025-07-13 06:26,SBGR,SBBR,ROT002,PR-BKR,26,Realizado,Meteorologia,0,0
2025-002979,XYZ252979,2025-07-13,06:00,2025-07-13 06:45,SBGR,SBCF,ROT003,PR-CEV,45,Realizado,Meteorologia,0,0
2025-002980,XYZ252980,2025-07-13,06:00,2025-07-13 06:39,SBGR,SBPA,ROT004,PR-DQF,39,Realizado,Meteorologia,0,0
2025-002981,XYZ252981,2025-07-13,06:00,2025-07-13 06:55,SBGL,SBBR,ROT010,PR-EHX,55,Desviado,Meteorologia,0,1
2025-002982,XYZ252982,2025-07-13,06:00,2025-07-13 06:47,SBGL,SBCF,ROT011,PR-FKA,47,Realizado,Meteorologia,0,0
2025-002983,XYZ252983,2025-07-13,06:00,,SBGL,SBPA,ROT012,PR-GMB,0,Cancelado,Meteorologia,1,0
2025-002984,XYZ252984,2025-07-13,06:00,2025-07-13 06:30,SBGL,SBCT,ROT013,PR-HNC,30,Realizado,Meteorologia,0,0
2025-002985,XYZ252985,2025-07-13,09:00,2025-07-13 09:35,SBGR,SBGL,ROT001,PR-JRD,35,Realizado,Meteorologia,0,0
2025-002986,XYZ252986,2025-07-13,09:00,2025-07-13 09:44,SBGR,SBBR,ROT002,PR-KSE,44,Realizado,Meteorologia,0,0
2025-002987,XYZ252987,2025-07-13,09:00,2025-07-13 09:18,SBGR,SBCF,ROT003,PR-LTF,18,Realizado,Meteorologia,0,0
2025-002988,XYZ252988,2025-07-13,09:00,2025-07-13 09:42,SBGR,SBPA,ROT004,PR-MUG,42,Realizado,Meteorologia,0,0
2025-002989,XYZ252989,2025-07-13,09:00,,SBGL,SBBR,ROT010,PR-NVH,0,Cancelado,Meteorologia,1,0
2025-002990,XYZ252990,2025-07-13,09:00,2025-07-13 09:25,SBGL,SBCF,ROT011,PR-PWL,25,Realizado,Meteorologia,0,0
2025-002991,XYZ252991,2025-07-13,09:00,2025-07-13 09:41,SBGL,SBPA,ROT012,PR-QXA,41,Desviado,Meteorologia,0,1
2025-002992,XYZ252992,2025-07-13,09:00,2025-07-13 09:39,SBGL,SBCT,ROT013,PR-RYB,39,Realizado,Meteorologia,0,0
2025-002993,XYZ252993,2025-07-13,12:00,2025-07-13 12:33,SBGR,SBGL,ROT001,PR-SCD,33,Realizado,Meteorologia,0,0
2025-002994,XYZ252994,2025-07-13,12:00,2025-07-13 12:34,SBGR,SBBR,ROT002,PR-TQJ,34,Desviado,Meteorologia,0,1
2025-002995,XYZ252995,2025-07-13,12:00,2025-07-13 12:34,SBGR,SBCF,ROT003,PR-UKM,34,Realizado,Meteorologia,0,0
2025-002996,XYZ252996,2025-07-13,12:00,2025-07-13 12:32,SBGR,SBPA,ROT004,PR-VPN,32,Realizado,Meteorologia,0,0
2025-002997,XYZ252997,2025-07-13,12:00,2025-07-13 12:15,SBGL,SBBR,ROT010,PR-WAR,15,Realizado,Meteorologia,0,0
2025-002998,XYZ252998,2025-07-13,12:00,,SBGL,SBCF,ROT011,PR-XBE,0,Cancelado,Meteorologia,1,0
2025-002999,XYZ252999,2025-07-13,12:00,2025-07-13 12:24,SBGL,SBPA,ROT012,PR-YCF,24,Realizado,Meteorologia,0,0
2025-003000,XYZ253000,2025-07-13,12:00,2025-07-13 12:26,SBGL,SBCT,ROT013,PR-ZDG,26,Realizado,Meteorologia,0,0
2025-003001,XYZ253001,2025-07-14,00:00,2025-07-14 00:26,SBGR,SBGL,ROT001,PR-ADH,26,Realizado,Meteorologia,0,0
2025-003002,XYZ253002,2025-07-14,00:00,2025-07-14 00:21,SBGR,SBBR,ROT002,PR-BKR,21,Realizado,Meteorologia,0,0
2025-003003,XYZ253003,2025-07-14,00:00,2025-07-14 00:23,SBGR,SBCF,ROT003,PR-CEV,23,Realizado,Meteorologia,0,0
2025-003004,XYZ253004,2025-07-14,00:00,,SBGR,SBPA,ROT004,PR-DQF,0,Cancelado,Meteorologia,1,0
2025-003005,XYZ253005,2025-07-14,00:00,2025-07-14 00:41,SBGL,SBBR,ROT010,PR-EHX,41,Realizado,Meteorologia,0,0
2025-003006,XYZ253006,2025-07-14,00:00,2025-07-14 00:34,SBGL,SBCF,ROT011,PR-FKA,34,Realizado,Meteorologia,0,0
2025-003007,XYZ253007,2025-07-14,00:00,2025-07-14 00:12,SBGL,SBPA,ROT012,PR-GMB,12,Realizado,Meteorologia,0,0
2025-003008,XYZ253008,2025-07-14,00:00,2025-07-14 00:27,SBGL,SBCT,ROT013,PR-HNC,27,Realizado,Meteorologia,0,0
2025-003009,XYZ253009,2025-07-14,03:00,2025-07-14 03:37,SBGR,SBGL,ROT001,PR-JRD,37,Realizado,Meteorologia,0,0
2025-003010,XYZ253010,2025-07-14,03:00,2025-07-14 03:49,SBGR,SBBR,ROT002,PR-KSE,49,Realizado,Meteorologia,0,0
2025-003011,XYZ253011,2025-07-14,03:00,2025-07-14 03:21,SBGR,SBCF,ROT003,PR-LTF,21,Realizado,Meteorologia,0,0
2025-003012,XYZ253012,2025-07-14,03:00,2025-07-14 03:49,SBGR,SBPA,ROT004,PR-MUG,49,Realizado,Meteorologia,0,0
2025-003013,XYZ253013,2025-07-14,03:00,2025-07-14 03:43,SBGL,SBBR,ROT010,PR-NVH,43,Realizado,Meteorologia,0,0
2025-003014,XYZ253014,2025-07-14,03:00,2025-07-14 03:37,SBGL,SBCF,ROT011,PR-PWL,37,Realizado,Meteorologia,0,0
2025-003015,XYZ253015,2025-07-14,03:00,2025-07-14 03:34,SBGL,SBPA,ROT012,PR-QXA,34,Realizado,Meteorologia,0,0
2025-003016,XYZ253016,2025-07-14,03:00,2025-07-14 03:39,SBGL,SBCT,ROT013,PR-RYB,39,Realizado,Meteorologia,0,0
2025-003017,XYZ253017,2025-07-14,06:00,2025-07-14 06:33,SBGR,SBGL,ROT001,PR-SCD,33,Realizado,Meteorologia,0,0
2025-003018,XYZ253018,2025-07-14,06:00,2025-07-14 06:45,SBGR,SBBR,ROT002,PR-TQJ,45,Realizado,Meteorologia,0,0
2025-003019,XYZ253019,2025-07-14,06:00,2025-07-14 06:35,SBGR,SBCF,ROT003,PR-UKM,35,Realizado,Meteorologia,0,0
2025-003020,XYZ253020,2025-07-14,06:00,2025-07-14 06:26,SBGR,SBPA,ROT004,PR-VPN,26,Desviado,Meteorologia,0,1
2025-003021,XYZ253021,2025-07-14,06:00,2025-07-14 06:12,SBGL,SBBR,ROT010,PR-WAR,12,Realizado,Meteorologia,0,0
2025-003022,XYZ253022,2025-07-14,06:00,2025-07-14 06:25,SBGL,SBCF,ROT011,PR-XBE,25,Realizado,Meteorologia,0,0
2025-003023,XYZ253023,2025-07-14,06:00,2025-07-14 06:43,SBGL,SBPA,ROT012,PR-YCF,43,Desviado,Meteorologia,0,1
2025-003024,XYZ253024,2025-07-14,06:00,2025-07-14 06:14,SBGL,SBCT,ROT013,PR-ZDG,14,Realizado,Meteorologia,0,0
2025-003025,XYZ253025,2025-07-14,09:00,2025-07-14 09:23,SBGR,SBGL,ROT001,PR-ADH,23,Realizado,Meteorologia,0,0
2025-003026,XYZ253026,2025-07-14,09:00,,SBGR,SBBR,ROT002,PR-BKR,0,Cancelado,Meteorologia,1,0
2025-003027,XYZ253027,2025-07-14,09:00,,SBGR,SBCF,ROT003,PR-CEV,0,Cancelado,Meteorologia,1,0
2025-003028,XYZ253028,2025-07-14,09:00,2025-07-14 09:20,SBGR,SBPA,ROT004,PR-DQF,20,Realizado,Meteorologia,0,0
2025-003029,XYZ253029,2025-07-14,09:00,2025-07-14 09:26,SBGL,SBBR,ROT010,PR-EHX,26,Realizado,Meteorologia,0,0
2025-003030,XYZ253030,2025-07-14,09:00,2025-07-14 09:24,SBGL,SBCF,ROT011,PR-FKA,24,Realizado,Meteorologia,0,0
2025-003031,XYZ253031,2025-07-14,09:00,2025-07-14 09:19,SBGL,SBPA,ROT012,PR-GMB,19,Realizado,Meteorologia,0,0
2025-003032,XYZ253032,2025-07-14,09:00,2025-07-14 09:27,SBGL,SBCT,ROT013,PR-HNC,27,Realizado,Meteorologia,0,0
2025-003033,XYZ253033,2025-07-14,12:00,2025-07-14 12:33,SBGR,SBGL,ROT001,PR-JRD,33,Realizado,Meteorologia,0,0
2025-003034,XYZ253034,2025-07-14,12:00,2025-07-14 12:19,SBGR,SBBR,ROT002,PR-KSE,19,Realizado,Meteorologia,0,0
2025-003035,XYZ253035,2025-07-14,12:00,2025-07-14 12:45,SBGR,SBCF,ROT003,PR-LTF,45,Desviado,Meteorologia,0,1
2025-003036,XYZ253036,2025-07-14,12:00,2025-07-14 12:27,SBGR,SBPA,ROT004,PR-MUG,27,Realizado,Meteorologia,0,0
2025-003037,XYZ253037,2025-07-14,12:00,2025-07-14 12:21,SBGL,SBBR,ROT010,PR-NVH,21,Realizado,Meteorologia,0,0
2025-003038,XYZ253038,2025-07-14,12:00,2025-07-14 12:48,SBGL,SBCF,ROT011,PR-PWL,48,Desviado,Meteorologia,0,1
2025-003039,XYZ253039,2025-07-14,12:00,2025-07-14 12:24,SBGL,SBPA,ROT012,PR-QXA,24,Realizado,Meteorologia,0,0
2025-003040,XYZ253040,2025-07-14,12:00,2025-07-14 12:28,SBGL,SBCT,ROT013,PR-RYB,28,Realizado,Meteorologia,0,0
2025-003041,XYZ253041,2025-07-15,00:00,2025-07-15 00:35,SBGR,SBGL,ROT001,PR-SCD,35,Realizado,Meteorologia,0,0
2025-003042,XYZ253042,2025-07-15,00:00,,SBGR,SBBR,ROT002,PR-TQJ,0,Cancelado,Meteorologia,1,0
2025-003043,XYZ253043,2025-07-15,00:00,2025-07-15 00:32,SBGR,SBCF,ROT003,PR-UKM,32,Realizado,Meteorologia,0,0
2025-003044,XYZ253044,2025-07-15,00:00,2025-07-15 00:48,SBGR,SBPA,ROT004,PR-VPN,48,Realizado,Meteorologia,0,0
2025-003045,XYZ253045,2025-07-15,00:00,2025-07-15 00:40,SBGL,SBBR,ROT010,PR-WAR,40,Realizado,Meteorologia,0,0
2025-003046,XYZ253046,2025-07-15,00:00,2025-07-15 00:44,SBGL,SBCF,ROT011,PR-XBE,44,Realizado,Meteorologia,0,0
2025-003047,XYZ253047,2025-07-15,00:00,2025-07-15 00:36,SBGL,SBPA,ROT012,PR-YCF,36,Realizado,Meteorologia,0,0
2025-003048,XYZ253048,2025-07-15,00:00,2025-07-15 00:38,SBGL,SBCT,ROT013,PR-ZDG,38,Realizado,Meteorologia,0,0
2025-003049,XYZ253049,2025-07-15,03:00,,SBGR,SBGL,ROT001,PR-ADH,0,Cancelado,Meteorologia,1,0
2025-003050,XYZ253050,2025-07-15,03:00,2025-07-15 03:31,SBGR,SBBR,ROT002,PR-BKR,31,Realizado,Meteorologia,0,0
2025-003051,XYZ253051,2025-07-15,03:00,2025-07-15 03:44,SBGR,SBCF,ROT003,PR-CEV,44,Realizado,Meteorologia,0,0
2025-003052,XYZ253052,2025-07-15,03:00,2025-07-15 03:35,SBGR,SBPA,ROT004,PR-DQF,35,Realizado,Meteorologia,0,0
2025-003053,XYZ253053,2025-07-15,03:00,2025-07-15 03:40,SBGL,SBBR,ROT010,PR-EHX,40,Realizado,Meteorologia,0,0
2025-003054,XYZ253054,2025-07-15,03:00,2025-07-15 03:27,SBGL,SBCF,ROT011,PR-FKA,27,Realizado,Meteorologia,0,0
2025-003055,XYZ253055,2025-07-15,03:00,2025-07-15 03:47,SBGL,SBPA,ROT012,PR-GMB,47,Realizado,Meteorologia,0,0
2025-003056,XYZ253056,2025-07-15,03:00,2025-07-15 03:12,SBGL,SBCT,ROT013,PR-HNC,12,Realizado,Meteorologia,0,0
2025-003057,XYZ253057,2025-07-15,06:00,2025-07-15 06:38,SBGR,SBGL,ROT001,PR-JRD,38,Realizado,Meteorologia,0,0
2025-003058,XYZ253058,2025-07-15,06:00,2025-07-15 06:36,SBGR,SBBR,ROT002,PR-KSE,36,Realizado,Meteorologia,0,0
2025-003059,XYZ253059,2025-07-15,06:00,2025-07-15 06:26,SBGR,SBCF,ROT003,PR-LTF,26,Realizado,Meteorologia,0,0
2025-003060,XYZ253060,2025-07-15,06:00,2025-07-15 06:22,SBGR,SBPA,ROT004,PR-MUG,22,Realizado,Meteorologia,0,0
2025-003061,XYZ253061,2025-07-15,06:00,2025-07-15 06:36,SBGL,SBBR,ROT010,PR-NVH,36,Desviado,Meteorologia,0,1
2025-003062,XYZ253062,2025-07-15,06:00,2025-07-15 06:27,SBGL,SBCF,ROT011,PR-PWL,27,Realizado,Meteorologia,0,0
2025-003063,XYZ253063,2025-07-15,06:00,2025-07-15 06:42,SBGL,SBPA,ROT012,PR-QXA,42,Realizado,Meteorologia,0,0
2025-003064,XYZ253064,2025-07-15,06:00,2025-07-15 06:20,SBGL,SBCT,ROT013,PR-RYB,20,Realizado,Meteorologia,0,0
2025-003065,XYZ253065,2025-07-15,09:00,2025-07-15 09:12,SBGR,SBGL,ROT001,PR-SCD,12,Realizado,Meteorologia,0,0
2025-003066,XYZ253066,2025-07-15,09:00,2025-07-15 09:38,SBGR,SBBR,ROT002,PR-TQJ,38,Realizado,Meteorologia,0,0
2025-003067,XYZ253067,2025-07-15,09:00,2025-07-15 09:18,SBGR,SBCF,ROT003,PR-UKM,18,Realizado,Meteorologia,0,0
2025-003068,XYZ253068,2025-07-15,09:00,2025-07-15 09:39,SBGR,SBPA,ROT004,PR-VPN,39,Realizado,Meteorologia,0,0
2025-003069,XYZ253069,2025-07-15,09:00,2025-07-15 09:13,SBGL,SBBR,ROT010,PR-WAR,13,Realizado,Meteorologia,0,0
2025-003070,XYZ253070,2025-07-15,09:00,2025-07-15 09:34,SBGL,SBCF,ROT011,PR-XBE,34,Realizado,Meteorologia,0,0
2025-003071,XYZ253071,2025-07-15,09:00,2025-07-15 09:15,SBGL,SBPA,ROT012,PR-YCF,15,Realizado,Meteorologia,0,0
2025-003072,XYZ253072,2025-07-15,09:00,2025-07-15 09:17,SBGL,SBCT,ROT013,PR-ZDG,17,Realizado,Meteorologia,0,0
2025-003073,XYZ253073,2025-07-15,12:00,,SBGR,SBGL,ROT001,PR-ADH,0,Cancelado,Meteorologia,1,0
2025-003074,XYZ253074,2025-07-15,12:00,2025-07-15 12:35,SBGR,SBBR,ROT002,PR-BKR,35,Realizado,Meteorologia,0,0
2025-003075,XYZ253075,2025-07-15,12:00,2025-07-15 12:23,SBGR,SBCF,ROT003,PR-CEV,23,Realizado,Meteorologia,0,0
2025-003076,XYZ253076,2025-07-15,12:00,2025-07-15 12:40,SBGR,SBPA,ROT004,PR-DQF,40,Realizado,Meteorologia,0,0
2025-003077,XYZ253077,2025-07-15,12:00,2025-07-15 12:24,SBGL,SBBR,ROT010,PR-EHX,24,Realizado,Meteorologia,0,0
2025-003078,XYZ253078,2025-07-15,12:00,2025-07-15 12:24,SBGL,SBCF,ROT011,PR-FKA,24,Realizado,Meteorologia,0,0
2025-003079,XYZ253079,2025-07-15,12:00,2025-07-15 12:17,SBGL,SBPA,ROT012,PR-GMB,17,Realizado,Meteorologia,0,0
2025-003080,XYZ253080,2025-07-15,12:00,2025-07-15 12:12,SBGL,SBCT,ROT013,PR-HNC,12,Realizado,Meteorologia,0,0
2025-003081,XYZ253081,2025-07-16,00:00,2025-07-16 00:41,SBGR,SBGL,ROT001,PR-JRD,41,Realizado,Meteorologia,0,0
2025-003082,XYZ253082,2025-07-16,00:00,2025-07-16 00:17,SBGR,SBBR,ROT002,PR-KSE,17,Realizado,Meteorologia,0,0
2025-003083,XYZ253083,2025-07-16,00:00,2025-07-16 00:11,SBGR,SBCF,ROT003,PR-LTF,11,Realizado,Meteorologia,0,0
2025-003084,XYZ253084,2025-07-16,00:00,2025-07-16 00:12,SBGR,SBPA,ROT004,PR-MUG,12,Realizado,Meteorologia,0,0
2025-003085,XYZ253085,2025-07-16,00:00,2025-07-16 00:49,SBGL,SBBR,ROT010,PR-NVH,49,Realizado,Meteorologia,0,0
2025-003086,XYZ253086,2025-07-16,00:00,2025-07-16 00:26,SBGL,SBCF,ROT011,PR-PWL,26,Realizado,Meteorologia,0,0
2025-003087,XYZ253087,2025-07-16,00:00,2025-07-16 00:15,SBGL,SBPA,ROT012,PR-QXA,15,Realizado,Meteorologia,0,0
2025-003088,XYZ253088,2025-07-16,00:00,2025-07-16 00:40,SBGL,SBCT,ROT013,PR-RYB,40,Realizado,Meteorologia,0,0
2025-003089,XYZ253089,2025-07-16,03:00,2025-07-16 03:41,SBGR,SBGL,ROT001,PR-SCD,41,Realizado,Meteorologia,0,0
2025-003090,XYZ253090,2025-07-16,03:00,,SBGR,SBBR,ROT002,PR-TQJ,0,Cancelado,Meteorologia,1,0
2025-003091,XYZ253091,2025-07-16,03:00,2025-07-16 03:46,SBGR,SBCF,ROT003,PR-UKM,46,Realizado,Meteorologia,0,0
2025-003092,XYZ253092,2025-07-16,03:00,,SBGR,SBPA,ROT004,PR-VPN,0,Cancelado,Meteorologia,1,0
2025-003093,XYZ253093,2025-07-16,03:00,2025-07-16 03:46,SBGL,SBBR,ROT010,PR-WAR,46,Realizado,Meteorologia,0,0
2025-003094,XYZ253094,2025-07-16,03:00,2025-07-16 03:39,SBGL,SBCF,ROT011,PR-XBE,39,Realizado,Meteorologia,0,0
2025-003095,XYZ253095,2025-07-16,03:00,2025-07-16 03:24,SBGL,SBPA,ROT012,PR-YCF,24,Realizado,Meteorologia,0,0
2025-003096,XYZ253096,2025-07-16,03:00,2025-07-16 03:21,SBGL,SBCT,ROT013,PR-ZDG,21,Realizado,Meteorologia,0,0
2025-003097,XYZ253097,2025-07-16,06:00,2025-07-16 06:33,SBGR,SBGL,ROT001,PR-ADH,33,Realizado,Meteorologia,0,0
2025-003098,XYZ253098,2025-07-16,06:00,2025-07-16 06:14,SBGR,SBBR,ROT002,PR-BKR,14,Realizado,Meteorologia,0,0
2025-003099,XYZ253099,2025-07-16,06:00,2025-07-16 06:19,SBGR,SBCF,ROT003,PR-CEV,19,Realizado,Meteorologia,0,0
2025-003100,XYZ253100,2025-07-16,06:00,2025-07-16 06:32,SBGR,SBPA,ROT004,PR-DQF,32,Realizado,Meteorologia,0,0
2025-003101,XYZ253101,2025-07-16,06:00,2025-07-16 06:46,SBGL,SBBR,ROT010,PR-EHX,46,Realizado,Meteorologia,0,0
2025-003102,XYZ253102,2025-07-16,06:00,2025-07-16 06:48,SBGL,SBCF,ROT011,PR-FKA,48,Realizado,Meteorologia,0,0
2025-003103,XYZ253103,2025-07-16,06:00,2025-07-16 06:25,SBGL,SBPA,ROT012,PR-GMB,25,Realizado,Meteorologia,0,0
2025-003104,XYZ253104,2025-07-16,06:00,2025-07-16 06:14,SBGL,SBCT,ROT013,PR-HNC,14,Realizado,Meteorologia,0,0
2025-003105,XYZ253105,2025-07-16,09:00,2025-07-16 09:32,SBGR,SBGL,ROT001,PR-JRD,32,Realizado,Meteorologia,0,0
2025-003106,XYZ253106,2025-07-16,09:00,2025-07-16 09:37,SBGR,SBBR,ROT002,PR-KSE,37,Realizado,Meteorologia,0,0
2025-003107,XYZ253107,2025-07-16,09:00,2025-07-16 09:20,SBGR,SBCF,ROT003,PR-LTF,20,Realizado,Meteorologia,0,0
2025-003108,XYZ253108,2025-07-16,09:00,2025-07-16 09:21,SBGR,SBPA,ROT004,PR-MUG,21,Realizado,Meteorologia,0,0
2025-003109,XYZ253109,2025-07-16,09:00,2025-07-16 09:28,SBGL,SBBR,ROT010,PR-NVH,28,Realizado,Meteorologia,0,0
2025-003110,XYZ253110,2025-07-16,09:00,2025-07-16 09:11,SBGL,SBCF,ROT011,PR-PWL,11,Realizado,Meteorologia,0,0
2025-003111,XYZ253111,2025-07-16,09:00,2025-07-16 09:32,SBGL,SBPA,ROT012,PR-QXA,32,Realizado,Meteorologia,0,0
2025-003112,XYZ253112,2025-07-16,09:00,2025-07-16 09:33,SBGL,SBCT,ROT013,PR-RYB,33,Realizado,Meteorologia,0,0
2025-003113,XYZ253113,2025-07-16,12:00,2025-07-16 12:46,SBGR,SBGL,ROT001,PR-SCD,46,Realizado,Meteorologia,0,0
2025-003114,XYZ253114,2025-07-16,12:00,2025-07-16 12:10,SBGR,SBBR,ROT002,PR-TQJ,10,Realizado,Meteorologia,0,0
2025-003115,XYZ253115,2025-07-16,12:00,2025-07-16 12:40,SBGR,SBCF,ROT003,PR-UKM,40,Realizado,Meteorologia,0,0
2025-003116,XYZ253116,2025-07-16,12:00,2025-07-16 12:12,SBGR,SBPA,ROT004,PR-VPN,12,Realizado,Meteorologia,0,0
2025-003117,XYZ253117,2025-07-16,12:00,2025-07-16 12:30,SBGL,SBBR,ROT010,PR-WAR,30,Realizado,Meteorologia,0,0
2025-003118,XYZ253118,2025-07-16,12:00,2025-07-16 12:14,SBGL,SBCF,ROT011,PR-XBE,14,Realizado,Meteorologia,0,0
2025-003119,XYZ253119,2025-07-16,12:00,2025-07-16 12:48,SBGL,SBPA,ROT012,PR-YCF,48,Realizado,Meteorologia,0,0
2025-003120,XYZ253120,2025-07-16,12:00,2025-07-16 12:19,SBGL,SBCT,ROT013,PR-ZDG,19,Realizado,Meteorologia,0,0
2025-003121,XYZ253121,2025-07-17,00:00,2025-07-17 00:29,SBGR,SBGL,ROT001,PR-ADH,29,Desviado,Meteorologia,0,1
2025-003122,XYZ253122,2025-07-17,00:00,2025-07-17 00:22,SBGR,SBBR,ROT002,PR-BKR,22,Realizado,Meteorologia,0,0
2025-003123,XYZ253123,2025-07-17,00:00,2025-07-17 00:25,SBGR,SBCF,ROT003,PR-CEV,25,Realizado,Meteorologia,0,0
2025-003124,XYZ253124,2025-07-17,00:00,2025-07-17 00:41,SBGR,SBPA,ROT004,PR-DQF,41,Realizado,Meteorologia,0,0
2025-003125,XYZ253125,2025-07-17,00:00,2025-07-17 00:25,SBGL,SBBR,ROT010,PR-EHX,25,Realizado,Meteorologia,0,0
2025-003126,XYZ253126,2025-07-17,00:00,2025-07-17 00:41,SBGL,SBCF,ROT011,PR-FKA,41,Realizado,Meteorologia,0,0
2025-003127,XYZ253127,2025-07-17,00:00,2025-07-17 00:17,SBGL,SBPA,ROT012,PR-GMB,17,Realizado,Meteorologia,0,0
2025-003128,XYZ253128,2025-07-17,00:00,2025-07-17 00:26,SBGL,SBCT,ROT013,PR-HNC,26,Realizado,Meteorologia,0,0
2025-003129,XYZ253129,2025-07-17,03:00,2025-07-17 03:13,SBGR,SBGL,ROT001,PR-JRD,13,Realizado,Meteorologia,0,0
2025-003130,XYZ253130,2025-07-17,03:00,2025-07-17 03:24,SBGR,SBBR,ROT002,PR-KSE,24,Desviado,Meteorologia,0,1
2025-003131,XYZ253131,2025-07-17,03:00,2025-07-17 03:12,SBGR,SBCF,ROT003,PR-LTF,12,Realizado,Meteorologia,0,0
2025-003132,XYZ253132,2025-07-17,03:00,2025-07-17 03:22,SBGR,SBPA,ROT004,PR-MUG,22,Realizado,Meteorologia,0,0
2025-003133,XYZ253133,2025-07-17,03:00,2025-07-17 03:17,SBGL,SBBR,ROT010,PR-NVH,17,Realizado,Meteorologia,0,0
2025-003134,XYZ253134,2025-07-17,03:00,2025-07-17 03:19,SBGL,SBCF,ROT011,PR-PWL,19,Realizado,Meteorologia,0,0
2025-003135,XYZ253135,2025-07-17,03:00,2025-07-17 03:42,SBGL,SBPA,ROT012,PR-QXA,42,Realizado,Meteorologia,0,0
2025-003136,XYZ253136,2025-07-17,03:00,,SBGL,SBCT,ROT013,PR-RYB,0,Cancelado,Meteorologia,1,0
2025-003137,XYZ253137,2025-07-17,06:00,2025-07-17 06:14,SBGR,SBGL,ROT001,PR-SCD,14,Realizado,Meteorologia,0,0
2025-003138,XYZ253138,2025-07-17,06:00,2025-07-17 06:19,SBGR,SBBR,ROT002,PR-TQJ,19,Realizado,Meteorologia,0,0
2025-003139,XYZ253139,2025-07-17,06:00,2025-07-17 06:13,SBGR,SBCF,ROT003,PR-UKM,13,Realizado,Meteorologia,0,0
2025-003140,XYZ253140,2025-07-17,06:00,2025-07-17 06:18,SBGR,SBPA,ROT004,PR-VPN,18,Realizado,Meteorologia,0,0
2025-003141,XYZ253141,2025-07-17,06:00,2025-07-17 06:40,SBGL,SBBR,ROT010,PR-WAR,40,Realizado,Meteorologia,0,0
2025-003142,XYZ253142,2025-07-17,06:00,2025-07-17 06:45,SBGL,SBCF,ROT011,PR-XBE,45,Realizado,Meteorologia,0,0
2025-003143,XYZ253143,2025-07-17,06:00,2025-07-17 06:28,SBGL,SBPA,ROT012,PR-YCF,28,Realizado,Meteorologia,0,0
2025-003144,XYZ253144,2025-07-17,06:00,2025-07-17 06:15,SBGL,SBCT,ROT013,PR-ZDG,15,Realizado,Meteorologia,0,0
2025-003145,XYZ253145,2025-07-17,09:00,2025-07-17 09:43,SBGR,SBGL,ROT001,PR-ADH,43,Desviado,Meteorologia,0,1
2025-003146,XYZ253146,2025-07-17,09:00,2025-07-17 09:20,SBGR,SBBR,ROT002,PR-BKR,20,Realizado,Meteorologia,0,0
2025-003147,XYZ253147,2025-07-17,09:00,2025-07-17 09:57,SBGR,SBCF,ROT003,PR-CEV,57,Desviado,Meteorologia,0,1
2025-003148,XYZ253148,2025-07-17,09:00,2025-07-17 09:24,SBGR,SBPA,ROT004,PR-DQF,24,Realizado,Meteorologia,0,0
2025-003149,XYZ253149,2025-07-17,09:00,2025-07-17 09:30,SBGL,SBBR,ROT010,PR-EHX,30,Desviado,Meteorologia,0,1
2025-003150,XYZ253150,2025-07-17,09:00,2025-07-17 09:19,SBGL,SBCF,ROT011,PR-FKA,19,Realizado,Meteorologia,0,0
2025-003151,XYZ253151,2025-07-17,09:00,2025-07-17 09:37,SBGL,SBPA,ROT012,PR-GMB,37,Realizado,Meteorologia,0,0
2025-003152,XYZ253152,2025-07-17,09:00,2025-07-17 09:35,SBGL,SBCT,ROT013,PR-HNC,35,Realizado,Meteorologia,0,0
2025-003153,XYZ253153,2025-07-17,12:00,2025-07-17 12:22,SBGR,SBGL,ROT001,PR-JRD,22,Desviado,Meteorologia,0,1
2025-003154,XYZ253154,2025-07-17,12:00,2025-07-17 12:33,SBGR,SBBR,ROT002,PR-KSE,33,Realizado,Meteorologia,0,0
2025-003155,XYZ253155,2025-07-17,12:00,2025-07-17 12:36,SBGR,SBCF,ROT003,PR-LTF,36,Realizado,Meteorologia,0,0
2025-003156,XYZ253156,2025-07-17,12:00,2025-07-17 12:19,SBGR,SBPA,ROT004,PR-MUG,19,Realizado,Meteorologia,0,0
2025-003157,XYZ253157,2025-07-17,12:00,2025-07-17 12:41,SBGL,SBBR,ROT010,PR-NVH,41,Realizado,Meteorologia,0,0
2025-003158,XYZ253158,2025-07-17,12:00,2025-07-17 12:39,SBGL,SBCF,ROT011,PR-PWL,39,Desviado,Meteorologia,0,1
2025-003159,XYZ253159,2025-07-17,12:00,2025-07-17 12:34,SBGL,SBPA,ROT012,PR-QXA,34,Realizado,Meteorologia,0,0
2025-003160,XYZ253160,2025-07-17,12:00,2025-07-17 12:19,SBGL,SBCT,ROT013,PR-RYB,19,Realizado,Meteorologia,0,0
2025-003161,XYZ253161,2025-07-18,00:00,2025-07-18 00:42,SBGR,SBGL,ROT001,PR-SCD,42,Realizado,Meteorologia,0,0
2025-003162,XYZ253162,2025-07-18,00:00,2025-07-18 00:32,SBGR,SBBR,ROT002,PR-TQJ,32,Realizado,Meteorologia,0,0
2025-003163,XYZ253163,2025-07-18,00:00,2025-07-18 00:33,SBGR,SBCF,ROT003,PR-UKM,33,Realizado,Meteorologia,0,0
2025-003164,XYZ253164,2025-07-18,00:00,2025-07-18 00:13,SBGR,SBPA,ROT004,PR-VPN,13,Realizado,Meteorologia,0,0
2025-003165,XYZ253165,2025-07-18,00:00,2025-07-18 00:35,SBGL,SBBR,ROT010,PR-WAR,35,Realizado,Meteorologia,0,0
2025-003166,XYZ253166,2025-07-18,00:00,2025-07-18 00:22,SBGL,SBCF,ROT011,PR-XBE,22,Realizado,Meteorologia,0,0
2025-003167,XYZ253167,2025-07-18,00:00,2025-07-18 00:48,SBGL,SBPA,ROT012,PR-YCF,48,Realizado,Meteorologia,0,0
2025-003168,XYZ253168,2025-07-18,00:00,2025-07-18 00:30,SBGL,SBCT,ROT013,PR-ZDG,30,Realizado,Meteorologia,0,0
2025-003169,XYZ253169,2025-07-18,03:00,2025-07-18 03:32,SBGR,SBGL,ROT001,PR-ADH,32,Realizado,Meteorologia,0,0
2025-003170,XYZ253170,2025-07-18,03:00,2025-07-18 03:49,SBGR,SBBR,ROT002,PR-BKR,49,Realizado,Meteorologia,0,0
2025-003171,XYZ253171,2025-07-18,03:00,2025-07-18 03:48,SBGR,SBCF,ROT003,PR-CEV,48,Realizado,Meteorologia,0,0
2025-003172,XYZ253172,2025-07-18,03:00,2025-07-18 03:22,SBGR,SBPA,ROT004,PR-DQF,22,Realizado,Meteorologia,0,0
2025-003173,XYZ253173,2025-07-18,03:00,2025-07-18 03:40,SBGL,SBBR,ROT010,PR-EHX,40,Realizado,Meteorologia,0,0
2025-003174,XYZ253174,2025-07-18,03:00,2025-07-18 03:46,SBGL,SBCF,ROT011,PR-FKA,46,Realizado,Meteorologia,0,0
2025-003175,XYZ253175,2025-07-18,03:00,2025-07-18 03:20,SBGL,SBPA,ROT012,PR-GMB,20,Realizado,Meteorologia,0,0
2025-003176,XYZ253176,2025-07-18,03:00,2025-07-18 03:13,SBGL,SBCT,ROT013,PR-HNC,13,Realizado,Meteorologia,0,0
2025-003177,XYZ253177,2025-07-18,06:00,2025-07-18 06:42,SBGR,SBGL,ROT001,PR-JRD,42,Realizado,Meteorologia,0,0
2025-003178,XYZ253178,2025-07-18,06:00,2025-07-18 06:35,SBGR,SBBR,ROT002,PR-KSE,35,Realizado,Meteorologia,0,0
2025-003179,XYZ253179,2025-07-18,06:00,2025-07-18 06:36,SBGR,SBCF,ROT003,PR-LTF,36,Realizado,Meteorologia,0,0
2025-003180,XYZ253180,2025-07-18,06:00,2025-07-18 06:40,SBGR,SBPA,ROT004,PR-MUG,40,Realizado,Meteorologia,0,0
2025-003181,XYZ253181,2025-07-18,06:00,2025-07-18 06:32,SBGL,SBBR,ROT010,PR-NVH,32,Realizado,Meteorologia,0,0
2025-003182,XYZ253182,2025-07-18,06:00,2025-07-18 06:22,SBGL,SBCF,ROT011,PR-PWL,22,Realizado,Meteorologia,0,0
2025-003183,XYZ253183,2025-07-18,06:00,,SBGL,SBPA,ROT012,PR-QXA,0,Cancelado,Meteorologia,1,0
2025-003184,XYZ253184,2025-07-18,06:00,2025-07-18 06:42,SBGL,SBCT,ROT013,PR-RYB,42,Desviado,Meteorologia,0,1
2025-003185,XYZ253185,2025-07-18,09:00,2025-07-18 09:37,SBGR,SBGL,ROT001,PR-SCD,37,Realizado,Meteorologia,0,0
2025-003186,XYZ253186,2025-07-18,09:00,2025-07-18 09:15,SBGR,SBBR,ROT002,PR-TQJ,15,Realizado,Meteorologia,0,0
2025-003187,XYZ253187,2025-07-18,09:00,2025-07-18 09:47,SBGR,SBCF,ROT003,PR-UKM,47,Realizado,Meteorologia,0,0
2025-003188,XYZ253188,2025-07-18,09:00,2025-07-18 09:18,SBGR,SBPA,ROT004,PR-VPN,18,Realizado,Meteorologia,0,0
2025-003189,XYZ253189,2025-07-18,09:00,2025-07-18 09:22,SBGL,SBBR,ROT010,PR-WAR,22,Realizado,Meteorologia,0,0
2025-003190,XYZ253190,2025-07-18,09:00,2025-07-18 09:39,SBGL,SBCF,ROT011,PR-XBE,39,Realizado,Meteorologia,0,0
2025-003191,XYZ253191,2025-07-18,09:00,2025-07-18 09:34,SBGL,SBPA,ROT012,PR-YCF,34,Desviado,Meteorologia,0,1
2025-003192,XYZ253192,2025-07-18,09:00,2025-07-18 09:30,SBGL,SBCT,ROT013,PR-ZDG,30,Desviado,Meteorologia,0,1
2025-003193,XYZ253193,2025-07-18,12:00,2025-07-18 12:36,SBGR,SBGL,ROT001,PR-ADH,36,Desviado,Meteorologia,0,1
2025-003194,XYZ253194,2025-07-18,12:00,2025-07-18 12:32,SBGR,SBBR,ROT002,PR-BKR,32,Realizado,Meteorologia,0,0
2025-003195,XYZ253195,2025-07-18,12:00,2025-07-18 12:10,SBGR,SBCF,ROT003,PR-CEV,10,Realizado,Meteorologia,0,0
2025-003196,XYZ253196,2025-07-18,12:00,2025-07-18 12:44,SBGR,SBPA,ROT004,PR-DQF,44,Desviado,Meteorologia,0,1
2025-003197,XYZ253197,2025-07-18,12:00,2025-07-18 12:41,SBGL,SBBR,ROT010,PR-EHX,41,Realizado,Meteorologia,0,0
2025-003198,XYZ253198,2025-07-18,12:00,2025-07-18 12:37,SBGL,SBCF,ROT011,PR-FKA,37,Desviado,Meteorologia,0,1
2025-003199,XYZ253199,2025-07-18,12:00,2025-07-18 12:30,SBGL,SBPA,ROT012,PR-GMB,30,Realizado,Meteorologia,0,0
2025-003200,XYZ253200,2025-07-18,12:00,2025-07-18 12:21,SBGL,SBCT,ROT013,PR-HNC,21,Desviado,Meteorologia,0,1
2025-003201,XYZ253201,2025-07-19,00:00,2025-07-19 00:10,SBGR,SBGL,ROT001,PR-JRD,10,Realizado,Meteorologia,0,0
2025-003202,XYZ253202,2025-07-19,00:00,2025-07-19 00:22,SBGR,SBBR,ROT002,PR-KSE,22,Realizado,Meteorologia,0,0
2025-003203,XYZ253203,2025-07-19,00:00,2025-07-19 00:19,SBGR,SBCF,ROT003,PR-LTF,19,Realizado,Meteorologia,0,0
2025-003204,XYZ253204,2025-07-19,00:00,2025-07-19 00:37,SBGR,SBPA,ROT004,PR-MUG,37,Realizado,Meteorologia,0,0
2025-003205,XYZ253205,2025-07-19,00:00,2025-07-19 00:30,SBGL,SBBR,ROT010,PR-NVH,30,Realizado,Meteorologia,0,0
2025-003206,XYZ253206,2025-07-19,00:00,2025-07-19 00:23,SBGL,SBCF,ROT011,PR-PWL,23,Realizado,Meteorologia,0,0
2025-003207,XYZ253207,2025-07-19,00:00,2025-07-19 00:18,SBGL,SBPA,ROT012,PR-QXA,18,Realizado,Meteorologia,0,0
2025-003208,XYZ253208,2025-07-19,00:00,2025-07-19 00:47,SBGL,SBCT,ROT013,PR-RYB,47,Realizado,Meteorologia,0,0
2025-003209,XYZ253209,2025-07-19,03:00,2025-07-19 03:13,SBGR,SBGL,ROT001,PR-SCD,13,Realizado,Meteorologia,0,0
2025-003210,XYZ253210,2025-07-19,03:00,2025-07-19 03:17,SBGR,SBBR,ROT002,PR-TQJ,17,Realizado,Meteorologia,0,0
2025-003211,XYZ253211,2025-07-19,03:00,2025-07-19 03:54,SBGR,SBCF,ROT003,PR-UKM,54,Desviado,Meteorologia,0,1
2025-003212,XYZ253212,2025-07-19,03:00,2025-07-19 03:29,SBGR,SBPA,ROT004,PR-VPN,29,Realizado,Meteorologia,0,0
2025-003213,XYZ253213,2025-07-19,03:00,2025-07-19 03:21,SBGL,SBBR,ROT010,PR-WAR,21,Desviado,Meteorologia,0,1
2025-003214,XYZ253214,2025-07-19,03:00,2025-07-19 03:49,SBGL,SBCF,ROT011,PR-XBE,49,Realizado,Meteorologia,0,0
2025-003215,XYZ253215,2025-07-19,03:00,2025-07-19 03:33,SBGL,SBPA,ROT012,PR-YCF,33,Realizado,Meteorologia,0,0
2025-003216,XYZ253216,2025-07-19,03:00,2025-07-19 03:38,SBGL,SBCT,ROT013,PR-ZDG,38,Realizado,Meteorologia,0,0
2025-003217,XYZ253217,2025-07-19,06:00,2025-07-19 06:23,SBGR,SBGL,ROT001,PR-ADH,23,Realizado,Meteorologia,0,0
2025-003218,XYZ253218,2025-07-19,06:00,2025-07-19 06:47,SBGR,SBBR,ROT002,PR-BKR,47,Realizado,Meteorologia,0,0
2025-003219,XYZ253219,2025-07-19,06:00,2025-07-19 06:41,SBGR,SBCF,ROT003,PR-CEV,41,Realizado,Meteorologia,0,0
2025-003220,XYZ253220,2025-07-19,06:00,2025-07-19 06:22,SBGR,SBPA,ROT004,PR-DQF,22,Realizado,Meteorologia,0,0
2025-003221,XYZ253221,2025-07-19,06:00,2025-07-19 06:45,SBGL,SBBR,ROT010,PR-EHX,45,Realizado,Meteorologia,0,0
2025-003222,XYZ253222,2025-07-19,06:00,2025-07-19 06:16,SBGL,SBCF,ROT011,PR-FKA,16,Realizado,Meteorologia,0,0
2025-003223,XYZ253223,2025-07-19,06:00,2025-07-19 06:32,SBGL,SBPA,ROT012,PR-GMB,32,Realizado,Meteorologia,0,0
2025-003224,XYZ253224,2025-07-19,06:00,2025-07-19 06:44,SBGL,SBCT,ROT013,PR-HNC,44,Realizado,Meteorologia,0,0
2025-003225,XYZ253225,2025-07-19,09:00,2025-07-19 09:17,SBGR,SBGL,ROT001,PR-JRD,17,Realizado,Meteorologia,0,0
2025-003226,XYZ253226,2025-07-19,09:00,2025-07-19 09:29,SBGR,SBBR,ROT002,PR-KSE,29,Realizado,Meteorologia,0,0
2025-003227,XYZ253227,2025-07-19,09:00,2025-07-19 09:29,SBGR,SBCF,ROT003,PR-LTF,29,Realizado,Meteorologia,0,0
2025-003228,XYZ253228,2025-07-19,09:00,2025-07-19 09:39,SBGR,SBPA,ROT004,PR-MUG,39,Realizado,Meteorologia,0,0
2025-003229,XYZ253229,2025-07-19,09:00,2025-07-19 09:17,SBGL,SBBR,ROT010,PR-NVH,17,Realizado,Meteorologia,0,0
2025-003230,XYZ253230,2025-07-19,09:00,2025-07-19 09:21,SBGL,SBCF,ROT011,PR-PWL,21,Realizado,Meteorologia,0,0
2025-003231,XYZ253231,2025-07-19,09:00,2025-07-19 09:24,SBGL,SBPA,ROT012,PR-QXA,24,Realizado,Meteorologia,0,0
2025-003232,XYZ253232,2025-07-19,09:00,2025-07-19 09:28,SBGL,SBCT,ROT013,PR-RYB,28,Realizado,Meteorologia,0,0
2025-003233,XYZ253233,2025-07-19,12:00,,SBGR,SBGL,ROT001,PR-SCD,0,Cancelado,Meteorologia,1,0
2025-003234,XYZ253234,2025-07-19,12:00,2025-07-19 12:42,SBGR,SBBR,ROT002,PR-TQJ,42,Realizado,Meteorologia,0,0
2025-003235,XYZ253235,2025-07-19,12:00,2025-07-19 12:34,SBGR,SBCF,ROT003,PR-UKM,34,Realizado,Meteorologia,0,0
2025-003236,XYZ253236,2025-07-19,12:00,2025-07-19 12:38,SBGR,SBPA,ROT004,PR-VPN,38,Desviado,Meteorologia,0,1
2025-003237,XYZ253237,2025-07-19,12:00,2025-07-19 12:33,SBGL,SBBR,ROT010,PR-WAR,33,Realizado,Meteorologia,0,0
2025-003238,XYZ253238,2025-07-19,12:00,2025-07-19 12:34,SBGL,SBCF,ROT011,PR-XBE,34,Realizado,Meteorologia,0,0
2025-003239,XYZ253239,2025-07-19,12:00,2025-07-19 12:44,SBGL,SBPA,ROT012,PR-YCF,44,Realizado,Meteorologia,0,0
2025-003240,XYZ253240,2025-07-19,12:00,2025-07-19 12:13,SBGL,SBCT,ROT013,PR-ZDG,13,Realizado,Meteorologia,0,0
2025-003241,XYZ253241,2025-07-20,00:00,2025-07-20 00:23,SBGR,SBGL,ROT001,PR-ADH,23,Realizado,Meteorologia,0,0
2025-003242,XYZ253242,2025-07-20,00:00,2025-07-20 00:41,SBGR,SBBR,ROT002,PR-BKR,41,Realizado,Meteorologia,0,0
2025-003243,XYZ253243,2025-07-20,00:00,2025-07-20 00:27,SBGR,SBCF,ROT003,PR-CEV,27,Realizado,Meteorologia,0,0
2025-003244,XYZ253244,2025-07-20,00:00,,SBGR,SBPA,ROT004,PR-DQF,0,Cancelado,Meteorologia,1,0
2025-003245,XYZ253245,2025-07-20,00:00,2025-07-20 00:09,SBGL,SBBR,ROT010,PR-EHX,9,Realizado,Tripulacao,0,0
2025-003246,XYZ253246,2025-07-20,00:00,2025-07-20 00:09,SBGL,SBCF,ROT011,PR-FKA,9,Realizado,Conexao,0,0
2025-003247,XYZ253247,2025-07-20,00:00,2025-07-20 00:03,SBGL,SBPA,ROT012,PR-GMB,3,Realizado,Operacional,0,0
2025-003248,XYZ253248,2025-07-20,00:00,2025-07-20 00:05,SBGL,SBCT,ROT013,PR-HNC,5,Realizado,Operacional,0,0
2025-003249,XYZ253249,2025-07-20,03:00,2025-07-20 03:11,SBGR,SBGL,ROT001,PR-JRD,11,Realizado,Meteorologia,0,0
2025-003250,XYZ253250,2025-07-20,03:00,,SBGR,SBBR,ROT002,PR-KSE,0,Cancelado,Meteorologia,1,0
2025-003251,XYZ253251,2025-07-20,03:00,2025-07-20 03:46,SBGR,SBCF,ROT003,PR-LTF,46,Realizado,Meteorologia,0,0
2025-003252,XYZ253252,2025-07-20,03:00,2025-07-20 03:32,SBGR,SBPA,ROT004,PR-MUG,32,Realizado,Meteorologia,0,0
2025-003253,XYZ253253,2025-07-20,03:00,2025-07-20 03:11,SBGL,SBBR,ROT010,PR-NVH,11,Realizado,Operacional,0,0
2025-003254,XYZ253254,2025-07-20,03:00,2025-07-20 03:12,SBGL,SBCF,ROT011,PR-PWL,12,Realizado,Operacional,0,0
2025-003255,XYZ253255,2025-07-20,03:00,2025-07-20 03:14,SBGL,SBPA,ROT012,PR-QXA,14,Realizado,Operacional,0,0
2025-003256,XYZ253256,2025-07-20,03:00,2025-07-20 03:02,SBGL,SBCT,ROT013,PR-RYB,2,Realizado,Operacional,0,0
2025-003257,XYZ253257,2025-07-20,06:00,2025-07-20 06:18,SBGR,SBGL,ROT001,PR-SCD,18,Realizado,Meteorologia,0,0
2025-003258,XYZ253258,2025-07-20,06:00,2025-07-20 06:49,SBGR,SBBR,ROT002,PR-TQJ,49,Realizado,Meteorologia,0,0
2025-003259,XYZ253259,2025-07-20,06:00,2025-07-20 06:47,SBGR,SBCF,ROT003,PR-UKM,47,Realizado,Meteorologia,0,0
2025-003260,XYZ253260,2025-07-20,06:00,2025-07-20 06:46,SBGR,SBPA,ROT004,PR-VPN,46,Realizado,Meteorologia,0,0
2025-003261,XYZ253261,2025-07-20,06:00,2025-07-20 06:10,SBGL,SBBR,ROT010,PR-WAR,10,Realizado,Operacional,0,0
2025-003262,XYZ253262,2025-07-20,06:00,2025-07-20 06:11,SBGL,SBCF,ROT011,PR-XBE,11,Realizado,Operacional,0,0
2025-003263,XYZ253263,2025-07-20,06:00,2025-07-20 06:12,SBGL,SBPA,ROT012,PR-YCF,12,Realizado,Operacional,0,0
2025-003264,XYZ253264,2025-07-20,06:00,2025-07-20 06:09,SBGL,SBCT,ROT013,PR-ZDG,9,Realizado,Operacional,0,0
2025-003265,XYZ253265,2025-07-20,09:00,2025-07-20 09:44,SBGR,SBGL,ROT001,PR-ADH,44,Realizado,Meteorologia,0,0
2025-003266,XYZ253266,2025-07-20,09:00,2025-07-20 09:27,SBGR,SBBR,ROT002,PR-BKR,27,Realizado,Meteorologia,0,0
2025-003267,XYZ253267,2025-07-20,09:00,2025-07-20 09:29,SBGR,SBCF,ROT003,PR-CEV,29,Realizado,Meteorologia,0,0
2025-003268,XYZ253268,2025-07-20,09:00,2025-07-20 09:17,SBGR,SBPA,ROT004,PR-DQF,17,Realizado,Meteorologia,0,0
2025-003269,XYZ253269,2025-07-20,09:00,2025-07-20 09:05,SBGL,SBBR,ROT010,PR-EHX,5,Realizado,Operacional,0,0
2025-003270,XYZ253270,2025-07-20,09:00,2025-07-20 09:08,SBGL,SBCF,ROT011,PR-FKA,8,Realizado,Operacional,0,0
2025-003271,XYZ253271,2025-07-20,09:00,2025-07-20 09:00,SBGL,SBPA,ROT012,PR-GMB,0,Realizado,Operacional,0,0
2025-003272,XYZ253272,2025-07-20,09:00,2025-07-20 09:14,SBGL,SBCT,ROT013,PR-HNC,14,Realizado,Operacional,0,0
2025-003273,XYZ253273,2025-07-20,12:00,2025-07-20 12:41,SBGR,SBGL,ROT001,PR-JRD,41,Realizado,Meteorologia,0,0
2025-003274,XYZ253274,2025-07-20,12:00,2025-07-20 12:12,SBGR,SBBR,ROT002,PR-KSE,12,Realizado,Meteorologia,0,0
2025-003275,XYZ253275,2025-07-20,12:00,2025-07-20 12:26,SBGR,SBCF,ROT003,PR-LTF,26,Realizado,Meteorologia,0,0
2025-003276,XYZ253276,2025-07-20,12:00,2025-07-20 12:30,SBGR,SBPA,ROT004,PR-MUG,30,Realizado,Meteorologia,0,0
2025-003277,XYZ253277,2025-07-20,12:00,2025-07-20 12:00,SBGL,SBBR,ROT010,PR-NVH,0,Realizado,Operacional,0,0
2025-003278,XYZ253278,2025-07-20,12:00,2025-07-20 12:08,SBGL,SBCF,ROT011,PR-PWL,8,Realizado,Operacional,0,0
2025-003279,XYZ253279,2025-07-20,12:00,2025-07-20 12:08,SBGL,SBPA,ROT012,PR-QXA,8,Realizado,Tripulacao,0,0
2025-003280,XYZ253280,2025-07-20,12:00,2025-07-20 12:02,SBGL,SBCT,ROT013,PR-RYB,2,Realizado,Operacional,0,0
2025-003281,XYZ253281,2025-07-21,00:00,2025-07-21 00:42,SBGR,SBGL,ROT001,PR-SCD,42,Desviado,Meteorologia,0,1
2025-003282,XYZ253282,2025-07-21,00:00,2025-07-21 00:37,SBGR,SBBR,ROT002,PR-TQJ,37,Desviado,Meteorologia,0,1
2025-003283,XYZ253283,2025-07-21,00:00,2025-07-21 00:48,SBGR,SBCF,ROT003,PR-UKM,48,Realizado,Meteorologia,0,0
2025-003284,XYZ253284,2025-07-21,00:00,2025-07-21 00:47,SBGR,SBPA,ROT004,PR-VPN,47,Realizado,Meteorologia,0,0
2025-003285,XYZ253285,2025-07-21,00:00,2025-07-21 00:29,SBGL,SBBR,ROT010,PR-WAR,29,Realizado,Meteorologia,0,0
2025-003286,XYZ253286,2025-07-21,00:00,2025-07-21 00:24,SBGL,SBCF,ROT011,PR-XBE,24,Realizado,Meteorologia,0,0
2025-003287,XYZ253287,2025-07-21,00:00,2025-07-21 00:33,SBGL,SBPA,ROT012,PR-YCF,33,Realizado,Meteorologia,0,0
2025-003288,XYZ253288,2025-07-21,00:00,2025-07-21 00:33,SBGL,SBCT,ROT013,PR-ZDG,33,Realizado,Meteorologia,0,0
2025-003289,XYZ253289,2025-07-21,03:00,2025-07-21 03:44,SBGR,SBGL,ROT001,PR-ADH,44,Realizado,Meteorologia,0,0
2025-003290,XYZ253290,2025-07-21,03:00,2025-07-21 03:15,SBGR,SBBR,ROT002,PR-BKR,15,Realizado,Meteorologia,0,0
2025-003291,XYZ253291,2025-07-21,03:00,2025-07-21 03:17,SBGR,SBCF,ROT003,PR-CEV,17,Realizado,Meteorologia,0,0
2025-003292,XYZ253292,2025-07-21,03:00,2025-07-21 03:20,SBGR,SBPA,ROT004,PR-DQF,20,Realizado,Meteorologia,0,0
2025-003293,XYZ253293,2025-07-21,03:00,2025-07-21 03:32,SBGL,SBBR,ROT010,PR-EHX,32,Desviado,Meteorologia,0,1
2025-003294,XYZ253294,2025-07-21,03:00,2025-07-21 03:22,SBGL,SBCF,ROT011,PR-FKA,22,Realizado,Meteorologia,0,0
2025-003295,XYZ253295,2025-07-21,03:00,2025-07-21 03:45,SBGL,SBPA,ROT012,PR-GMB,45,Realizado,Meteorologia,0,0
2025-003296,XYZ253296,2025-07-21,03:00,2025-07-21 03:27,SBGL,SBCT,ROT013,PR-HNC,27,Realizado,Meteorologia,0,0
2025-003297,XYZ253297,2025-07-21,06:00,2025-07-21 06:18,SBGR,SBGL,ROT001,PR-JRD,18,Realizado,Meteorologia,0,0
2025-003298,XYZ253298,2025-07-21,06:00,2025-07-21 06:49,SBGR,SBBR,ROT002,PR-KSE,49,Realizado,Meteorologia,0,0
2025-003299,XYZ253299,2025-07-21,06:00,2025-07-21 06:21,SBGR,SBCF,ROT003,PR-LTF,21,Realizado,Meteorologia,0,0
2025-003300,XYZ253300,2025-07-21,06:00,2025-07-21 06:31,SBGR,SBPA,ROT004,PR-MUG,31,Realizado,Meteorologia,0,0
2025-003301,XYZ253301,2025-07-21,06:00,2025-07-21 06:43,SBGL,SBBR,ROT010,PR-NVH,43,Desviado,Meteorologia,0,1
2025-003302,XYZ253302,2025-07-21,06:00,2025-07-21 06:38,SBGL,SBCF,ROT011,PR-PWL,38,Realizado,Meteorologia,0,0
2025-003303,XYZ253303,2025-07-21,06:00,2025-07-21 06:13,SBGL,SBPA,ROT012,PR-QXA,13,Realizado,Meteorologia,0,0
2025-003304,XYZ253304,2025-07-21,06:00,2025-07-21 06:17,SBGL,SBCT,ROT013,PR-RYB,17,Realizado,Meteorologia,0,0
2025-003305,XYZ253305,2025-07-21,09:00,2025-07-21 09:11,SBGR,SBGL,ROT001,PR-SCD,11,Realizado,Meteorologia,0,0
2025-003306,XYZ253306,2025-07-21,09:00,2025-07-21 09:30,SBGR,SBBR,ROT002,PR-TQJ,30,Realizado,Meteorologia,0,0
2025-003307,XYZ253307,2025-07-21,09:00,2025-07-21 09:22,SBGR,SBCF,ROT003,PR-UKM,22,Realizado,Meteorologia,0,0
2025-003308,XYZ253308,2025-07-21,09:00,2025-07-21 09:49,SBGR,SBPA,ROT004,PR-VPN,49,Desviado,Meteorologia,0,1
2025-003309,XYZ253309,2025-07-21,09:00,2025-07-21 09:35,SBGL,SBBR,ROT010,PR-WAR,35,Realizado,Meteorologia,0,0
2025-003310,XYZ253310,2025-07-21,09:00,2025-07-21 09:31,SBGL,SBCF,ROT011,PR-XBE,31,Desviado,Meteorologia,0,1
2025-003311,XYZ253311,2025-07-21,09:00,2025-07-21 09:45,SBGL,SBPA,ROT012,PR-YCF,45,Realizado,Meteorologia,0,0
2025-003312,XYZ253312,2025-07-21,09:00,2025-07-21 09:17,SBGL,SBCT,ROT013,PR-ZDG,17,Realizado,Meteorologia,0,0
2025-003313,XYZ253313,2025-07-21,12:00,2025-07-21 12:19,SBGR,SBGL,ROT001,PR-ADH,19,Realizado,Meteorologia,0,0
2025-003314,XYZ253314,2025-07-21,12:00,2025-07-21 12:22,SBGR,SBBR,ROT002,PR-BKR,22,Realizado,Meteorologia,0,0
2025-003315,XYZ253315,2025-07-21,12:00,2025-07-21 12:38,SBGR,SBCF,ROT003,PR-CEV,38,Realizado,Meteorologia,0,0
2025-003316,XYZ253316,2025-07-21,12:00,2025-07-21 12:46,SBGR,SBPA,ROT004,PR-DQF,46,Realizado,Meteorologia,0,0
2025-003317,XYZ253317,2025-07-21,12:00,2025-07-21 12:25,SBGL,SBBR,ROT010,PR-EHX,25,Realizado,Meteorologia,0,0
2025-003318,XYZ253318,2025-07-21,12:00,2025-07-21 12:32,SBGL,SBCF,ROT011,PR-FKA,32,Realizado,Meteorologia,0,0
2025-003319,XYZ253319,2025-07-21,12:00,2025-07-21 12:38,SBGL,SBPA,ROT012,PR-GMB,38,Realizado,Meteorologia,0,0
2025-003320,XYZ253320,2025-07-21,12:00,2025-07-21 12:36,SBGL,SBCT,ROT013,PR-HNC,36,Realizado,Meteorologia,0,0
2025-003321,XYZ253321,2025-07-22,00:00,2025-07-22 00:08,SBGR,SBGL,ROT001,PR-JRD,8,Realizado,Operacional,0,0
2025-003322,XYZ253322,2025-07-22,00:00,2025-07-22 00:08,SBGR,SBBR,ROT002,PR-KSE,8,Realizado,Operacional,0,0
2025-003323,XYZ253323,2025-07-22,00:00,2025-07-22 00:06,SBGR,SBCF,ROT003,PR-LTF,6,Realizado,Operacional,0,0
2025-003324,XYZ253324,2025-07-22,00:00,2025-07-22 00:03,SBGR,SBPA,ROT004,PR-MUG,3,Realizado,Operacional,0,0
2025-003325,XYZ253325,2025-07-22,00:00,2025-07-22 00:12,SBGL,SBBR,ROT010,PR-NVH,12,Realizado,Operacional,0,0
2025-003326,XYZ253326,2025-07-22,00:00,2025-07-22 00:07,SBGL,SBCF,ROT011,PR-PWL,7,Realizado,Operacional,0,0
2025-003327,XYZ253327,2025-07-22,00:00,2025-07-22 00:12,SBGL,SBPA,ROT012,PR-QXA,12,Realizado,Operacional,0,0
2025-003328,XYZ253328,2025-07-22,00:00,2025-07-22 00:07,SBGL,SBCT,ROT013,PR-RYB,7,Realizado,Operacional,0,0
2025-003329,XYZ253329,2025-07-22,03:00,2025-07-22 03:00,SBGR,SBGL,ROT001,PR-SCD,0,Realizado,Manutencao,0,0
2025-003330,XYZ253330,2025-07-22,03:00,2025-07-22 03:12,SBGR,SBBR,ROT002,PR-TQJ,12,Realizado,Operacional,0,0
2025-003331,XYZ253331,2025-07-22,03:00,2025-07-22 03:00,SBGR,SBCF,ROT003,PR-UKM,0,Realizado,Tripulacao,0,0
2025-003332,XYZ253332,2025-07-22,03:00,2025-07-22 03:05,SBGR,SBPA,ROT004,PR-VPN,5,Realizado,Operacional,0,0
2025-003333,XYZ253333,2025-07-22,03:00,2025-07-22 03:10,SBGL,SBBR,ROT010,PR-WAR,10,Realizado,Operacional,0,0
2025-003334,XYZ253334,2025-07-22,03:00,2025-07-22 03:02,SBGL,SBCF,ROT011,PR-XBE,2,Realizado,Conexao,0,0
2025-003335,XYZ253335,2025-07-22,03:00,2025-07-22 03:10,SBGL,SBPA,ROT012,PR-YCF,10,Realizado,Operacional,0,0
2025-003336,XYZ253336,2025-07-22,03:00,2025-07-22 03:07,SBGL,SBCT,ROT013,PR-ZDG,7,Realizado,Operacional,0,0
2025-003337,XYZ253337,2025-07-22,06:00,2025-07-22 06:14,SBGR,SBGL,ROT001,PR-ADH,14,Realizado,Operacional,0,0
2025-003338,XYZ253338,2025-07-22,06:00,2025-07-22 06:07,SBGR,SBBR,ROT002,PR-BKR,7,Realizado,Operacional,0,0
2025-003339,XYZ253339,2025-07-22,06:00,2025-07-22 06:02,SBGR,SBCF,ROT003,PR-CEV,2,Realizado,Operacional,0,0
2025-003340,XYZ253340,2025-07-22,06:00,2025-07-22 06:00,SBGR,SBPA,ROT004,PR-DQF,0,Realizado,Operacional,0,0
2025-003341,XYZ253341,2025-07-22,06:00,2025-07-22 06:13,SBGL,SBBR,ROT010,PR-EHX,13,Realizado,Operacional,0,0
2025-003342,XYZ253342,2025-07-22,06:00,2025-07-22 06:13,SBGL,SBCF,ROT011,PR-FKA,13,Realizado,Conexao,0,0
2025-003343,XYZ253343,2025-07-22,06:00,2025-07-22 06:06,SBGL,SBPA,ROT012,PR-GMB,6,Realizado,Operacional,0,0
2025-003344,XYZ253344,2025-07-22,06:00,2025-07-22 06:12,SBGL,SBCT,ROT013,PR-HNC,12,Realizado,Operacional,0,0
2025-003345,XYZ253345,2025-07-22,09:00,2025-07-22 09:10,SBGR,SBGL,ROT001,PR-JRD,10,Realizado,Conexao,0,0
2025-003346,XYZ253346,2025-07-22,09:00,2025-07-22 09:11,SBGR,SBBR,ROT002,PR-KSE,11,Realizado,Operacional,0,0
2025-003347,XYZ253347,2025-07-22,09:00,2025-07-22 09:08,SBGR,SBCF,ROT003,PR-LTF,8,Realizado,Operacional,0,0
2025-003348,XYZ253348,2025-07-22,09:00,2025-07-22 09:14,SBGR,SBPA,ROT004,PR-MUG,14,Realizado,Operacional,0,0
2025-003349,XYZ253349,2025-07-22,09:00,2025-07-22 09:00,SBGL,SBBR,ROT010,PR-NVH,0,Realizado,Conexao,0,0
2025-003350,XYZ253350,2025-07-22,09:00,2025-07-22 09:10,SBGL,SBCF,ROT011,PR-PWL,10,Realizado,Conexao,0,0
2025-003351,XYZ253351,2025-07-22,09:00,2025-07-22 09:11,SBGL,SBPA,ROT012,PR-QXA,11,Realizado,Operacional,0,0
2025-003352,XYZ253352,2025-07-22,09:00,2025-07-22 09:01,SBGL,SBCT,ROT013,PR-RYB,1,Realizado,Operacional,0,0
2025-003353,XYZ253353,2025-07-22,12:00,2025-07-22 12:02,SBGR,SBGL,ROT001,PR-SCD,2,Realizado,Conexao,0,0
2025-003354,XYZ253354,2025-07-22,12:00,2025-07-22 12:07,SBGR,SBBR,ROT002,PR-TQJ,7,Realizado,Operacional,0,0
2025-003355,XYZ253355,2025-07-22,12:00,2025-07-22 12:13,SBGR,SBCF,ROT003,PR-UKM,13,Realizado,Operacional,0,0
2025-003356,XYZ253356,2025-07-22,12:00,2025-07-22 12:01,SBGR,SBPA,ROT004,PR-VPN,1,Realizado,Operacional,0,0
2025-003357,XYZ253357,2025-07-22,12:00,2025-07-22 12:02,SBGL,SBBR,ROT010,PR-WAR,2,Realizado,Tripulacao,0,0
2025-003358,XYZ253358,2025-07-22,12:00,2025-07-22 12:06,SBGL,SBCF,ROT011,PR-XBE,6,Realizado,Operacional,0,0
2025-003359,XYZ253359,2025-07-22,12:00,2025-07-22 12:13,SBGL,SBPA,ROT012,PR-YCF,13,Realizado,Operacional,0,0
2025-003360,XYZ253360,2025-07-22,12:00,2025-07-22 12:04,SBGL,SBCT,ROT013,PR-ZDG,4,Realizado,Operacional,0,0
2025-003361,XYZ253361,2025-07-23,00:00,2025-07-23 00:47,SBGR,SBGL,ROT001,PR-ADH,47,Realizado,Meteorologia,0,0
2025-003362,XYZ253362,2025-07-23,00:00,2025-07-23 00:44,SBGR,SBBR,ROT002,PR-BKR,44,Realizado,Meteorologia,0,0
2025-003363,XYZ253363,2025-07-23,00:00,2025-07-23 00:27,SBGR,SBCF,ROT003,PR-CEV,27,Realizado,Meteorologia,0,0
2025-003364,XYZ253364,2025-07-23,00:00,2025-07-23 00:38,SBGR,SBPA,ROT004,PR-DQF,38,Realizado,Meteorologia,0,0
2025-003365,XYZ253365,2025-07-23,00:00,2025-07-23 00:31,SBGL,SBBR,ROT010,PR-EHX,31,Realizado,Meteorologia,0,0
2025-003366,XYZ253366,2025-07-23,00:00,2025-07-23 00:29,SBGL,SBCF,ROT011,PR-FKA,29,Realizado,Meteorologia,0,0
2025-003367,XYZ253367,2025-07-23,00:00,2025-07-23 00:26,SBGL,SBPA,ROT012,PR-GMB,26,Realizado,Meteorologia,0,0
2025-003368,XYZ253368,2025-07-23,00:00,2025-07-23 00:37,SBGL,SBCT,ROT013,PR-HNC,37,Realizado,Meteorologia,0,0
2025-003369,XYZ253369,2025-07-23,03:00,2025-07-23 03:31,SBGR,SBGL,ROT001,PR-JRD,31,Realizado,Meteorologia,0,0
2025-003370,XYZ253370,2025-07-23,03:00,,SBGR,SBBR,ROT002,PR-KSE,0,Cancelado,Meteorologia,1,0
2025-003371,XYZ253371,2025-07-23,03:00,2025-07-23 03:43,SBGR,SBCF,ROT003,PR-LTF,43,Realizado,Meteorologia,0,0
2025-003372,XYZ253372,2025-07-23,03:00,2025-07-23 03:20,SBGR,SBPA,ROT004,PR-MUG,20,Realizado,Meteorologia,0,0
2025-003373,XYZ253373,2025-07-23,03:00,2025-07-23 03:42,SBGL,SBBR,ROT010,PR-NVH,42,Realizado,Meteorologia,0,0
2025-003374,XYZ253374,2025-07-23,03:00,2025-07-23 03:41,SBGL,SBCF,ROT011,PR-PWL,41,Realizado,Meteorologia,0,0
2025-003375,XYZ253375,2025-07-23,03:00,2025-07-23 03:28,SBGL,SBPA,ROT012,PR-QXA,28,Realizado,Meteorologia,0,0
2025-003376,XYZ253376,2025-07-23,03:00,2025-07-23 03:47,SBGL,SBCT,ROT013,PR-RYB,47,Realizado,Meteorologia,0,0
2025-003377,XYZ253377,2025-07-23,06:00,2025-07-23 06:26,SBGR,SBGL,ROT001,PR-SCD,26,Realizado,Meteorologia,0,0
2025-003378,XYZ253378,2025-07-23,06:00,2025-07-23 06:44,SBGR,SBBR,ROT002,PR-TQJ,44,Realizado,Meteorologia,0,0
2025-003379,XYZ253379,2025-07-23,06:00,2025-07-23 06:47,SBGR,SBCF,ROT003,PR-UKM,47,Desviado,Meteorologia,0,1
2025-003380,XYZ253380,2025-07-23,06:00,2025-07-23 06:15,SBGR,SBPA,ROT004,PR-VPN,15,Realizado,Meteorologia,0,0
2025-003381,XYZ253381,2025-07-23,06:00,2025-07-23 06:48,SBGL,SBBR,ROT010,PR-WAR,48,Realizado,Meteorologia,0,0
2025-003382,XYZ253382,2025-07-23,06:00,2025-07-23 06:41,SBGL,SBCF,ROT011,PR-XBE,41,Realizado,Meteorologia,0,0
2025-003383,XYZ253383,2025-07-23,06:00,2025-07-23 06:15,SBGL,SBPA,ROT012,PR-YCF,15,Realizado,Meteorologia,0,0
2025-003384,XYZ253384,2025-07-23,06:00,2025-07-23 06:44,SBGL,SBCT,ROT013,PR-ZDG,44,Realizado,Meteorologia,0,0
2025-003385,XYZ253385,2025-07-23,09:00,2025-07-23 09:45,SBGR,SBGL,ROT001,PR-ADH,45,Realizado,Meteorologia,0,0
2025-003386,XYZ253386,2025-07-23,09:00,2025-07-23 09:15,SBGR,SBBR,ROT002,PR-BKR,15,Realizado,Meteorologia,0,0
2025-003387,XYZ253387,2025-07-23,09:00,2025-07-23 09:21,SBGR,SBCF,ROT003,PR-CEV,21,Desviado,Meteorologia,0,1
2025-003388,XYZ253388,2025-07-23,09:00,2025-07-23 09:20,SBGR,SBPA,ROT004,PR-DQF,20,Realizado,Meteorologia,0,0
2025-003389,XYZ253389,2025-07-23,09:00,2025-07-23 09:27,SBGL,SBBR,ROT010,PR-EHX,27,Realizado,Meteorologia,0,0
2025-003390,XYZ253390,2025-07-23,09:00,2025-07-23 09:19,SBGL,SBCF,ROT011,PR-FKA,19,Realizado,Meteorologia,0,0
2025-003391,XYZ253391,2025-07-23,09:00,2025-07-23 09:10,SBGL,SBPA,ROT012,PR-GMB,10,Realizado,Meteorologia,0,0
2025-003392,XYZ253392,2025-07-23,09:00,2025-07-23 09:38,SBGL,SBCT,ROT013,PR-HNC,38,Realizado,Meteorologia,0,0
2025-003393,XYZ253393,2025-07-23,12:00,2025-07-23 12:28,SBGR,SBGL,ROT001,PR-JRD,28,Realizado,Meteorologia,0,0
2025-003394,XYZ253394,2025-07-23,12:00,2025-07-23 12:40,SBGR,SBBR,ROT002,PR-KSE,40,Realizado,Meteorologia,0,0
2025-003395,XYZ253395,2025-07-23,12:00,2025-07-23 12:39,SBGR,SBCF,ROT003,PR-LTF,39,Realizado,Meteorologia,0,0
2025-003396,XYZ253396,2025-07-23,12:00,2025-07-23 12:43,SBGR,SBPA,ROT004,PR-MUG,43,Realizado,Meteorologia,0,0
2025-003397,XYZ253397,2025-07-23,12:00,2025-07-23 12:36,SBGL,SBBR,ROT010,PR-NVH,36,Realizado,Meteorologia,0,0
2025-003398,XYZ253398,2025-07-23,12:00,2025-07-23 12:10,SBGL,SBCF,ROT011,PR-PWL,10,Realizado,Meteorologia,0,0
2025-003399,XYZ253399,2025-07-23,12:00,2025-07-23 12:33,SBGL,SBPA,ROT012,PR-QXA,33,Realizado,Meteorologia,0,0
2025-003400,XYZ253400,2025-07-23,12:00,2025-07-23 12:20,SBGL,SBCT,ROT013,PR-RYB,20,Realizado,Meteorologia,0,0
2025-003401,XYZ253401,2025-07-24,00:00,2025-07-24 00:44,SBGR,SBGL,ROT001,PR-SCD,44,Desviado,Meteorologia,0,1
2025-003402,XYZ253402,2025-07-24,00:00,2025-07-24 00:20,SBGR,SBBR,ROT002,PR-TQJ,20,Realizado,Meteorologia,0,0
2025-003403,XYZ253403,2025-07-24,00:00,2025-07-24 00:25,SBGR,SBCF,ROT003,PR-UKM,25,Realizado,Meteorologia,0,0
2025-003404,XYZ253404,2025-07-24,00:00,2025-07-24 00:14,SBGR,SBPA,ROT004,PR-VPN,14,Realizado,Meteorologia,0,0
2025-003405,XYZ253405,2025-07-24,00:00,2025-07-24 00:41,SBGL,SBBR,ROT010,PR-WAR,41,Realizado,Meteorologia,0,0
2025-003406,XYZ253406,2025-07-24,00:00,2025-07-24 00:16,SBGL,SBCF,ROT011,PR-XBE,16,Realizado,Meteorologia,0,0
2025-003407,XYZ253407,2025-07-24,00:00,2025-07-24 00:27,SBGL,SBPA,ROT012,PR-YCF,27,Realizado,Meteorologia,0,0
2025-003408,XYZ253408,2025-07-24,00:00,2025-07-24 00:49,SBGL,SBCT,ROT013,PR-ZDG,49,Realizado,Meteorologia,0,0
2025-003409,XYZ253409,2025-07-24,03:00,2025-07-24 03:31,SBGR,SBGL,ROT001,PR-ADH,31,Realizado,Meteorologia,0,0
2025-003410,XYZ253410,2025-07-24,03:00,2025-07-24 03:37,SBGR,SBBR,ROT002,PR-BKR,37,Realizado,Meteorologia,0,0
2025-003411,XYZ253411,2025-07-24,03:00,2025-07-24 03:39,SBGR,SBCF,ROT003,PR-CEV,39,Realizado,Meteorologia,0,0
2025-003412,XYZ253412,2025-07-24,03:00,2025-07-24 03:48,SBGR,SBPA,ROT004,PR-DQF,48,Realizado,Meteorologia,0,0
2025-003413,XYZ253413,2025-07-24,03:00,2025-07-24 03:38,SBGL,SBBR,ROT010,PR-EHX,38,Realizado,Meteorologia,0,0
2025-003414,XYZ253414,2025-07-24,03:00,2025-07-24 03:20,SBGL,SBCF,ROT011,PR-FKA,20,Realizado,Meteorologia,0,0
2025-003415,XYZ253415,2025-07-24,03:00,2025-07-24 03:27,SBGL,SBPA,ROT012,PR-GMB,27,Desviado,Meteorologia,0,1
2025-003416,XYZ253416,2025-07-24,03:00,2025-07-24 03:14,SBGL,SBCT,ROT013,PR-HNC,14,Realizado,Meteorologia,0,0
2025-003417,XYZ253417,2025-07-24,06:00,2025-07-24 06:13,SBGR,SBGL,ROT001,PR-JRD,13,Realizado,Meteorologia,0,0
2025-003418,XYZ253418,2025-07-24,06:00,2025-07-24 06:33,SBGR,SBBR,ROT002,PR-KSE,33,Realizado,Meteorologia,0,0
2025-003419,XYZ253419,2025-07-24,06:00,2025-07-24 06:37,SBGR,SBCF,ROT003,PR-LTF,37,Realizado,Meteorologia,0,0
2025-003420,XYZ253420,2025-07-24,06:00,2025-07-24 06:11,SBGR,SBPA,ROT004,PR-MUG,11,Realizado,Meteorologia,0,0
2025-003421,XYZ253421,2025-07-24,06:00,2025-07-24 06:16,SBGL,SBBR,ROT010,PR-NVH,16,Realizado,Meteorologia,0,0
2025-003422,XYZ253422,2025-07-24,06:00,2025-07-24 06:49,SBGL,SBCF,ROT011,PR-PWL,49,Realizado,Meteorologia,0,0
2025-003423,XYZ253423,2025-07-24,06:00,2025-07-24 06:48,SBGL,SBPA,ROT012,PR-QXA,48,Realizado,Meteorologia,0,0
2025-003424,XYZ253424,2025-07-24,06:00,2025-07-24 06:18,SBGL,SBCT,ROT013,PR-RYB,18,Realizado,Meteorologia,0,0
2025-003425,XYZ253425,2025-07-24,09:00,2025-07-24 09:58,SBGR,SBGL,ROT001,PR-SCD,58,Desviado,Meteorologia,0,1
2025-003426,XYZ253426,2025-07-24,09:00,2025-07-24 09:16,SBGR,SBBR,ROT002,PR-TQJ,16,Realizado,Meteorologia,0,0
2025-003427,XYZ253427,2025-07-24,09:00,2025-07-24 09:10,SBGR,SBCF,ROT003,PR-UKM,10,Realizado,Meteorologia,0,0
2025-003428,XYZ253428,2025-07-24,09:00,2025-07-24 09:36,SBGR,SBPA,ROT004,PR-VPN,36,Realizado,Meteorologia,0,0
2025-003429,XYZ253429,2025-07-24,09:00,2025-07-24 09:49,SBGL,SBBR,ROT010,PR-WAR,49,Realizado,Meteorologia,0,0
2025-003430,XYZ253430,2025-07-24,09:00,2025-07-24 09:25,SBGL,SBCF,ROT011,PR-XBE,25,Realizado,Meteorologia,0,0
2025-003431,XYZ253431,2025-07-24,09:00,2025-07-24 09:53,SBGL,SBPA,ROT012,PR-YCF,53,Desviado,Meteorologia,0,1
2025-003432,XYZ253432,2025-07-24,09:00,2025-07-24 09:22,SBGL,SBCT,ROT013,PR-ZDG,22,Realizado,Meteorologia,0,0
2025-003433,XYZ253433,2025-07-24,12:00,2025-07-24 12:38,SBGR,SBGL,ROT001,PR-ADH,38,Realizado,Meteorologia,0,0
2025-003434,XYZ253434,2025-07-24,12:00,,SBGR,SBBR,ROT002,PR-BKR,0,Cancelado,Meteorologia,1,0
2025-003435,XYZ253435,2025-07-24,12:00,2025-07-24 12:16,SBGR,SBCF,ROT003,PR-CEV,16,Realizado,Meteorologia,0,0
2025-003436,XYZ253436,2025-07-24,12:00,2025-07-24 12:33,SBGR,SBPA,ROT004,PR-DQF,33,Realizado,Meteorologia,0,0
2025-003437,XYZ253437,2025-07-24,12:00,2025-07-24 12:32,SBGL,SBBR,ROT010,PR-EHX,32,Realizado,Meteorologia,0,0
2025-003438,XYZ253438,2025-07-24,12:00,2025-07-24 12:38,SBGL,SBCF,ROT011,PR-FKA,38,Realizado,Meteorologia,0,0
2025-003439,XYZ253439,2025-07-24,12:00,2025-07-24 12:45,SBGL,SBPA,ROT012,PR-GMB,45,Realizado,Meteorologia,0,0
2025-003440,XYZ253440,2025-07-24,12:00,2025-07-24 12:34,SBGL,SBCT,ROT013,PR-HNC,34,Realizado,Meteorologia,0,0
2025-003441,XYZ253441,2025-07-25,00:00,2025-07-25 00:20,SBGR,SBGL,ROT001,PR-JRD,20,Realizado,Meteorologia,0,0
2025-003442,XYZ253442,2025-07-25,00:00,2025-07-25 00:42,SBGR,SBBR,ROT002,PR-KSE,42,Desviado,Meteorologia,0,1
2025-003443,XYZ253443,2025-07-25,00:00,2025-07-25 00:23,SBGR,SBCF,ROT003,PR-LTF,23,Realizado,Meteorologia,0,0
2025-003444,XYZ253444,2025-07-25,00:00,,SBGR,SBPA,ROT004,PR-MUG,0,Cancelado,Meteorologia,1,0
2025-003445,XYZ253445,2025-07-25,00:00,2025-07-25 00:04,SBGL,SBBR,ROT010,PR-NVH,4,Realizado,Operacional,0,0
2025-003446,XYZ253446,2025-07-25,00:00,2025-07-25 00:04,SBGL,SBCF,ROT011,PR-PWL,4,Realizado,Operacional,0,0
2025-003447,XYZ253447,2025-07-25,00:00,2025-07-25 00:13,SBGL,SBPA,ROT012,PR-QXA,13,Realizado,Operacional,0,0
2025-003448,XYZ253448,2025-07-25,00:00,2025-07-25 00:11,SBGL,SBCT,ROT013,PR-RYB,11,Realizado,Operacional,0,0
2025-003449,XYZ253449,2025-07-25,03:00,2025-07-25 03:31,SBGR,SBGL,ROT001,PR-SCD,31,Realizado,Meteorologia,0,0
2025-003450,XYZ253450,2025-07-25,03:00,2025-07-25 03:45,SBGR,SBBR,ROT002,PR-TQJ,45,Realizado,Meteorologia,0,0
2025-003451,XYZ253451,2025-07-25,03:00,,SBGR,SBCF,ROT003,PR-UKM,0,Cancelado,Meteorologia,1,0
2025-003452,XYZ253452,2025-07-25,03:00,2025-07-25 03:23,SBGR,SBPA,ROT004,PR-VPN,23,Realizado,Meteorologia,0,0
2025-003453,XYZ253453,2025-07-25,03:00,2025-07-25 03:10,SBGL,SBBR,ROT010,PR-WAR,10,Realizado,Operacional,0,0
2025-003454,XYZ253454,2025-07-25,03:00,2025-07-25 03:05,SBGL,SBCF,ROT011,PR-XBE,5,Realizado,Operacional,0,0
2025-003455,XYZ253455,2025-07-25,03:00,2025-07-25 03:04,SBGL,SBPA,ROT012,PR-YCF,4,Realizado,Operacional,0,0
2025-003456,XYZ253456,2025-07-25,03:00,2025-07-25 03:09,SBGL,SBCT,ROT013,PR-ZDG,9,Realizado,Operacional,0,0
2025-003457,XYZ253457,2025-07-25,06:00,2025-07-25 06:45,SBGR,SBGL,ROT001,PR-ADH,45,Realizado,Meteorologia,0,0
2025-003458,XYZ253458,2025-07-25,06:00,,SBGR,SBBR,ROT002,PR-BKR,0,Cancelado,Meteorologia,1,0
2025-003459,XYZ253459,2025-07-25,06:00,2025-07-25 06:59,SBGR,SBCF,ROT003,PR-CEV,59,Desviado,Meteorologia,0,1
2025-003460,XYZ253460,2025-07-25,06:00,2025-07-25 06:28,SBGR,SBPA,ROT004,PR-DQF,28,Realizado,Meteorologia,0,0
2025-003461,XYZ253461,2025-07-25,06:00,2025-07-25 06:14,SBGL,SBBR,ROT010,PR-EHX,14,Realizado,Tripulacao,0,0
2025-003462,XYZ253462,2025-07-25,06:00,2025-07-25 06:11,SBGL,SBCF,ROT011,PR-FKA,11,Realizado,Operacional,0,0
2025-003463,XYZ253463,2025-07-25,06:00,2025-07-25 06:03,SBGL,SBPA,ROT012,PR-GMB,3,Realizado,Tripulacao,0,0
2025-003464,XYZ253464,2025-07-25,06:00,2025-07-25 06:01,SBGL,SBCT,ROT013,PR-HNC,1,Realizado,Conexao,0,0
2025-003465,XYZ253465,2025-07-25,09:00,2025-07-25 09:28,SBGR,SBGL,ROT001,PR-JRD,28,Realizado,Meteorologia,0,0
2025-003466,XYZ253466,2025-07-25,09:00,2025-07-25 09:47,SBGR,SBBR,ROT002,PR-KSE,47,Realizado,Meteorologia,0,0
2025-003467,XYZ253467,2025-07-25,09:00,,SBGR,SBCF,ROT003,PR-LTF,0,Cancelado,Meteorologia,1,0
2025-003468,XYZ253468,2025-07-25,09:00,2025-07-25 09:17,SBGR,SBPA,ROT004,PR-MUG,17,Realizado,Meteorologia,0,0
2025-003469,XYZ253469,2025-07-25,09:00,2025-07-25 09:05,SBGL,SBBR,ROT010,PR-NVH,5,Realizado,Operacional,0,0
2025-003470,XYZ253470,2025-07-25,09:00,2025-07-25 09:02,SBGL,SBCF,ROT011,PR-PWL,2,Realizado,Conexao,0,0
2025-003471,XYZ253471,2025-07-25,09:00,2025-07-25 09:06,SBGL,SBPA,ROT012,PR-QXA,6,Realizado,Operacional,0,0
2025-003472,XYZ253472,2025-07-25,09:00,2025-07-25 09:12,SBGL,SBCT,ROT013,PR-RYB,12,Realizado,Conexao,0,0
2025-003473,XYZ253473,2025-07-25,12:00,2025-07-25 12:11,SBGR,SBGL,ROT001,PR-SCD,11,Realizado,Meteorologia,0,0
2025-003474,XYZ253474,2025-07-25,12:00,2025-07-25 12:26,SBGR,SBBR,ROT002,PR-TQJ,26,Desviado,Meteorologia,0,1
2025-003475,XYZ253475,2025-07-25,12:00,2025-07-25 12:49,SBGR,SBCF,ROT003,PR-UKM,49,Realizado,Meteorologia,0,0
2025-003476,XYZ253476,2025-07-25,12:00,2025-07-25 12:12,SBGR,SBPA,ROT004,PR-VPN,12,Realizado,Meteorologia,0,0
2025-003477,XYZ253477,2025-07-25,12:00,2025-07-25 12:12,SBGL,SBBR,ROT010,PR-WAR,12,Realizado,Operacional,0,0
2025-003478,XYZ253478,2025-07-25,12:00,2025-07-25 12:08,SBGL,SBCF,ROT011,PR-XBE,8,Realizado,Operacional,0,0
2025-003479,XYZ253479,2025-07-25,12:00,2025-07-25 12:12,SBGL,SBPA,ROT012,PR-YCF,12,Realizado,Operacional,0,0
2025-003480,XYZ253480,2025-07-25,12:00,2025-07-25 12:06,SBGL,SBCT,ROT013,PR-ZDG,6,Realizado,Operacional,0,0
2025-003481,XYZ253481,2025-07-26,00:00,2025-07-26 00:48,SBGR,SBGL,ROT001,PR-ADH,48,Desviado,Meteorologia,0,1
2025-003482,XYZ253482,2025-07-26,00:00,2025-07-26 00:19,SBGR,SBBR,ROT002,PR-BKR,19,Realizado,Meteorologia,0,0
2025-003483,XYZ253483,2025-07-26,00:00,2025-07-26 00:32,SBGR,SBCF,ROT003,PR-CEV,32,Realizado,Meteorologia,0,0
2025-003484,XYZ253484,2025-07-26,00:00,2025-07-26 00:36,SBGR,SBPA,ROT004,PR-DQF,36,Realizado,Meteorologia,0,0
2025-003485,XYZ253485,2025-07-26,00:00,2025-07-26 00:06,SBGL,SBBR,ROT010,PR-EHX,6,Realizado,Operacional,0,0
2025-003486,XYZ253486,2025-07-26,00:00,2025-07-26 00:13,SBGL,SBCF,ROT011,PR-FKA,13,Realizado,Conexao,0,0
2025-003487,XYZ253487,2025-07-26,00:00,2025-07-26 00:10,SBGL,SBPA,ROT012,PR-GMB,10,Realizado,Conexao,0,0
2025-003488,XYZ253488,2025-07-26,00:00,2025-07-26 00:04,SBGL,SBCT,ROT013,PR-HNC,4,Realizado,Conexao,0,0
2025-003489,XYZ253489,2025-07-26,03:00,2025-07-26 03:33,SBGR,SBGL,ROT001,PR-JRD,33,Realizado,Meteorologia,0,0
2025-003490,XYZ253490,2025-07-26,03:00,2025-07-26 03:36,SBGR,SBBR,ROT002,PR-KSE,36,Realizado,Meteorologia,0,0
2025-003491,XYZ253491,2025-07-26,03:00,2025-07-26 03:19,SBGR,SBCF,ROT003,PR-LTF,19,Realizado,Meteorologia,0,0
2025-003492,XYZ253492,2025-07-26,03:00,2025-07-26 03:27,SBGR,SBPA,ROT004,PR-MUG,27,Realizado,Meteorologia,0,0
2025-003493,XYZ253493,2025-07-26,03:00,2025-07-26 03:10,SBGL,SBBR,ROT010,PR-NVH,10,Realizado,Operacional,0,0
2025-003494,XYZ253494,2025-07-26,03:00,2025-07-26 03:07,SBGL,SBCF,ROT011,PR-PWL,7,Realizado,Conexao,0,0
2025-003495,XYZ253495,2025-07-26,03:00,2025-07-26 03:13,SBGL,SBPA,ROT012,PR-QXA,13,Realizado,Conexao,0,0
2025-003496,XYZ253496,2025-07-26,03:00,2025-07-26 03:08,SBGL,SBCT,ROT013,PR-RYB,8,Realizado,Tripulacao,0,0
2025-003497,XYZ253497,2025-07-26,06:00,,SBGR,SBGL,ROT001,PR-SCD,0,Cancelado,Meteorologia,1,0
2025-003498,XYZ253498,2025-07-26,06:00,2025-07-26 06:20,SBGR,SBBR,ROT002,PR-TQJ,20,Desviado,Meteorologia,0,1
2025-003499,XYZ253499,2025-07-26,06:00,2025-07-26 06:36,SBGR,SBCF,ROT003,PR-UKM,36,Desviado,Meteorologia,0,1
2025-003500,XYZ253500,2025-07-26,06:00,2025-07-26 06:33,SBGR,SBPA,ROT004,PR-VPN,33,Realizado,Meteorologia,0,0
2025-003501,XYZ253501,2025-07-26,06:00,2025-07-26 06:10,SBGL,SBBR,ROT010,PR-WAR,10,Realizado,Operacional,0,0
2025-003502,XYZ253502,2025-07-26,06:00,2025-07-26 06:04,SBGL,SBCF,ROT011,PR-XBE,4,Realizado,Operacional,0,0
2025-003503,XYZ253503,2025-07-26,06:00,2025-07-26 06:02,SBGL,SBPA,ROT012,PR-YCF,2,Realizado,Operacional,0,0
2025-003504,XYZ253504,2025-07-26,06:00,2025-07-26 06:03,SBGL,SBCT,ROT013,PR-ZDG,3,Realizado,Operacional,0,0
2025-003505,XYZ253505,2025-07-26,09:00,2025-07-26 09:33,SBGR,SBGL,ROT001,PR-ADH,33,Realizado,Meteorologia,0,0
2025-003506,XYZ253506,2025-07-26,09:00,,SBGR,SBBR,ROT002,PR-BKR,0,Cancelado,Meteorologia,1,0
2025-003507,XYZ253507,2025-07-26,09:00,2025-07-26 09:21,SBGR,SBCF,ROT003,PR-CEV,21,Realizado,Meteorologia,0,0
2025-003508,XYZ253508,2025-07-26,09:00,2025-07-26 09:37,SBGR,SBPA,ROT004,PR-DQF,37,Realizado,Meteorologia,0,0
2025-003509,XYZ253509,2025-07-26,09:00,2025-07-26 09:08,SBGL,SBBR,ROT010,PR-EHX,8,Realizado,Operacional,0,0
2025-003510,XYZ253510,2025-07-26,09:00,2025-07-26 09:13,SBGL,SBCF,ROT011,PR-FKA,13,Realizado,Operacional,0,0
2025-003511,XYZ253511,2025-07-26,09:00,2025-07-26 09:05,SBGL,SBPA,ROT012,PR-GMB,5,Realizado,Operacional,0,0
2025-003512,XYZ253512,2025-07-26,09:00,2025-07-26 09:13,SBGL,SBCT,ROT013,PR-HNC,13,Realizado,Conexao,0,0
2025-003513,XYZ253513,2025-07-26,12:00,2025-07-26 12:22,SBGR,SBGL,ROT001,PR-JRD,22,Realizado,Meteorologia,0,0
2025-003514,XYZ253514,2025-07-26,12:00,2025-07-26 12:48,SBGR,SBBR,ROT002,PR-KSE,48,Realizado,Meteorologia,0,0
2025-003515,XYZ253515,2025-07-26,12:00,2025-07-26 12:47,SBGR,SBCF,ROT003,PR-LTF,47,Realizado,Meteorologia,0,0
2025-003516,XYZ253516,2025-07-26,12:00,2025-07-26 12:33,SBGR,SBPA,ROT004,PR-MUG,33,Realizado,Meteorologia,0,0
2025-003517,XYZ253517,2025-07-26,12:00,2025-07-26 12:00,SBGL,SBBR,ROT010,PR-NVH,0,Realizado,Operacional,0,0
2025-003518,XYZ253518,2025-07-26,12:00,2025-07-26 12:00,SBGL,SBCF,ROT011,PR-PWL,0,Realizado,Operacional,0,0
2025-003519,XYZ253519,2025-07-26,12:00,2025-07-26 12:07,SBGL,SBPA,ROT012,PR-QXA,7,Realizado,Operacional,0,0
2025-003520,XYZ253520,2025-07-26,12:00,2025-07-26 12:03,SBGL,SBCT,ROT013,PR-RYB,3,Realizado,Conexao,0,0
2025-003521,XYZ253521,2025-07-27,00:00,2025-07-27 00:57,SBGR,SBGL,ROT001,PR-SCD,57,Desviado,Meteorologia,0,1
2025-003522,XYZ253522,2025-07-27,00:00,2025-07-27 00:34,SBGR,SBBR,ROT002,PR-TQJ,34,Realizado,Meteorologia,0,0
2025-003523,XYZ253523,2025-07-27,00:00,2025-07-27 00:42,SBGR,SBCF,ROT003,PR-UKM,42,Realizado,Meteorologia,0,0
2025-003524,XYZ253524,2025-07-27,00:00,,SBGR,SBPA,ROT004,PR-VPN,0,Cancelado,Meteorologia,1,0
2025-003525,XYZ253525,2025-07-27,00:00,2025-07-27 00:43,SBGL,SBBR,ROT010,PR-WAR,43,Desviado,Meteorologia,0,1
2025-003526,XYZ253526,2025-07-27,00:00,2025-07-27 00:48,SBGL,SBCF,ROT011,PR-XBE,48,Realizado,Meteorologia,0,0
2025-003527,XYZ253527,2025-07-27,00:00,2025-07-27 00:26,SBGL,SBPA,ROT012,PR-YCF,26,Realizado,Meteorologia,0,0
2025-003528,XYZ253528,2025-07-27,00:00,2025-07-27 00:14,SBGL,SBCT,ROT013,PR-ZDG,14,Realizado,Meteorologia,0,0
2025-003529,XYZ253529,2025-07-27,03:00,2025-07-27 03:23,SBGR,SBGL,ROT001,PR-ADH,23,Realizado,Meteorologia,0,0
2025-003530,XYZ253530,2025-07-27,03:00,2025-07-27 03:13,SBGR,SBBR,ROT002,PR-BKR,13,Realizado,Meteorologia,0,0
2025-003531,XYZ253531,2025-07-27,03:00,2025-07-27 03:18,SBGR,SBCF,ROT003,PR-CEV,18,Realizado,Meteorologia,0,0
2025-003532,XYZ253532,2025-07-27,03:00,2025-07-27 03:31,SBGR,SBPA,ROT004,PR-DQF,31,Realizado,Meteorologia,0,0
2025-003533,XYZ253533,2025-07-27,03:00,2025-07-27 03:29,SBGL,SBBR,ROT010,PR-EHX,29,Realizado,Meteorologia,0,0
2025-003534,XYZ253534,2025-07-27,03:00,2025-07-27 03:13,SBGL,SBCF,ROT011,PR-FKA,13,Realizado,Meteorologia,0,0
2025-003535,XYZ253535,2025-07-27,03:00,2025-07-27 03:16,SBGL,SBPA,ROT012,PR-GMB,16,Realizado,Meteorologia,0,0
2025-003536,XYZ253536,2025-07-27,03:00,2025-07-27 03:43,SBGL,SBCT,ROT013,PR-HNC,43,Realizado,Meteorologia,0,0
2025-003537,XYZ253537,2025-07-27,06:00,2025-07-27 06:19,SBGR,SBGL,ROT001,PR-JRD,19,Realizado,Meteorologia,0,0
2025-003538,XYZ253538,2025-07-27,06:00,2025-07-27 06:37,SBGR,SBBR,ROT002,PR-KSE,37,Realizado,Meteorologia,0,0
2025-003539,XYZ253539,2025-07-27,06:00,2025-07-27 06:38,SBGR,SBCF,ROT003,PR-LTF,38,Realizado,Meteorologia,0,0
2025-003540,XYZ253540,2025-07-27,06:00,,SBGR,SBPA,ROT004,PR-MUG,0,Cancelado,Meteorologia,1,0
2025-003541,XYZ253541,2025-07-27,06:00,2025-07-27 06:36,SBGL,SBBR,ROT010,PR-NVH,36,Realizado,Meteorologia,0,0
2025-003542,XYZ253542,2025-07-27,06:00,2025-07-27 06:28,SBGL,SBCF,ROT011,PR-PWL,28,Realizado,Meteorologia,0,0
2025-003543,XYZ253543,2025-07-27,06:00,2025-07-27 06:26,SBGL,SBPA,ROT012,PR-QXA,26,Realizado,Meteorologia,0,0
2025-003544,XYZ253544,2025-07-27,06:00,2025-07-27 06:29,SBGL,SBCT,ROT013,PR-RYB,29,Desviado,Meteorologia,0,1
2025-003545,XYZ253545,2025-07-27,09:00,2025-07-27 09:35,SBGR,SBGL,ROT001,PR-SCD,35,Realizado,Meteorologia,0,0
2025-003546,XYZ253546,2025-07-27,09:00,2025-07-27 09:36,SBGR,SBBR,ROT002,PR-TQJ,36,Realizado,Meteorologia,0,0
2025-003547,XYZ253547,2025-07-27,09:00,2025-07-27 09:40,SBGR,SBCF,ROT003,PR-UKM,40,Realizado,Meteorologia,0,0
2025-003548,XYZ253548,2025-07-27,09:00,2025-07-27 09:27,SBGR,SBPA,ROT004,PR-VPN,27,Realizado,Meteorologia,0,0
2025-003549,XYZ253549,2025-07-27,09:00,2025-07-27 09:14,SBGL,SBBR,ROT010,PR-WAR,14,Realizado,Meteorologia,0,0
2025-003550,XYZ253550,2025-07-27,09:00,2025-07-27 09:42,SBGL,SBCF,ROT011,PR-XBE,42,Realizado,Meteorologia,0,0
2025-003551,XYZ253551,2025-07-27,09:00,2025-07-27 09:19,SBGL,SBPA,ROT012,PR-YCF,19,Realizado,Meteorologia,0,0
2025-003552,XYZ253552,2025-07-27,09:00,2025-07-27 09:21,SBGL,SBCT,ROT013,PR-ZDG,21,Realizado,Meteorologia,0,0
2025-003553,XYZ253553,2025-07-27,12:00,2025-07-27 12:38,SBGR,SBGL,ROT001,PR-ADH,38,Realizado,Meteorologia,0,0
2025-003554,XYZ253554,2025-07-27,12:00,,SBGR,SBBR,ROT002,PR-BKR,0,Cancelado,Meteorologia,1,0
2025-003555,XYZ253555,2025-07-27,12:00,2025-07-27 12:12,SBGR,SBCF,ROT003,PR-CEV,12,Realizado,Meteorologia,0,0
2025-003556,XYZ253556,2025-07-27,12:00,2025-07-27 12:36,SBGR,SBPA,ROT004,PR-DQF,36,Realizado,Meteorologia,0,0
2025-003557,XYZ253557,2025-07-27,12:00,2025-07-27 12:15,SBGL,SBBR,ROT010,PR-EHX,15,Realizado,Meteorologia,0,0
2025-003558,XYZ253558,2025-07-27,12:00,2025-07-27 12:28,SBGL,SBCF,ROT011,PR-FKA,28,Desviado,Meteorologia,0,1
2025-003559,XYZ253559,2025-07-27,12:00,2025-07-27 12:53,SBGL,SBPA,ROT012,PR-GMB,53,Desviado,Meteorologia,0,1
2025-003560,XYZ253560,2025-07-27,12:00,2025-07-27 12:11,SBGL,SBCT,ROT013,PR-HNC,11,Realizado,Meteorologia,0,0
2025-003561,XYZ253561,2025-07-28,00:00,2025-07-28 00:47,SBGR,SBGL,ROT001,PR-JRD,47,Realizado,Meteorologia,0,0
2025-003562,XYZ253562,2025-07-28,00:00,2025-07-28 00:29,SBGR,SBBR,ROT002,PR-KSE,29,Realizado,Meteorologia,0,0
2025-003563,XYZ253563,2025-07-28,00:00,2025-07-28 00:48,SBGR,SBCF,ROT003,PR-LTF,48,Realizado,Meteorologia,0,0
2025-003564,XYZ253564,2025-07-28,00:00,2025-07-28 00:10,SBGR,SBPA,ROT004,PR-MUG,10,Realizado,Meteorologia,0,0
2025-003565,XYZ253565,2025-07-28,00:00,2025-07-28 00:14,SBGL,SBBR,ROT010,PR-NVH,14,Realizado,Conexao,0,0
2025-003566,XYZ253566,2025-07-28,00:00,2025-07-28 00:03,SBGL,SBCF,ROT011,PR-PWL,3,Realizado,Operacional,0,0
2025-003567,XYZ253567,2025-07-28,00:00,2025-07-28 00:11,SBGL,SBPA,ROT012,PR-QXA,11,Realizado,Operacional,0,0
2025-003568,XYZ253568,2025-07-28,00:00,2025-07-28 00:01,SBGL,SBCT,ROT013,PR-RYB,1,Realizado,Tripulacao,0,0
2025-003569,XYZ253569,2025-07-28,03:00,2025-07-28 03:22,SBGR,SBGL,ROT001,PR-SCD,22,Realizado,Meteorologia,0,0
2025-003570,XYZ253570,2025-07-28,03:00,2025-07-28 03:23,SBGR,SBBR,ROT002,PR-TQJ,23,Realizado,Meteorologia,0,0
2025-003571,XYZ253571,2025-07-28,03:00,2025-07-28 03:41,SBGR,SBCF,ROT003,PR-UKM,41,Realizado,Meteorologia,0,0
2025-003572,XYZ253572,2025-07-28,03:00,2025-07-28 03:26,SBGR,SBPA,ROT004,PR-VPN,26,Desviado,Meteorologia,0,1
2025-003573,XYZ253573,2025-07-28,03:00,2025-07-28 03:04,SBGL,SBBR,ROT010,PR-WAR,4,Realizado,Conexao,0,0
2025-003574,XYZ253574,2025-07-28,03:00,2025-07-28 03:13,SBGL,SBCF,ROT011,PR-XBE,13,Realizado,Operacional,0,0
2025-003575,XYZ253575,2025-07-28,03:00,2025-07-28 03:07,SBGL,SBPA,ROT012,PR-YCF,7,Realizado,Operacional,0,0
2025-003576,XYZ253576,2025-07-28,03:00,2025-07-28 03:11,SBGL,SBCT,ROT013,PR-ZDG,11,Realizado,Operacional,0,0
2025-003577,XYZ253577,2025-07-28,06:00,2025-07-28 06:30,SBGR,SBGL,ROT001,PR-ADH,30,Realizado,Meteorologia,0,0
2025-003578,XYZ253578,2025-07-28,06:00,2025-07-28 06:34,SBGR,SBBR,ROT002,PR-BKR,34,Realizado,Meteorologia,0,0
2025-003579,XYZ253579,2025-07-28,06:00,2025-07-28 06:47,SBGR,SBCF,ROT003,PR-CEV,47,Realizado,Meteorologia,0,0
2025-003580,XYZ253580,2025-07-28,06:00,2025-07-28 06:33,SBGR,SBPA,ROT004,PR-DQF,33,Realizado,Meteorologia,0,0
2025-003581,XYZ253581,2025-07-28,06:00,2025-07-28 06:07,SBGL,SBBR,ROT010,PR-EHX,7,Realizado,Conexao,0,0
2025-003582,XYZ253582,2025-07-28,06:00,2025-07-28 06:06,SBGL,SBCF,ROT011,PR-FKA,6,Realizado,Operacional,0,0
2025-003583,XYZ253583,2025-07-28,06:00,2025-07-28 06:02,SBGL,SBPA,ROT012,PR-GMB,2,Realizado,Conexao,0,0
2025-003584,XYZ253584,2025-07-28,06:00,2025-07-28 06:04,SBGL,SBCT,ROT013,PR-HNC,4,Realizado,Operacional,0,0
2025-003585,XYZ253585,2025-07-28,09:00,2025-07-28 09:21,SBGR,SBGL,ROT001,PR-JRD,21,Realizado,Meteorologia,0,0
2025-003586,XYZ253586,2025-07-28,09:00,2025-07-28 09:22,SBGR,SBBR,ROT002,PR-KSE,22,Realizado,Meteorologia,0,0
2025-003587,XYZ253587,2025-07-28,09:00,2025-07-28 09:27,SBGR,SBCF,ROT003,PR-LTF,27,Realizado,Meteorologia,0,0
2025-003588,XYZ253588,2025-07-28,09:00,2025-07-28 09:16,SBGR,SBPA,ROT004,PR-MUG,16,Realizado,Meteorologia,0,0
2025-003589,XYZ253589,2025-07-28,09:00,2025-07-28 09:06,SBGL,SBBR,ROT010,PR-NVH,6,Realizado,Operacional,0,0
2025-003590,XYZ253590,2025-07-28,09:00,2025-07-28 09:11,SBGL,SBCF,ROT011,PR-PWL,11,Realizado,Operacional,0,0
2025-003591,XYZ253591,2025-07-28,09:00,2025-07-28 09:00,SBGL,SBPA,ROT012,PR-QXA,0,Realizado,Conexao,0,0
2025-003592,XYZ253592,2025-07-28,09:00,2025-07-28 09:12,SBGL,SBCT,ROT013,PR-RYB,12,Realizado,Conexao,0,0
2025-003593,XYZ253593,2025-07-28,12:00,2025-07-28 12:44,SBGR,SBGL,ROT001,PR-SCD,44,Desviado,Meteorologia,0,1
2025-003594,XYZ253594,2025-07-28,12:00,2025-07-28 12:46,SBGR,SBBR,ROT002,PR-TQJ,46,Realizado,Meteorologia,0,0
2025-003595,XYZ253595,2025-07-28,12:00,2025-07-28 12:21,SBGR,SBCF,ROT003,PR-UKM,21,Realizado,Meteorologia,0,0
2025-003596,XYZ253596,2025-07-28,12:00,2025-07-28 12:24,SBGR,SBPA,ROT004,PR-VPN,24,Realizado,Meteorologia,0,0
2025-003597,XYZ253597,2025-07-28,12:00,2025-07-28 12:00,SBGL,SBBR,ROT010,PR-WAR,0,Realizado,Operacional,0,0
2025-003598,XYZ253598,2025-07-28,12:00,2025-07-28 12:06,SBGL,SBCF,ROT011,PR-XBE,6,Realizado,Conexao,0,0
2025-003599,XYZ253599,2025-07-28,12:00,2025-07-28 12:03,SBGL,SBPA,ROT012,PR-YCF,3,Realizado,Operacional,0,0
2025-003600,XYZ253600,2025-07-28,12:00,2025-07-28 12:09,SBGL,SBCT,ROT013,PR-ZDG,9,Realizado,Operacional,0,0
2025-003601,XYZ253601,2025-07-29,00:00,2025-07-29 00:53,SBGR,SBGL,ROT001,PR-ADH,53,Desviado,Meteorologia,0,1
2025-003602,XYZ253602,2025-07-29,00:00,2025-07-29 00:46,SBGR,SBBR,ROT002,PR-BKR,46,Realizado,Meteorologia,0,0
2025-003603,XYZ253603,2025-07-29,00:00,2025-07-29 00:43,SBGR,SBCF,ROT003,PR-CEV,43,Realizado,Meteorologia,0,0
2025-003604,XYZ253604,2025-07-29,00:00,2025-07-29 00:30,SBGR,SBPA,ROT004,PR-DQF,30,Realizado,Meteorologia,0,0
2025-003605,XYZ253605,2025-07-29,00:00,2025-07-29 00:42,SBGL,SBBR,ROT010,PR-EHX,42,Realizado,Meteorologia,0,0
2025-003606,XYZ253606,2025-07-29,00:00,2025-07-29 00:20,SBGL,SBCF,ROT011,PR-FKA,20,Desviado,Meteorologia,0,1
2025-003607,XYZ253607,2025-07-29,00:00,2025-07-29 00:45,SBGL,SBPA,ROT012,PR-GMB,45,Realizado,Meteorologia,0,0
2025-003608,XYZ253608,2025-07-29,00:00,2025-07-29 00:27,SBGL,SBCT,ROT013,PR-HNC,27,Realizado,Meteorologia,0,0
2025-003609,XYZ253609,2025-07-29,03:00,2025-07-29 03:38,SBGR,SBGL,ROT001,PR-JRD,38,Realizado,Meteorologia,0,0
2025-003610,XYZ253610,2025-07-29,03:00,2025-07-29 03:36,SBGR,SBBR,ROT002,PR-KSE,36,Realizado,Meteorologia,0,0
2025-003611,XYZ253611,2025-07-29,03:00,2025-07-29 03:47,SBGR,SBCF,ROT003,PR-LTF,47,Realizado,Meteorologia,0,0
2025-003612,XYZ253612,2025-07-29,03:00,2025-07-29 03:36,SBGR,SBPA,ROT004,PR-MUG,36,Realizado,Meteorologia,0,0
2025-003613,XYZ253613,2025-07-29,03:00,2025-07-29 03:34,SBGL,SBBR,ROT010,PR-NVH,34,Realizado,Meteorologia,0,0
2025-003614,XYZ253614,2025-07-29,03:00,2025-07-29 03:22,SBGL,SBCF,ROT011,PR-PWL,22,Realizado,Meteorologia,0,0
2025-003615,XYZ253615,2025-07-29,03:00,2025-07-29 03:22,SBGL,SBPA,ROT012,PR-QXA,22,Realizado,Meteorologia,0,0
2025-003616,XYZ253616,2025-07-29,03:00,2025-07-29 03:34,SBGL,SBCT,ROT013,PR-RYB,34,Realizado,Meteorologia,0,0
2025-003617,XYZ253617,2025-07-29,06:00,2025-07-29 06:57,SBGR,SBGL,ROT001,PR-SCD,57,Desviado,Meteorologia,0,1
2025-003618,XYZ253618,2025-07-29,06:00,2025-07-29 06:42,SBGR,SBBR,ROT002,PR-TQJ,42,Desviado,Meteorologia,0,1
2025-003619,XYZ253619,2025-07-29,06:00,2025-07-29 06:10,SBGR,SBCF,ROT003,PR-UKM,10,Realizado,Meteorologia,0,0
2025-003620,XYZ253620,2025-07-29,06:00,2025-07-29 06:42,SBGR,SBPA,ROT004,PR-VPN,42,Realizado,Meteorologia,0,0
2025-003621,XYZ253621,2025-07-29,06:00,2025-07-29 06:27,SBGL,SBBR,ROT010,PR-WAR,27,Realizado,Meteorologia,0,0
2025-003622,XYZ253622,2025-07-29,06:00,2025-07-29 06:32,SBGL,SBCF,ROT011,PR-XBE,32,Realizado,Meteorologia,0,0
2025-003623,XYZ253623,2025-07-29,06:00,2025-07-29 06:19,SBGL,SBPA,ROT012,PR-YCF,19,Realizado,Meteorologia,0,0
2025-003624,XYZ253624,2025-07-29,06:00,2025-07-29 06:38,SBGL,SBCT,ROT013,PR-ZDG,38,Realizado,Meteorologia,0,0
2025-003625,XYZ253625,2025-07-29,09:00,2025-07-29 09:45,SBGR,SBGL,ROT001,PR-ADH,45,Realizado,Meteorologia,0,0
2025-003626,XYZ253626,2025-07-29,09:00,2025-07-29 09:20,SBGR,SBBR,ROT002,PR-BKR,20,Realizado,Meteorologia,0,0
2025-003627,XYZ253627,2025-07-29,09:00,2025-07-29 09:33,SBGR,SBCF,ROT003,PR-CEV,33,Desviado,Meteorologia,0,1
2025-003628,XYZ253628,2025-07-29,09:00,2025-07-29 09:19,SBGR,SBPA,ROT004,PR-DQF,19,Realizado,Meteorologia,0,0
2025-003629,XYZ253629,2025-07-29,09:00,2025-07-29 09:47,SBGL,SBBR,ROT010,PR-EHX,47,Realizado,Meteorologia,0,0
2025-003630,XYZ253630,2025-07-29,09:00,2025-07-29 09:49,SBGL,SBCF,ROT011,PR-FKA,49,Realizado,Meteorologia,0,0
2025-003631,XYZ253631,2025-07-29,09:00,2025-07-29 09:10,SBGL,SBPA,ROT012,PR-GMB,10,Realizado,Meteorologia,0,0
2025-003632,XYZ253632,2025-07-29,09:00,2025-07-29 09:45,SBGL,SBCT,ROT013,PR-HNC,45,Realizado,Meteorologia,0,0
2025-003633,XYZ253633,2025-07-29,12:00,2025-07-29 12:47,SBGR,SBGL,ROT001,PR-JRD,47,Realizado,Meteorologia,0,0
2025-003634,XYZ253634,2025-07-29,12:00,2025-07-29 12:29,SBGR,SBBR,ROT002,PR-KSE,29,Realizado,Meteorologia,0,0
2025-003635,XYZ253635,2025-07-29,12:00,2025-07-29 12:34,SBGR,SBCF,ROT003,PR-LTF,34,Realizado,Meteorologia,0,0
2025-003636,XYZ253636,2025-07-29,12:00,2025-07-29 12:14,SBGR,SBPA,ROT004,PR-MUG,14,Realizado,Meteorologia,0,0
2025-003637,XYZ253637,2025-07-29,12:00,2025-07-29 12:10,SBGL,SBBR,ROT010,PR-NVH,10,Realizado,Meteorologia,0,0
2025-003638,XYZ253638,2025-07-29,12:00,2025-07-29 12:32,SBGL,SBCF,ROT011,PR-PWL,32,Realizado,Meteorologia,0,0
2025-003639,XYZ253639,2025-07-29,12:00,2025-07-29 12:32,SBGL,SBPA,ROT012,PR-QXA,32,Realizado,Meteorologia,0,0
2025-003640,XYZ253640,2025-07-29,12:00,2025-07-29 12:17,SBGL,SBCT,ROT013,PR-RYB,17,Realizado,Meteorologia,0,0
2025-003641,XYZ253641,2025-07-30,00:00,2025-07-30 00:41,SBGR,SBGL,ROT001,PR-SCD,41,Realizado,Meteorologia,0,0
2025-003642,XYZ253642,2025-07-30,00:00,2025-07-30 00:11,SBGR,SBBR,ROT002,PR-TQJ,11,Realizado,Meteorologia,0,0
2025-003643,XYZ253643,2025-07-30,00:00,2025-07-30 00:20,SBGR,SBCF,ROT003,PR-UKM,20,Realizado,Meteorologia,0,0
2025-003644,XYZ253644,2025-07-30,00:00,2025-07-30 00:38,SBGR,SBPA,ROT004,PR-VPN,38,Realizado,Meteorologia,0,0
2025-003645,XYZ253645,2025-07-30,00:00,2025-07-30 00:35,SBGL,SBBR,ROT010,PR-WAR,35,Realizado,Meteorologia,0,0
2025-003646,XYZ253646,2025-07-30,00:00,2025-07-30 00:51,SBGL,SBCF,ROT011,PR-XBE,51,Desviado,Meteorologia,0,1
2025-003647,XYZ253647,2025-07-30,00:00,,SBGL,SBPA,ROT012,PR-YCF,0,Cancelado,Meteorologia,1,0
2025-003648,XYZ253648,2025-07-30,00:00,2025-07-30 00:36,SBGL,SBCT,ROT013,PR-ZDG,36,Realizado,Meteorologia,0,0
2025-003649,XYZ253649,2025-07-30,03:00,2025-07-30 03:40,SBGR,SBGL,ROT001,PR-ADH,40,Realizado,Meteorologia,0,0
2025-003650,XYZ253650,2025-07-30,03:00,2025-07-30 03:33,SBGR,SBBR,ROT002,PR-BKR,33,Realizado,Meteorologia,0,0
2025-003651,XYZ253651,2025-07-30,03:00,2025-07-30 03:38,SBGR,SBCF,ROT003,PR-CEV,38,Realizado,Meteorologia,0,0
2025-003652,XYZ253652,2025-07-30,03:00,2025-07-30 03:25,SBGR,SBPA,ROT004,PR-DQF,25,Realizado,Meteorologia,0,0
2025-003653,XYZ253653,2025-07-30,03:00,2025-07-30 03:17,SBGL,SBBR,ROT010,PR-EHX,17,Realizado,Meteorologia,0,0
2025-003654,XYZ253654,2025-07-30,03:00,2025-07-30 03:32,SBGL,SBCF,ROT011,PR-FKA,32,Realizado,Meteorologia,0,0
2025-003655,XYZ253655,2025-07-30,03:00,2025-07-30 03:48,SBGL,SBPA,ROT012,PR-GMB,48,Realizado,Meteorologia,0,0
2025-003656,XYZ253656,2025-07-30,03:00,2025-07-30 03:29,SBGL,SBCT,ROT013,PR-HNC,29,Realizado,Meteorologia,0,0
2025-003657,XYZ253657,2025-07-30,06:00,2025-07-30 06:14,SBGR,SBGL,ROT001,PR-JRD,14,Realizado,Meteorologia,0,0
2025-003658,XYZ253658,2025-07-30,06:00,2025-07-30 06:29,SBGR,SBBR,ROT002,PR-KSE,29,Realizado,Meteorologia,0,0
2025-003659,XYZ253659,2025-07-30,06:00,2025-07-30 06:46,SBGR,SBCF,ROT003,PR-LTF,46,Desviado,Meteorologia,0,1
2025-003660,XYZ253660,2025-07-30,06:00,2025-07-30 06:12,SBGR,SBPA,ROT004,PR-MUG,12,Realizado,Meteorologia,0,0
2025-003661,XYZ253661,2025-07-30,06:00,2025-07-30 06:21,SBGL,SBBR,ROT010,PR-NVH,21,Realizado,Meteorologia,0,0
2025-003662,XYZ253662,2025-07-30,06:00,2025-07-30 06:42,SBGL,SBCF,ROT011,PR-PWL,42,Realizado,Meteorologia,0,0
2025-003663,XYZ253663,2025-07-30,06:00,2025-07-30 06:46,SBGL,SBPA,ROT012,PR-QXA,46,Realizado,Meteorologia,0,0
2025-003664,XYZ253664,2025-07-30,06:00,2025-07-30 06:28,SBGL,SBCT,ROT013,PR-RYB,28,Realizado,Meteorologia,0,0
2025-003665,XYZ253665,2025-07-30,09:00,,SBGR,SBGL,ROT001,PR-SCD,0,Cancelado,Meteorologia,1,0
2025-003666,XYZ253666,2025-07-30,09:00,2025-07-30 09:24,SBGR,SBBR,ROT002,PR-TQJ,24,Desviado,Meteorologia,0,1
2025-003667,XYZ253667,2025-07-30,09:00,2025-07-30 09:39,SBGR,SBCF,ROT003,PR-UKM,39,Realizado,Meteorologia,0,0
2025-003668,XYZ253668,2025-07-30,09:00,2025-07-30 09:36,SBGR,SBPA,ROT004,PR-VPN,36,Realizado,Meteorologia,0,0
2025-003669,XYZ253669,2025-07-30,09:00,2025-07-30 09:20,SBGL,SBBR,ROT010,PR-WAR,20,Realizado,Meteorologia,0,0
2025-003670,XYZ253670,2025-07-30,09:00,2025-07-30 09:47,SBGL,SBCF,ROT011,PR-XBE,47,Realizado,Meteorologia,0,0
2025-003671,XYZ253671,2025-07-30,09:00,2025-07-30 09:46,SBGL,SBPA,ROT012,PR-YCF,46,Realizado,Meteorologia,0,0
2025-003672,XYZ253672,2025-07-30,09:00,2025-07-30 09:17,SBGL,SBCT,ROT013,PR-ZDG,17,Realizado,Meteorologia,0,0
2025-003673,XYZ253673,2025-07-30,12:00,2025-07-30 12:40,SBGR,SBGL,ROT001,PR-ADH,40,Realizado,Meteorologia,0,0
2025-003674,XYZ253674,2025-07-30,12:00,2025-07-30 12:39,SBGR,SBBR,ROT002,PR-BKR,39,Realizado,Meteorologia,0,0
2025-003675,XYZ253675,2025-07-30,12:00,2025-07-30 12:21,SBGR,SBCF,ROT003,PR-CEV,21,Realizado,Meteorologia,0,0
2025-003676,XYZ253676,2025-07-30,12:00,2025-07-30 12:45,SBGR,SBPA,ROT004,PR-DQF,45,Realizado,Meteorologia,0,0
2025-003677,XYZ253677,2025-07-30,12:00,2025-07-30 12:37,SBGL,SBBR,ROT010,PR-EHX,37,Realizado,Meteorologia,0,0
2025-003678,XYZ253678,2025-07-30,12:00,2025-07-30 12:49,SBGL,SBCF,ROT011,PR-FKA,49,Realizado,Meteorologia,0,0
2025-003679,XYZ253679,2025-07-30,12:00,2025-07-30 12:48,SBGL,SBPA,ROT012,PR-GMB,48,Realizado,Meteorologia,0,0
2025-003680,XYZ253680,2025-07-30,12:00,2025-07-30 12:26,SBGL,SBCT,ROT013,PR-HNC,26,Realizado,Meteorologia,0,0
2025-003681,XYZ253681,2025-07-31,00:00,2025-07-31 00:33,SBGR,SBGL,ROT001,PR-JRD,33,Realizado,Meteorologia,0,0
2025-003682,XYZ253682,2025-07-31,00:00,2025-07-31 00:28,SBGR,SBBR,ROT002,PR-KSE,28,Realizado,Meteorologia,0,0
2025-003683,XYZ253683,2025-07-31,00:00,2025-07-31 00:20,SBGR,SBCF,ROT003,PR-LTF,20,Realizado,Meteorologia,0,0
2025-003684,XYZ253684,2025-07-31,00:00,2025-07-31 00:31,SBGR,SBPA,ROT004,PR-MUG,31,Realizado,Meteorologia,0,0
2025-003685,XYZ253685,2025-07-31,00:00,2025-07-31 00:36,SBGL,SBBR,ROT010,PR-NVH,36,Realizado,Meteorologia,0,0
2025-003686,XYZ253686,2025-07-31,00:00,2025-07-31 00:21,SBGL,SBCF,ROT011,PR-PWL,21,Realizado,Meteorologia,0,0
2025-003687,XYZ253687,2025-07-31,00:00,2025-07-31 00:40,SBGL,SBPA,ROT012,PR-QXA,40,Realizado,Meteorologia,0,0
2025-003688,XYZ253688,2025-07-31,00:00,2025-07-31 00:45,SBGL,SBCT,ROT013,PR-RYB,45,Realizado,Meteorologia,0,0
2025-003689,XYZ253689,2025-07-31,03:00,2025-07-31 03:23,SBGR,SBGL,ROT001,PR-SCD,23,Realizado,Meteorologia,0,0
2025-003690,XYZ253690,2025-07-31,03:00,2025-07-31 03:38,SBGR,SBBR,ROT002,PR-TQJ,38,Realizado,Meteorologia,0,0
2025-003691,XYZ253691,2025-07-31,03:00,2025-07-31 03:19,SBGR,SBCF,ROT003,PR-UKM,19,Realizado,Meteorologia,0,0
2025-003692,XYZ253692,2025-07-31,03:00,2025-07-31 03:41,SBGR,SBPA,ROT004,PR-VPN,41,Realizado,Meteorologia,0,0
2025-003693,XYZ253693,2025-07-31,03:00,2025-07-31 03:27,SBGL,SBBR,ROT010,PR-WAR,27,Realizado,Meteorologia,0,0
2025-003694,XYZ253694,2025-07-31,03:00,2025-07-31 03:41,SBGL,SBCF,ROT011,PR-XBE,41,Realizado,Meteorologia,0,0
2025-003695,XYZ253695,2025-07-31,03:00,2025-07-31 03:10,SBGL,SBPA,ROT012,PR-YCF,10,Realizado,Meteorologia,0,0
2025-003696,XYZ253696,2025-07-31,03:00,2025-07-31 03:31,SBGL,SBCT,ROT013,PR-ZDG,31,Realizado,Meteorologia,0,0
2025-003697,XYZ253697,2025-07-31,06:00,2025-07-31 06:19,SBGR,SBGL,ROT001,PR-ADH,19,Realizado,Meteorologia,0,0
2025-003698,XYZ253698,2025-07-31,06:00,2025-07-31 06:36,SBGR,SBBR,ROT002,PR-BKR,36,Realizado,Meteorologia,0,0
2025-003699,XYZ253699,2025-07-31,06:00,2025-07-31 06:23,SBGR,SBCF,ROT003,PR-CEV,23,Realizado,Meteorologia,0,0
2025-003700,XYZ253700,2025-07-31,06:00,2025-07-31 06:27,SBGR,SBPA,ROT004,PR-DQF,27,Desviado,Meteorologia,0,1
2025-003701,XYZ253701,2025-07-31,06:00,2025-07-31 06:35,SBGL,SBBR,ROT010,PR-EHX,35,Realizado,Meteorologia,0,0
2025-003702,XYZ253702,2025-07-31,06:00,2025-07-31 06:34,SBGL,SBCF,ROT011,PR-FKA,34,Realizado,Meteorologia,0,0
2025-003703,XYZ253703,2025-07-31,06:00,2025-07-31 06:24,SBGL,SBPA,ROT012,PR-GMB,24,Desviado,Meteorologia,0,1
2025-003704,XYZ253704,2025-07-31,06:00,2025-07-31 06:54,SBGL,SBCT,ROT013,PR-HNC,54,Desviado,Meteorologia,0,1
2025-003705,XYZ253705,2025-07-31,09:00,2025-07-31 09:39,SBGR,SBGL,ROT001,PR-JRD,39,Realizado,Meteorologia,0,0
2025-003706,XYZ253706,2025-07-31,09:00,2025-07-31 09:17,SBGR,SBBR,ROT002,PR-KSE,17,Realizado,Meteorologia,0,0
2025-003707,XYZ253707,2025-07-31,09:00,2025-07-31 09:25,SBGR,SBCF,ROT003,PR-LTF,25,Realizado,Meteorologia,0,0
2025-003708,XYZ253708,2025-07-31,09:00,2025-07-31 09:17,SBGR,SBPA,ROT004,PR-MUG,17,Realizado,Meteorologia,0,0
2025-003709,XYZ253709,2025-07-31,09:00,2025-07-31 09:38,SBGL,SBBR,ROT010,PR-NVH,38,Desviado,Meteorologia,0,1
2025-003710,XYZ253710,2025-07-31,09:00,2025-07-31 09:21,SBGL,SBCF,ROT011,PR-PWL,21,Realizado,Meteorologia,0,0
2025-003711,XYZ253711,2025-07-31,09:00,2025-07-31 09:49,SBGL,SBPA,ROT012,PR-QXA,49,Realizado,Meteorologia,0,0
2025-003712,XYZ253712,2025-07-31,09:00,2025-07-31 09:14,SBGL,SBCT,ROT013,PR-RYB,14,Realizado,Meteorologia,0,0
2025-003713,XYZ253713,2025-07-31,12:00,2025-07-31 12:13,SBGR,SBGL,ROT001,PR-SCD,13,Realizado,Meteorologia,0,0
2025-003714,XYZ253714,2025-07-31,12:00,2025-07-31 12:36,SBGR,SBBR,ROT002,PR-TQJ,36,Realizado,Meteorologia,0,0
2025-003715,XYZ253715,2025-07-31,12:00,2025-07-31 12:49,SBGR,SBCF,ROT003,PR-UKM,49,Realizado,Meteorologia,0,0
2025-003716,XYZ253716,2025-07-31,12:00,2025-07-31 12:42,SBGR,SBPA,ROT004,PR-VPN,42,Desviado,Meteorologia,0,1
2025-003717,XYZ253717,2025-07-31,12:00,2025-07-31 12:43,SBGL,SBBR,ROT010,PR-WAR,43,Realizado,Meteorologia,0,0
2025-003718,XYZ253718,2025-07-31,12:00,2025-07-31 12:14,SBGL,SBCF,ROT011,PR-XBE,14,Realizado,Meteorologia,0,0
2025-003719,XYZ253719,2025-07-31,12:00,2025-07-31 12:43,SBGL,SBPA,ROT012,PR-YCF,43,Realizado,Meteorologia,0,0
2025-003720,XYZ253720,2025-07-31,12:00,2025-07-31 12:41,SBGL,SBCT,ROT013,PR-ZDG,41,Realizado,Meteorologia,0,0
