id_voo,codigo_voo,data,horario_previsto,horario_realizado,aeroporto_origem,aeroporto_destino,id_rota,matricula_aeronave,atraso_minutos,status,motivo_atraso,cancelado,desviado

2024-001241,XYZ241241,2024-07-01,00:00,2024-07-01 00:11,SBGR,SBGL,ROT001,PR-SCD,11,Realizado,Meteorologia,0,0
2024-001242,XYZ241242,2024-07-01,00:00,2024-07-01 00:41,SBGR,SBBR,ROT002,PR-TQJ,41,Realizado,Meteorologia,0,0
2024-001243,XYZ241243,2024-07-01,00:00,2024-07-01 00:34,SBGR,SBCF,ROT003,PR-UKM,34,Realizado,Meteorologia,0,0
2024-001244,XYZ241244,2024-07-01,00:00,2024-07-01 00:32,SBGR,SBPA,ROT004,PR-VPN,32,Realizado,Meteorologia,0,0
2024-001245,XYZ241245,2024-07-01,00:00,2024-07-01 00:44,SBGL,SBBR,ROT010,PR-WAR,44,Realizado,Meteorologia,0,0
2024-001246,XYZ241246,2024-07-01,00:00,2024-07-01 00:24,SBGL,SBCF,ROT011,PR-XBE,24,Realizado,Meteorologia,0,0
2024-001247,XYZ241247,2024-07-01,00:00,2024-07-01 00:31,SBGL,SBPA,ROT012,PR-YCF,31,Realizado,Meteorologia,0,0
2024-001248,XYZ241248,2024-07-01,00:00,2024-07-01 00:17,SBGL,SBCT,ROT013,PR-ZDG,17,Realizado,Meteorologia,0,0
2024-001249,XYZ241249,2024-07-01,03:00,2024-07-01 03:21,SBGR,SBGL,ROT001,PR-ADH,21,Realizado,Meteorologia,0,0
2024-001250,XYZ241250,2024-07-01,03:00,2024-07-01 03:47,SBGR,SBBR,ROT002,PR-BKR,47,Realizado,Meteorologia,0,0
2024-001251,XYZ241251,2024-07-01,03:00,2024-07-01 03:12,SBGR,SBCF,ROT003,PR-CEV,12,Realizado,Meteorologia,0,0
2024-001252,XYZ241252,2024-07-01,03:00,2024-07-01 03:36,SBGR,SBPA,ROT004,PR-DQF,36,Realizado,Meteorologia,0,0
2024-001253,XYZ241253,2024-07-01,03:00,2024-07-01 03:37,SBGL,SBBR,ROT010,PR-EHX,37,Realizado,Meteorologia,0,0
2024-001254,XYZ241254,2024-07-01,03:00,2024-07-01 03:39,SBGL,SBCF,ROT011,PR-FKA,39,Realizado,Meteorologia,0,0
2024-001255,XYZ241255,2024-07-01,03:00,2024-07-01 03:18,SBGL,SBPA,ROT012,PR-GMB,18,Realizado,Meteorologia,0,0
2024-001256,XYZ241256,2024-07-01,03:00,,SBGL,SBCT,ROT013,PR-HNC,0,Cancelado,Meteorologia,1,0
2024-001257,XYZ241257,2024-07-01,06:00,2024-07-01 06:14,SBGR,SBGL,ROT001,PR-JRD,14,Realizado,Meteorologia,0,0
2024-001258,XYZ241258,2024-07-01,06:00,2024-07-01 06:40,SBGR,SBBR,ROT002,PR-KSE,40,Realizado,Meteorologia,0,0
2024-001259,XYZ241259,2024-07-01,06:00,2024-07-01 06:32,SBGR,SBCF,ROT003,PR-LTF,32,Realizado,Meteorologia,0,0
2024-001260,XYZ241260,2024-07-01,06:00,2024-07-01 06:15,SBGR,SBPA,ROT004,PR-MUG,15,Realizado,Meteorologia,0,0
2024-001261,XYZ241261,2024-07-01,06:00,2024-07-01 06:10,SBGL,SBBR,ROT010,PR-NVH,10,Realizado,Meteorologia,0,0
2024-001262,XYZ241262,2024-07-01,06:00,2024-07-01 06:42,SBGL,SBCF,ROT011,PR-PWL,42,Realizado,Meteorologia,0,0
2024-001263,XYZ241263,2024-07-01,06:00,2024-07-01 06:23,SBGL,SBPA,ROT012,PR-QXA,23,Realizado,Meteorologia,0,0
2024-001264,XYZ241264,2024-07-01,06:00,2024-07-01 06:39,SBGL,SBCT,ROT013,PR-RYB,39,Realizado,Meteorologia,0,0
2024-001265,XYZ241265,2024-07-01,09:00,2024-07-01 09:12,SBGR,SBGL,ROT001,PR-SCD,12,Realizado,Meteorologia,0,0
2024-001266,XYZ241266,2024-07-01,09:00,2024-07-01 09:20,SBGR,SBBR,ROT002,PR-TQJ,20,Realizado,Meteorologia,0,0
2024-001267,XYZ241267,2024-07-01,09:00,2024-07-01 09:16,SBGR,SBCF,ROT003,PR-UKM,16,Realizado,Meteorologia,0,0
2024-001268,XYZ241268,2024-07-01,09:00,2024-07-01 09:12,SBGR,SBPA,ROT004,PR-VPN,12,Realizado,Meteorologia,0,0
2024-001269,XYZ241269,2024-07-01,09:00,2024-07-01 09:46,SBGL,SBBR,ROT010,PR-WAR,46,Realizado,Meteorologia,0,0
2024-001270,XYZ241270,2024-07-01,09:00,2024-07-01 09:38,SBGL,SBCF,ROT011,PR-XBE,38,Realizado,Meteorologia,0,0
2024-001271,XYZ241271,2024-07-01,09:00,2024-07-01 09:28,SBGL,SBPA,ROT012,PR-YCF,28,Realizado,Meteorologia,0,0
2024-001272,XYZ241272,2024-07-01,09:00,2024-07-01 09:36,SBGL,SBCT,ROT013,PR-ZDG,36,Realizado,Meteorologia,0,0
2024-001273,XYZ241273,2024-07-01,12:00,2024-07-01 12:26,SBGR,SBGL,ROT001,PR-ADH,26,Realizado,Meteorologia,0,0
2024-001274,XYZ241274,2024-07-01,12:00,2024-07-01 12:21,SBGR,SBBR,ROT002,PR-BKR,21,Realizado,Meteorologia,0,0
2024-001275,XYZ241275,2024-07-01,12:00,2024-07-01 12:19,SBGR,SBCF,ROT003,PR-CEV,19,Realizado,Meteorologia,0,0
2024-001276,XYZ241276,2024-07-01,12:00,2024-07-01 12:14,SBGR,SBPA,ROT004,PR-DQF,14,Realizado,Meteorologia,0,0
2024-001277,XYZ241277,2024-07-01,12:00,2024-07-01 12:10,SBGL,SBBR,ROT010,PR-EHX,10,Realizado,Meteorologia,0,0
2024-001278,XYZ241278,2024-07-01,12:00,2024-07-01 12:19,SBGL,SBCF,ROT011,PR-FKA,19,Realizado,Meteorologia,0,0
2024-001279,XYZ241279,2024-07-01,12:00,2024-07-01 12:44,SBGL,SBPA,ROT012,PR-GMB,44,Desviado,Meteorologia,0,1
2024-001280,XYZ241280,2024-07-01,12:00,2024-07-01 12:24,SBGL,SBCT,ROT013,PR-HNC,24,Realizado,Meteorologia,0,0
2024-001281,XYZ241281,2024-07-02,00:00,2024-07-02 00:28,SBGR,SBGL,ROT001,PR-JRD,28,Realizado,Meteorologia,0,0
2024-001282,XYZ241282,2024-07-02,00:00,2024-07-02 00:12,SBGR,SBBR,ROT002,PR-KSE,12,Realizado,Meteorologia,0,0
2024-001283,XYZ241283,2024-07-02,00:00,2024-07-02 00:24,SBGR,SBCF,ROT003,PR-LTF,24,Realizado,Meteorologia,0,0
2024-001284,XYZ241284,2024-07-02,00:00,2024-07-02 00:27,SBGR,SBPA,ROT004,PR-MUG,27,Realizado,Meteorologia,0,0
2024-001285,XYZ241285,2024-07-02,00:00,2024-07-02 00:23,SBGL,SBBR,ROT010,PR-NVH,23,Realizado,Meteorologia,0,0
2024-001286,XYZ241286,2024-07-02,00:00,,SBGL,SBCF,ROT011,PR-PWL,0,Cancelado,Meteorologia,1,0
2024-001287,XYZ241287,2024-07-02,00:00,2024-07-02 00:48,SBGL,SBPA,ROT012,PR-QXA,48,Realizado,Meteorologia,0,0
2024-001288,XYZ241288,2024-07-02,00:00,2024-07-02 00:37,SBGL,SBCT,ROT013,PR-RYB,37,Realizado,Meteorologia,0,0
2024-001289,XYZ241289,2024-07-02,03:00,2024-07-02 03:16,SBGR,SBGL,ROT001,PR-SCD,16,Realizado,Meteorologia,0,0
2024-001290,XYZ241290,2024-07-02,03:00,2024-07-02 03:29,SBGR,SBBR,ROT002,PR-TQJ,29,Desviado,Meteorologia,0,1
2024-001291,XYZ241291,2024-07-02,03:00,2024-07-02 03:21,SBGR,SBCF,ROT003,PR-UKM,21,Realizado,Meteorologia,0,0
2024-001292,XYZ241292,2024-07-02,03:00,2024-07-02 03:12,SBGR,SBPA,ROT004,PR-VPN,12,Realizado,Meteorologia,0,0
2024-001293,XYZ241293,2024-07-02,03:00,2024-07-02 03:28,SBGL,SBBR,ROT010,PR-WAR,28,Desviado,Meteorologia,0,1
2024-001294,XYZ241294,2024-07-02,03:00,2024-07-02 03:32,SBGL,SBCF,ROT011,PR-XBE,32,Desviado,Meteorologia,0,1
2024-001295,XYZ241295,2024-07-02,03:00,2024-07-02 03:20,SBGL,SBPA,ROT012,PR-YCF,20,Realizado,Meteorologia,0,0
2024-001296,XYZ241296,2024-07-02,03:00,2024-07-02 03:10,SBGL,SBCT,ROT013,PR-ZDG,10,Realizado,Meteorologia,0,0
2024-001297,XYZ241297,2024-07-02,06:00,2024-07-02 06:21,SBGR,SBGL,ROT001,PR-ADH,21,Desviado,Meteorologia,0,1
2024-001298,XYZ241298,2024-07-02,06:00,2024-07-02 06:13,SBGR,SBBR,ROT002,PR-BKR,13,Realizado,Meteorologia,0,0
2024-001299,XYZ241299,2024-07-02,06:00,2024-07-02 06:36,SBGR,SBCF,ROT003,PR-CEV,36,Realizado,Meteorologia,0,0
2024-001300,XYZ241300,2024-07-02,06:00,2024-07-02 06:12,SBGR,SBPA,ROT004,PR-DQF,12,Realizado,Meteorologia,0,0
2024-001301,XYZ241301,2024-07-02,06:00,2024-07-02 06:26,SBGL,SBBR,ROT010,PR-EHX,26,Realizado,Meteorologia,0,0
2024-001302,XYZ241302,2024-07-02,06:00,2024-07-02 06:36,SBGL,SBCF,ROT011,PR-FKA,36,Realizado,Meteorologia,0,0
2024-001303,XYZ241303,2024-07-02,06:00,2024-07-02 06:21,SBGL,SBPA,ROT012,PR-GMB,21,Realizado,Meteorologia,0,0
2024-001304,XYZ241304,2024-07-02,06:00,2024-07-02 06:13,SBGL,SBCT,ROT013,PR-HNC,13,Realizado,Meteorologia,0,0
2024-001305,XYZ241305,2024-07-02,09:00,2024-07-02 09:11,SBGR,SBGL,ROT001,PR-JRD,11,Realizado,Meteorologia,0,0
2024-001306,XYZ241306,2024-07-02,09:00,2024-07-02 09:42,SBGR,SBBR,ROT002,PR-KSE,42,Realizado,Meteorologia,0,0
2024-001307,XYZ241307,2024-07-02,09:00,2024-07-02 09:36,SBGR,SBCF,ROT003,PR-LTF,36,Realizado,Meteorologia,0,0
2024-001308,XYZ241308,2024-07-02,09:00,2024-07-02 09:20,SBGR,SBPA,ROT004,PR-MUG,20,Realizado,Meteorologia,0,0
2024-001309,XYZ241309,2024-07-02,09:00,2024-07-02 09:35,SBGL,SBBR,ROT010,PR-NVH,35,Realizado,Meteorologia,0,0
2024-001310,XYZ241310,2024-07-02,09:00,2024-07-02 09:39,SBGL,SBCF,ROT011,PR-PWL,39,Desviado,Meteorologia,0,1
2024-001311,XYZ241311,2024-07-02,09:00,2024-07-02 09:45,SBGL,SBPA,ROT012,PR-QXA,45,Desviado,Meteorologia,0,1
2024-001312,XYZ241312,2024-07-02,09:00,2024-07-02 09:45,SBGL,SBCT,ROT013,PR-RYB,45,Realizado,Meteorologia,0,0
2024-001313,XYZ241313,2024-07-02,12:00,2024-07-02 12:12,SBGR,SBGL,ROT001,PR-SCD,12,Realizado,Meteorologia,0,0
2024-001314,XYZ241314,2024-07-02,12:00,2024-07-02 12:36,SBGR,SBBR,ROT002,PR-TQJ,36,Realizado,Meteorologia,0,0
2024-001315,XYZ241315,2024-07-02,12:00,2024-07-02 12:35,SBGR,SBCF,ROT003,PR-UKM,35,Realizado,Meteorologia,0,0
2024-001316,XYZ241316,2024-07-02,12:00,2024-07-02 12:31,SBGR,SBPA,ROT004,PR-VPN,31,Desviado,Meteorologia,0,1
2024-001317,XYZ241317,2024-07-02,12:00,2024-07-02 12:35,SBGL,SBBR,ROT010,PR-WAR,35,Realizado,Meteorologia,0,0
2024-001318,XYZ241318,2024-07-02,12:00,2024-07-02 12:38,SBGL,SBCF,ROT011,PR-XBE,38,Realizado,Meteorologia,0,0
2024-001319,XYZ241319,2024-07-02,12:00,2024-07-02 12:47,SBGL,SBPA,ROT012,PR-YCF,47,Realizado,Meteorologia,0,0
2024-001320,XYZ241320,2024-07-02,12:00,2024-07-02 12:26,SBGL,SBCT,ROT013,PR-ZDG,26,Realizado,Meteorologia,0,0
2024-001321,XYZ241321,2024-07-03,00:00,2024-07-03 00:36,SBGR,SBGL,ROT001,PR-ADH,36,Realizado,Meteorologia,0,0
2024-001322,XYZ241322,2024-07-03,00:00,2024-07-03 00:31,SBGR,SBBR,ROT002,PR-BKR,31,Realizado,Meteorologia,0,0
2024-001323,XYZ241323,2024-07-03,00:00,2024-07-03 00:21,SBGR,SBCF,ROT003,PR-CEV,21,Realizado,Meteorologia,0,0
2024-001324,XYZ241324,2024-07-03,00:00,,SBGR,SBPA,ROT004,PR-DQF,0,Cancelado,Meteorologia,1,0
2024-001325,XYZ241325,2024-07-03,00:00,2024-07-03 00:22,SBGL,SBBR,ROT010,PR-EHX,22,Realizado,Meteorologia,0,0
2024-001326,XYZ241326,2024-07-03,00:00,2024-07-03 00:34,SBGL,SBCF,ROT011,PR-FKA,34,Realizado,Meteorologia,0,0
2024-001327,XYZ241327,2024-07-03,00:00,2024-07-03 00:25,SBGL,SBPA,ROT012,PR-GMB,25,Realizado,Meteorologia,0,0
2024-001328,XYZ241328,2024-07-03,00:00,2024-07-03 00:43,SBGL,SBCT,ROT013,PR-HNC,43,Realizado,Meteorologia,0,0
2024-001329,XYZ241329,2024-07-03,03:00,,SBGR,SBGL,ROT001,PR-JRD,0,Cancelado,Meteorologia,1,0
2024-001330,XYZ241330,2024-07-03,03:00,2024-07-03 03:32,SBGR,SBBR,ROT002,PR-KSE,32,Realizado,Meteorologia,0,0
2024-001331,XYZ241331,2024-07-03,03:00,2024-07-03 03:43,SBGR,SBCF,ROT003,PR-LTF,43,Realizado,Meteorologia,0,0
2024-001332,XYZ241332,2024-07-03,03:00,,SBGR,SBPA,ROT004,PR-MUG,0,Cancelado,Meteorologia,1,0
2024-001333,XYZ241333,2024-07-03,03:00,2024-07-03 03:27,SBGL,SBBR,ROT010,PR-NVH,27,Realizado,Meteorologia,0,0
2024-001334,XYZ241334,2024-07-03,03:00,2024-07-03 03:28,SBGL,SBCF,ROT011,PR-PWL,28,Realizado,Meteorologia,0,0
2024-001335,XYZ241335,2024-07-03,03:00,2024-07-03 03:17,SBGL,SBPA,ROT012,PR-QXA,17,Realizado,Meteorologia,0,0
2024-001336,XYZ241336,2024-07-03,03:00,2024-07-03 03:49,SBGL,SBCT,ROT013,PR-RYB,49,Realizado,Meteorologia,0,0
2024-001337,XYZ241337,2024-07-03,06:00,2024-07-03 06:11,SBGR,SBGL,ROT001,PR-SCD,11,Realizado,Meteorologia,0,0
2024-001338,XYZ241338,2024-07-03,06:00,2024-07-03 06:11,SBGR,SBBR,ROT002,PR-TQJ,11,Realizado,Meteorologia,0,0
2024-001339,XYZ241339,2024-07-03,06:00,2024-07-03 06:25,SBGR,SBCF,ROT003,PR-UKM,25,Realizado,Meteorologia,0,0
2024-001340,XYZ241340,2024-07-03,06:00,2024-07-03 06:20,SBGR,SBPA,ROT004,PR-VPN,20,Desviado,Meteorologia,0,1
2024-001341,XYZ241341,2024-07-03,06:00,2024-07-03 06:42,SBGL,SBBR,ROT010,PR-WAR,42,Realizado,Meteorologia,0,0
2024-001342,XYZ241342,2024-07-03,06:00,2024-07-03 06:49,SBGL,SBCF,ROT011,PR-XBE,49,Realizado,Meteorologia,0,0
2024-001343,XYZ241343,2024-07-03,06:00,2024-07-03 06:13,SBGL,SBPA,ROT012,PR-YCF,13,Realizado,Meteorologia,0,0
2024-001344,XYZ241344,2024-07-03,06:00,2024-07-03 06:21,SBGL,SBCT,ROT013,PR-ZDG,21,Realizado,Meteorologia,0,0
2024-001345,XYZ241345,2024-07-03,09:00,2024-07-03 09:29,SBGR,SBGL,ROT001,PR-ADH,29,Realizado,Meteorologia,0,0
2024-001346,XYZ241346,2024-07-03,09:00,2024-07-03 09:44,SBGR,SBBR,ROT002,PR-BKR,44,Realizado,Meteorologia,0,0
2024-001347,XYZ241347,2024-07-03,09:00,2024-07-03 09:17,SBGR,SBCF,ROT003,PR-CEV,17,Realizado,Meteorologia,0,0
2024-001348,XYZ241348,2024-07-03,09:00,2024-07-03 09:25,SBGR,SBPA,ROT004,PR-DQF,25,Realizado,Meteorologia,0,0
2024-001349,XYZ241349,2024-07-03,09:00,2024-07-03 09:27,SBGL,SBBR,ROT010,PR-EHX,27,Realizado,Meteorologia,0,0
2024-001350,XYZ241350,2024-07-03,09:00,2024-07-03 09:49,SBGL,SBCF,ROT011,PR-FKA,49,Realizado,Meteorologia,0,0
2024-001351,XYZ241351,2024-07-03,09:00,2024-07-03 09:20,SBGL,SBPA,ROT012,PR-GMB,20,Realizado,Meteorologia,0,0
2024-001352,XYZ241352,2024-07-03,09:00,2024-07-03 09:41,SBGL,SBCT,ROT013,PR-HNC,41,Realizado,Meteorologia,0,0
2024-001353,XYZ241353,2024-07-03,12:00,2024-07-03 12:12,SBGR,SBGL,ROT001,PR-JRD,12,Realizado,Meteorologia,0,0
2024-001354,XYZ241354,2024-07-03,12:00,2024-07-03 12:17,SBGR,SBBR,ROT002,PR-KSE,17,Realizado,Meteorologia,0,0
2024-001355,XYZ241355,2024-07-03,12:00,2024-07-03 12:34,SBGR,SBCF,ROT003,PR-LTF,34,Realizado,Meteorologia,0,0
2024-001356,XYZ241356,2024-07-03,12:00,2024-07-03 12:16,SBGR,SBPA,ROT004,PR-MUG,16,Realizado,Meteorologia,0,0
2024-001357,XYZ241357,2024-07-03,12:00,2024-07-03 12:59,SBGL,SBBR,ROT010,PR-NVH,59,Desviado,Meteorologia,0,1
2024-001358,XYZ241358,2024-07-03,12:00,2024-07-03 12:48,SBGL,SBCF,ROT011,PR-PWL,48,Desviado,Meteorologia,0,1
2024-001359,XYZ241359,2024-07-03,12:00,2024-07-03 12:13,SBGL,SBPA,ROT012,PR-QXA,13,Realizado,Meteorologia,0,0
2024-001360,XYZ241360,2024-07-03,12:00,2024-07-03 12:29,SBGL,SBCT,ROT013,PR-RYB,29,Realizado,Meteorologia,0,0
2024-001361,XYZ241361,2024-07-04,00:00,2024-07-04 00:44,SBGR,SBGL,ROT001,PR-SCD,44,Realizado,Meteorologia,0,0
2024-001362,XYZ241362,2024-07-04,00:00,2024-07-04 00:10,SBGR,SBBR,ROT002,PR-TQJ,10,Realizado,Meteorologia,0,0
2024-001363,XYZ241363,2024-07-04,00:00,2024-07-04 00:44,SBGR,SBCF,ROT003,PR-UKM,44,Realizado,Meteorologia,0,0
2024-001364,XYZ241364,2024-07-04,00:00,2024-07-04 00:47,SBGR,SBPA,ROT004,PR-VPN,47,Realizado,Meteorologia,0,0
2024-001365,XYZ241365,2024-07-04,00:00,2024-07-04 00:45,SBGL,SBBR,ROT010,PR-WAR,45,Realizado,Meteorologia,0,0
2024-001366,XYZ241366,2024-07-04,00:00,2024-07-04 00:36,SBGL,SBCF,ROT011,PR-XBE,36,Realizado,Meteorologia,0,0
2024-001367,XYZ241367,2024-07-04,00:00,2024-07-04 00:33,SBGL,SBPA,ROT012,PR-YCF,33,Realizado,Meteorologia,0,0
2024-001368,XYZ241368,2024-07-04,00:00,2024-07-04 00:24,SBGL,SBCT,ROT013,PR-ZDG,24,Realizado,Meteorologia,0,0
2024-001369,XYZ241369,2024-07-04,03:00,2024-07-04 03:17,SBGR,SBGL,ROT001,PR-ADH,17,Realizado,Meteorologia,0,0
2024-001370,XYZ241370,2024-07-04,03:00,2024-07-04 03:35,SBGR,SBBR,ROT002,PR-BKR,35,Realizado,Meteorologia,0,0
2024-001371,XYZ241371,2024-07-04,03:00,2024-07-04 03:24,SBGR,SBCF,ROT003,PR-CEV,24,Realizado,Meteorologia,0,0
2024-001372,XYZ241372,2024-07-04,03:00,2024-07-04 03:24,SBGR,SBPA,ROT004,PR-DQF,24,Realizado,Meteorologia,0,0
2024-001373,XYZ241373,2024-07-04,03:00,2024-07-04 03:38,SBGL,SBBR,ROT010,PR-EHX,38,Realizado,Meteorologia,0,0
2024-001374,XYZ241374,2024-07-04,03:00,2024-07-04 03:46,SBGL,SBCF,ROT011,PR-FKA,46,Realizado,Meteorologia,0,0
2024-001375,XYZ241375,2024-07-04,03:00,2024-07-04 03:23,SBGL,SBPA,ROT012,PR-GMB,23,Desviado,Meteorologia,0,1
2024-001376,XYZ241376,2024-07-04,03:00,2024-07-04 03:14,SBGL,SBCT,ROT013,PR-HNC,14,Realizado,Meteorologia,0,0
2024-001377,XYZ241377,2024-07-04,06:00,2024-07-04 06:21,SBGR,SBGL,ROT001,PR-JRD,21,Realizado,Meteorologia,0,0
2024-001378,XYZ241378,2024-07-04,06:00,2024-07-04 06:37,SBGR,SBBR,ROT002,PR-KSE,37,Desviado,Meteorologia,0,1
2024-001379,XYZ241379,2024-07-04,06:00,2024-07-04 06:42,SBGR,SBCF,ROT003,PR-LTF,42,Realizado,Meteorologia,0,0
2024-001380,XYZ241380,2024-07-04,06:00,2024-07-04 06:25,SBGR,SBPA,ROT004,PR-MUG,25,Realizado,Meteorologia,0,0
2024-001381,XYZ241381,2024-07-04,06:00,2024-07-04 06:20,SBGL,SBBR,ROT010,PR-NVH,20,Realizado,Meteorologia,0,0
2024-001382,XYZ241382,2024-07-04,06:00,2024-07-04 06:20,SBGL,SBCF,ROT011,PR-PWL,20,Realizado,Meteorologia,0,0
2024-001383,XYZ241383,2024-07-04,06:00,2024-07-04 06:49,SBGL,SBPA,ROT012,PR-QXA,49,Realizado,Meteorologia,0,0
2024-001384,XYZ241384,2024-07-04,06:00,2024-07-04 06:42,SBGL,SBCT,ROT013,PR-RYB,42,Realizado,Meteorologia,0,0
2024-001385,XYZ241385,2024-07-04,09:00,2024-07-04 09:22,SBGR,SBGL,ROT001,PR-SCD,22,Realizado,Meteorologia,0,0
2024-001386,XYZ241386,2024-07-04,09:00,2024-07-04 09:40,SBGR,SBBR,ROT002,PR-TQJ,40,Realizado,Meteorologia,0,0
2024-001387,XYZ241387,2024-07-04,09:00,2024-07-04 09:38,SBGR,SBCF,ROT003,PR-UKM,38,Realizado,Meteorologia,0,0
2024-001388,XYZ241388,2024-07-04,09:00,,SBGR,SBPA,ROT004,PR-VPN,0,Cancelado,Meteorologia,1,0
2024-001389,XYZ241389,2024-07-04,09:00,2024-07-04 09:48,SBGL,SBBR,ROT010,PR-WAR,48,Realizado,Meteorologia,0,0
2024-001390,XYZ241390,2024-07-04,09:00,2024-07-04 09:27,SBGL,SBCF,ROT011,PR-XBE,27,Desviado,Meteorologia,0,1
2024-001391,XYZ241391,2024-07-04,09:00,2024-07-04 09:11,SBGL,SBPA,ROT012,PR-YCF,11,Realizado,Meteorologia,0,0
2024-001392,XYZ241392,2024-07-04,09:00,2024-07-04 09:29,SBGL,SBCT,ROT013,PR-ZDG,29,Realizado,Meteorologia,0,0
2024-001393,XYZ241393,2024-07-04,12:00,2024-07-04 12:35,SBGR,SBGL,ROT001,PR-ADH,35,Realizado,Meteorologia,0,0
2024-001394,XYZ241394,2024-07-04,12:00,2024-07-04 12:22,SBGR,SBBR,ROT002,PR-BKR,22,Realizado,Meteorologia,0,0
2024-001395,XYZ241395,2024-07-04,12:00,2024-07-04 12:42,SBGR,SBCF,ROT003,PR-CEV,42,Desviado,Meteorologia,0,1
2024-001396,XYZ241396,2024-07-04,12:00,2024-07-04 12:49,SBGR,SBPA,ROT004,PR-DQF,49,Desviado,Meteorologia,0,1
2024-001397,XYZ241397,2024-07-04,12:00,2024-07-04 12:43,SBGL,SBBR,ROT010,PR-EHX,43,Realizado,Meteorologia,0,0
2024-001398,XYZ241398,2024-07-04,12:00,2024-07-04 12:42,SBGL,SBCF,ROT011,PR-FKA,42,Realizado,Meteorologia,0,0
2024-001399,XYZ241399,2024-07-04,12:00,2024-07-04 12:28,SBGL,SBPA,ROT012,PR-GMB,28,Realizado,Meteorologia,0,0
2024-001400,XYZ241400,2024-07-04,12:00,2024-07-04 12:12,SBGL,SBCT,ROT013,PR-HNC,12,Realizado,Meteorologia,0,0
2024-001401,XYZ241401,2024-07-05,00:00,2024-07-05 00:34,SBGR,SBGL,ROT001,PR-JRD,34,Realizado,Meteorologia,0,0
2024-001402,XYZ241402,2024-07-05,00:00,2024-07-05 00:28,SBGR,SBBR,ROT002,PR-KSE,28,Realizado,Meteorologia,0,0
2024-001403,XYZ241403,2024-07-05,00:00,2024-07-05 00:43,SBGR,SBCF,ROT003,PR-LTF,43,Realizado,Meteorologia,0,0
2024-001404,XYZ241404,2024-07-05,00:00,2024-07-05 00:36,SBGR,SBPA,ROT004,PR-MUG,36,Realizado,Meteorologia,0,0
2024-001405,XYZ241405,2024-07-05,00:00,2024-07-05 00:29,SBGL,SBBR,ROT010,PR-NVH,29,Realizado,Meteorologia,0,0
2024-001406,XYZ241406,2024-07-05,00:00,2024-07-05 00:46,SBGL,SBCF,ROT011,PR-PWL,46,Realizado,Meteorologia,0,0
2024-001407,XYZ241407,2024-07-05,00:00,2024-07-05 00:58,SBGL,SBPA,ROT012,PR-QXA,58,Desviado,Meteorologia,0,1
2024-001408,XYZ241408,2024-07-05,00:00,2024-07-05 00:21,SBGL,SBCT,ROT013,PR-RYB,21,Realizado,Meteorologia,0,0
2024-001409,XYZ241409,2024-07-05,03:00,2024-07-05 03:18,SBGR,SBGL,ROT001,PR-SCD,18,Realizado,Meteorologia,0,0
2024-001410,XYZ241410,2024-07-05,03:00,2024-07-05 03:40,SBGR,SBBR,ROT002,PR-TQJ,40,Realizado,Meteorologia,0,0
2024-001411,XYZ241411,2024-07-05,03:00,2024-07-05 03:39,SBGR,SBCF,ROT003,PR-UKM,39,Realizado,Meteorologia,0,0
2024-001412,XYZ241412,2024-07-05,03:00,2024-07-05 03:30,SBGR,SBPA,ROT004,PR-VPN,30,Desviado,Meteorologia,0,1
2024-001413,XYZ241413,2024-07-05,03:00,2024-07-05 03:13,SBGL,SBBR,ROT010,PR-WAR,13,Realizado,Meteorologia,0,0
2024-001414,XYZ241414,2024-07-05,03:00,2024-07-05 03:19,SBGL,SBCF,ROT011,PR-XBE,19,Realizado,Meteorologia,0,0
2024-001415,XYZ241415,2024-07-05,03:00,2024-07-05 03:41,SBGL,SBPA,ROT012,PR-YCF,41,Realizado,Meteorologia,0,0
2024-001416,XYZ241416,2024-07-05,03:00,2024-07-05 03:47,SBGL,SBCT,ROT013,PR-ZDG,47,Realizado,Meteorologia,0,0
2024-001417,XYZ241417,2024-07-05,06:00,,SBGR,SBGL,ROT001,PR-ADH,0,Cancelado,Meteorologia,1,0
2024-001418,XYZ241418,2024-07-05,06:00,2024-07-05 06:40,SBGR,SBBR,ROT002,PR-BKR,40,Realizado,Meteorologia,0,0
2024-001419,XYZ241419,2024-07-05,06:00,2024-07-05 06:46,SBGR,SBCF,ROT003,PR-CEV,46,Realizado,Meteorologia,0,0
2024-001420,XYZ241420,2024-07-05,06:00,2024-07-05 06:46,SBGR,SBPA,ROT004,PR-DQF,46,Realizado,Meteorologia,0,0
2024-001421,XYZ241421,2024-07-05,06:00,2024-07-05 06:27,SBGL,SBBR,ROT010,PR-EHX,27,Realizado,Meteorologia,0,0
2024-001422,XYZ241422,2024-07-05,06:00,2024-07-05 06:40,SBGL,SBCF,ROT011,PR-FKA,40,Realizado,Meteorologia,0,0
2024-001423,XYZ241423,2024-07-05,06:00,2024-07-05 06:38,SBGL,SBPA,ROT012,PR-GMB,38,Realizado,Meteorologia,0,0
2024-001424,XYZ241424,2024-07-05,06:00,2024-07-05 06:14,SBGL,SBCT,ROT013,PR-HNC,14,Realizado,Meteorologia,0,0
2024-001425,XYZ241425,2024-07-05,09:00,2024-07-05 09:22,SBGR,SBGL,ROT001,PR-JRD,22,Realizado,Meteorologia,0,0
2024-001426,XYZ241426,2024-07-05,09:00,2024-07-05 09:25,SBGR,SBBR,ROT002,PR-KSE,25,Realizado,Meteorologia,0,0
2024-001427,XYZ241427,2024-07-05,09:00,2024-07-05 09:30,SBGR,SBCF,ROT003,PR-LTF,30,Realizado,Meteorologia,0,0
2024-001428,XYZ241428,2024-07-05,09:00,2024-07-05 09:33,SBGR,SBPA,ROT004,PR-MUG,33,Desviado,Meteorologia,0,1
2024-001429,XYZ241429,2024-07-05,09:00,2024-07-05 09:27,SBGL,SBBR,ROT010,PR-NVH,27,Realizado,Meteorologia,0,0
2024-001430,XYZ241430,2024-07-05,09:00,2024-07-05 09:36,SBGL,SBCF,ROT011,PR-PWL,36,Realizado,Meteorologia,0,0
2024-001431,XYZ241431,2024-07-05,09:00,2024-07-05 09:39,SBGL,SBPA,ROT012,PR-QXA,39,Desviado,Meteorologia,0,1
2024-001432,XYZ241432,2024-07-05,09:00,2024-07-05 09:11,SBGL,SBCT,ROT013,PR-RYB,11,Realizado,Meteorologia,0,0
2024-001433,XYZ241433,2024-07-05,12:00,2024-07-05 12:46,SBGR,SBGL,ROT001,PR-SCD,46,Realizado,Meteorologia,0,0
2024-001434,XYZ241434,2024-07-05,12:00,2024-07-05 12:24,SBGR,SBBR,ROT002,PR-TQJ,24,Realizado,Meteorologia,0,0
2024-001435,XYZ241435,2024-07-05,12:00,2024-07-05 12:50,SBGR,SBCF,ROT003,PR-UKM,50,Desviado,Meteorologia,0,1
2024-001436,XYZ241436,2024-07-05,12:00,2024-07-05 12:17,SBGR,SBPA,ROT004,PR-VPN,17,Realizado,Meteorologia,0,0
2024-001437,XYZ241437,2024-07-05,12:00,2024-07-05 12:49,SBGL,SBBR,ROT010,PR-WAR,49,Realizado,Meteorologia,0,0
2024-001438,XYZ241438,2024-07-05,12:00,2024-07-05 12:26,SBGL,SBCF,ROT011,PR-XBE,26,Realizado,Meteorologia,0,0
2024-001439,XYZ241439,2024-07-05,12:00,2024-07-05 12:37,SBGL,SBPA,ROT012,PR-YCF,37,Realizado,Meteorologia,0,0
2024-001440,XYZ241440,2024-07-05,12:00,2024-07-05 12:25,SBGL,SBCT,ROT013,PR-ZDG,25,Realizado,Meteorologia,0,0
2024-001441,XYZ241441,2024-07-06,00:00,2024-07-06 00:40,SBGR,SBGL,ROT001,PR-ADH,40,Realizado,Meteorologia,0,0
2024-001442,XYZ241442,2024-07-06,00:00,2024-07-06 00:18,SBGR,SBBR,ROT002,PR-BKR,18,Realizado,Meteorologia,0,0
2024-001443,XYZ241443,2024-07-06,00:00,2024-07-06 00:47,SBGR,SBCF,ROT003,PR-CEV,47,Realizado,Meteorologia,0,0
2024-001444,XYZ241444,2024-07-06,00:00,2024-07-06 00:41,SBGR,SBPA,ROT004,PR-DQF,41,Realizado,Meteorologia,0,0
2024-001445,XYZ241445,2024-07-06,00:00,2024-07-06 00:46,SBGL,SBBR,ROT010,PR-EHX,46,Realizado,Meteorologia,0,0
2024-001446,XYZ241446,2024-07-06,00:00,2024-07-06 00:28,SBGL,SBCF,ROT011,PR-FKA,28,Realizado,Meteorologia,0,0
2024-001447,XYZ241447,2024-07-06,00:00,2024-07-06 00:43,SBGL,SBPA,ROT012,PR-GMB,43,Realizado,Meteorologia,0,0
2024-001448,XYZ241448,2024-07-06,00:00,2024-07-06 00:36,SBGL,SBCT,ROT013,PR-HNC,36,Realizado,Meteorologia,0,0
2024-001449,XYZ241449,2024-07-06,03:00,2024-07-06 03:39,SBGR,SBGL,ROT001,PR-JRD,39,Realizado,Meteorologia,0,0
2024-001450,XYZ241450,2024-07-06,03:00,2024-07-06 03:47,SBGR,SBBR,ROT002,PR-KSE,47,Realizado,Meteorologia,0,0
2024-001451,XYZ241451,2024-07-06,03:00,2024-07-06 03:32,SBGR,SBCF,ROT003,PR-LTF,32,Realizado,Meteorologia,0,0
2024-001452,XYZ241452,2024-07-06,03:00,2024-07-06 03:27,SBGR,SBPA,ROT004,PR-MUG,27,Realizado,Meteorologia,0,0
2024-001453,XYZ241453,2024-07-06,03:00,,SBGL,SBBR,ROT010,PR-NVH,0,Cancelado,Meteorologia,1,0
2024-001454,XYZ241454,2024-07-06,03:00,2024-07-06 03:15,SBGL,SBCF,ROT011,PR-PWL,15,Realizado,Meteorologia,0,0
2024-001455,XYZ241455,2024-07-06,03:00,2024-07-06 03:18,SBGL,SBPA,ROT012,PR-QXA,18,Realizado,Meteorologia,0,0
2024-001456,XYZ241456,2024-07-06,03:00,2024-07-06 03:15,SBGL,SBCT,ROT013,PR-RYB,15,Realizado,Meteorologia,0,0
2024-001457,XYZ241457,2024-07-06,06:00,2024-07-06 06:49,SBGR,SBGL,ROT001,PR-SCD,49,Realizado,Meteorologia,0,0
2024-001458,XYZ241458,2024-07-06,06:00,2024-07-06 06:20,SBGR,SBBR,ROT002,PR-TQJ,20,Realizado,Meteorologia,0,0
2024-001459,XYZ241459,2024-07-06,06:00,2024-07-06 06:23,SBGR,SBCF,ROT003,PR-UKM,23,Realizado,Meteorologia,0,0
2024-001460,XYZ241460,2024-07-06,06:00,2024-07-06 06:47,SBGR,SBPA,ROT004,PR-VPN,47,Realizado,Meteorologia,0,0
2024-001461,XYZ241461,2024-07-06,06:00,2024-07-06 06:10,SBGL,SBBR,ROT010,PR-WAR,10,Realizado,Meteorologia,0,0
2024-001462,XYZ241462,2024-07-06,06:00,2024-07-06 06:37,SBGL,SBCF,ROT011,PR-XBE,37,Desviado,Meteorologia,0,1
2024-001463,XYZ241463,2024-07-06,06:00,2024-07-06 06:45,SBGL,SBPA,ROT012,PR-YCF,45,Realizado,Meteorologia,0,0
2024-001464,XYZ241464,2024-07-06,06:00,2024-07-06 06:15,SBGL,SBCT,ROT013,PR-ZDG,15,Realizado,Meteorologia,0,0
2024-001465,XYZ241465,2024-07-06,09:00,2024-07-06 09:45,SBGR,SBGL,ROT001,PR-ADH,45,Realizado,Meteorologia,0,0
2024-001466,XYZ241466,2024-07-06,09:00,2024-07-06 09:29,SBGR,SBBR,ROT002,PR-BKR,29,Desviado,Meteorologia,0,1
2024-001467,XYZ241467,2024-07-06,09:00,2024-07-06 09:20,SBGR,SBCF,ROT003,PR-CEV,20,Realizado,Meteorologia,0,0
2024-001468,XYZ241468,2024-07-06,09:00,2024-07-06 09:41,SBGR,SBPA,ROT004,PR-DQF,41,Desviado,Meteorologia,0,1
2024-001469,XYZ241469,2024-07-06,09:00,2024-07-06 09:43,SBGL,SBBR,ROT010,PR-EHX,43,Desviado,Meteorologia,0,1
2024-001470,XYZ241470,2024-07-06,09:00,,SBGL,SBCF,ROT011,PR-FKA,0,Cancelado,Meteorologia,1,0
2024-001471,XYZ241471,2024-07-06,09:00,2024-07-06 09:21,SBGL,SBPA,ROT012,PR-GMB,21,Realizado,Meteorologia,0,0
2024-001472,XYZ241472,2024-07-06,09:00,2024-07-06 09:21,SBGL,SBCT,ROT013,PR-HNC,21,Realizado,Meteorologia,0,0
2024-001473,XYZ241473,2024-07-06,12:00,2024-07-06 12:26,SBGR,SBGL,ROT001,PR-JRD,26,Realizado,Meteorologia,0,0
2024-001474,XYZ241474,2024-07-06,12:00,2024-07-06 12:39,SBGR,SBBR,ROT002,PR-KSE,39,Realizado,Meteorologia,0,0
2024-001475,XYZ241475,2024-07-06,12:00,2024-07-06 12:25,SBGR,SBCF,ROT003,PR-LTF,25,Realizado,Meteorologia,0,0
2024-001476,XYZ241476,2024-07-06,12:00,2024-07-06 12:32,SBGR,SBPA,ROT004,PR-MUG,32,Realizado,Meteorologia,0,0
2024-001477,XYZ241477,2024-07-06,12:00,2024-07-06 12:45,SBGL,SBBR,ROT010,PR-NVH,45,Realizado,Meteorologia,0,0
2024-001478,XYZ241478,2024-07-06,12:00,2024-07-06 12:20,SBGL,SBCF,ROT011,PR-PWL,20,Realizado,Meteorologia,0,0
2024-001479,XYZ241479,2024-07-06,12:00,2024-07-06 12:48,SBGL,SBPA,ROT012,PR-QXA,48,Realizado,Meteorologia,0,0
2024-001480,XYZ241480,2024-07-06,12:00,2024-07-06 12:27,SBGL,SBCT,ROT013,PR-RYB,27,Realizado,Meteorologia,0,0
2024-001481,XYZ241481,2024-07-07,00:00,2024-07-07 00:49,SBGR,SBGL,ROT001,PR-SCD,49,Realizado,Meteorologia,0,0
2024-001482,XYZ241482,2024-07-07,00:00,2024-07-07 00:42,SBGR,SBBR,ROT002,PR-TQJ,42,Realizado,Meteorologia,0,0
2024-001483,XYZ241483,2024-07-07,00:00,,SBGR,SBCF,ROT003,PR-UKM,0,Cancelado,Meteorologia,1,0
2024-001484,XYZ241484,2024-07-07,00:00,2024-07-07 00:56,SBGR,SBPA,ROT004,PR-VPN,56,Desviado,Meteorologia,0,1
2024-001485,XYZ241485,2024-07-07,00:00,2024-07-07 00:47,SBGL,SBBR,ROT010,PR-WAR,47,Realizado,Meteorologia,0,0
2024-001486,XYZ241486,2024-07-07,00:00,2024-07-07 00:29,SBGL,SBCF,ROT011,PR-XBE,29,Realizado,Meteorologia,0,0
2024-001487,XYZ241487,2024-07-07,00:00,2024-07-07 00:11,SBGL,SBPA,ROT012,PR-YCF,11,Realizado,Meteorologia,0,0
2024-001488,XYZ241488,2024-07-07,00:00,2024-07-07 00:28,SBGL,SBCT,ROT013,PR-ZDG,28,Realizado,Meteorologia,0,0
2024-001489,XYZ241489,2024-07-07,03:00,2024-07-07 03:27,SBGR,SBGL,ROT001,PR-ADH,27,Realizado,Meteorologia,0,0
2024-001490,XYZ241490,2024-07-07,03:00,2024-07-07 03:45,SBGR,SBBR,ROT002,PR-BKR,45,Realizado,Meteorologia,0,0
2024-001491,XYZ241491,2024-07-07,03:00,2024-07-07 03:33,SBGR,SBCF,ROT003,PR-CEV,33,Realizado,Meteorologia,0,0
2024-001492,XYZ241492,2024-07-07,03:00,2024-07-07 03:21,SBGR,SBPA,ROT004,PR-DQF,21,Desviado,Meteorologia,0,1
2024-001493,XYZ241493,2024-07-07,03:00,2024-07-07 03:19,SBGL,SBBR,ROT010,PR-EHX,19,Realizado,Meteorologia,0,0
2024-001494,XYZ241494,2024-07-07,03:00,2024-07-07 03:14,SBGL,SBCF,ROT011,PR-FKA,14,Realizado,Meteorologia,0,0
2024-001495,XYZ241495,2024-07-07,03:00,2024-07-07 03:49,SBGL,SBPA,ROT012,PR-GMB,49,Realizado,Meteorologia,0,0
2024-001496,XYZ241496,2024-07-07,03:00,2024-07-07 03:29,SBGL,SBCT,ROT013,PR-HNC,29,Realizado,Meteorologia,0,0
2024-001497,XYZ241497,2024-07-07,06:00,2024-07-07 06:35,SBGR,SBGL,ROT001,PR-JRD,35,Realizado,Meteorologia,0,0
2024-001498,XYZ241498,2024-07-07,06:00,2024-07-07 06:42,SBGR,SBBR,ROT002,PR-KSE,42,Realizado,Meteorologia,0,0
2024-001499,XYZ241499,2024-07-07,06:00,2024-07-07 06:33,SBGR,SBCF,ROT003,PR-LTF,33,Realizado,Meteorologia,0,0
2024-001500,XYZ241500,2024-07-07,06:00,2024-07-07 06:20,SBGR,SBPA,ROT004,PR-MUG,20,Realizado,Meteorologia,0,0
2024-001501,XYZ241501,2024-07-07,06:00,2024-07-07 06:19,SBGL,SBBR,ROT010,PR-NVH,19,Realizado,Meteorologia,0,0
2024-001502,XYZ241502,2024-07-07,06:00,2024-07-07 06:41,SBGL,SBCF,ROT011,PR-PWL,41,Realizado,Meteorologia,0,0
2024-001503,XYZ241503,2024-07-07,06:00,2024-07-07 06:37,SBGL,SBPA,ROT012,PR-QXA,37,Realizado,Meteorologia,0,0
2024-001504,XYZ241504,2024-07-07,06:00,2024-07-07 06:21,SBGL,SBCT,ROT013,PR-RYB,21,Realizado,Meteorologia,0,0
2024-001505,XYZ241505,2024-07-07,09:00,2024-07-07 09:11,SBGR,SBGL,ROT001,PR-SCD,11,Realizado,Meteorologia,0,0
2024-001506,XYZ241506,2024-07-07,09:00,2024-07-07 09:18,SBGR,SBBR,ROT002,PR-TQJ,18,Realizado,Meteorologia,0,0
2024-001507,XYZ241507,2024-07-07,09:00,2024-07-07 09:26,SBGR,SBCF,ROT003,PR-UKM,26,Realizado,Meteorologia,0,0
2024-001508,XYZ241508,2024-07-07,09:00,2024-07-07 09:19,SBGR,SBPA,ROT004,PR-VPN,19,Realizado,Meteorologia,0,0
2024-001509,XYZ241509,2024-07-07,09:00,2024-07-07 09:43,SBGL,SBBR,ROT010,PR-WAR,43,Realizado,Meteorologia,0,0
2024-001510,XYZ241510,2024-07-07,09:00,2024-07-07 09:25,SBGL,SBCF,ROT011,PR-XBE,25,Realizado,Meteorologia,0,0
2024-001511,XYZ241511,2024-07-07,09:00,2024-07-07 09:46,SBGL,SBPA,ROT012,PR-YCF,46,Realizado,Meteorologia,0,0
2024-001512,XYZ241512,2024-07-07,09:00,2024-07-07 09:25,SBGL,SBCT,ROT013,PR-ZDG,25,Realizado,Meteorologia,0,0
2024-001513,XYZ241513,2024-07-07,12:00,2024-07-07 12:40,SBGR,SBGL,ROT001,PR-ADH,40,Realizado,Meteorologia,0,0
2024-001514,XYZ241514,2024-07-07,12:00,2024-07-07 12:28,SBGR,SBBR,ROT002,PR-BKR,28,Realizado,Meteorologia,0,0
2024-001515,XYZ241515,2024-07-07,12:00,2024-07-07 12:34,SBGR,SBCF,ROT003,PR-CEV,34,Realizado,Meteorologia,0,0
2024-001516,XYZ241516,2024-07-07,12:00,2024-07-07 12:40,SBGR,SBPA,ROT004,PR-DQF,40,Realizado,Meteorologia,0,0
2024-001517,XYZ241517,2024-07-07,12:00,2024-07-07 12:39,SBGL,SBBR,ROT010,PR-EHX,39,Realizado,Meteorologia,0,0
2024-001518,XYZ241518,2024-07-07,12:00,2024-07-07 12:36,SBGL,SBCF,ROT011,PR-FKA,36,Realizado,Meteorologia,0,0
2024-001519,XYZ241519,2024-07-07,12:00,2024-07-07 12:43,SBGL,SBPA,ROT012,PR-GMB,43,Realizado,Meteorologia,0,0
2024-001520,XYZ241520,2024-07-07,12:00,2024-07-07 12:24,SBGL,SBCT,ROT013,PR-HNC,24,Realizado,Meteorologia,0,0
2024-001521,XYZ241521,2024-07-08,00:00,2024-07-08 00:56,SBGR,SBGL,ROT001,PR-JRD,56,Desviado,Meteorologia,0,1
2024-001522,XYZ241522,2024-07-08,00:00,2024-07-08 00:20,SBGR,SBBR,ROT002,PR-KSE,20,Desviado,Meteorologia,0,1
2024-001523,XYZ241523,2024-07-08,00:00,,SBGR,SBCF,ROT003,PR-LTF,0,Cancelado,Meteorologia,1,0
2024-001524,XYZ241524,2024-07-08,00:00,2024-07-08 00:24,SBGR,SBPA,ROT004,PR-MUG,24,Realizado,Meteorologia,0,0
2024-001525,XYZ241525,2024-07-08,00:00,2024-07-08 00:16,SBGL,SBBR,ROT010,PR-NVH,16,Realizado,Meteorologia,0,0
2024-001526,XYZ241526,2024-07-08,00:00,,SBGL,SBCF,ROT011,PR-PWL,0,Cancelado,Meteorologia,1,0
2024-001527,XYZ241527,2024-07-08,00:00,2024-07-08 00:16,SBGL,SBPA,ROT012,PR-QXA,16,Realizado,Meteorologia,0,0
2024-001528,XYZ241528,2024-07-08,00:00,2024-07-08 00:23,SBGL,SBCT,ROT013,PR-RYB,23,Realizado,Meteorologia,0,0
2024-001529,XYZ241529,2024-07-08,03:00,2024-07-08 03:40,SBGR,SBGL,ROT001,PR-SCD,40,Realizado,Meteorologia,0,0
2024-001530,XYZ241530,2024-07-08,03:00,2024-07-08 03:28,SBGR,SBBR,ROT002,PR-TQJ,28,Realizado,Meteorologia,0,0
2024-001531,XYZ241531,2024-07-08,03:00,2024-07-08 03:41,SBGR,SBCF,ROT003,PR-UKM,41,Realizado,Meteorologia,0,0
2024-001532,XYZ241532,2024-07-08,03:00,2024-07-08 03:10,SBGR,SBPA,ROT004,PR-VPN,10,Realizado,Meteorologia,0,0
2024-001533,XYZ241533,2024-07-08,03:00,2024-07-08 03:38,SBGL,SBBR,ROT010,PR-WAR,38,Realizado,Meteorologia,0,0
2024-001534,XYZ241534,2024-07-08,03:00,2024-07-08 03:45,SBGL,SBCF,ROT011,PR-XBE,45,Realizado,Meteorologia,0,0
2024-001535,XYZ241535,2024-07-08,03:00,2024-07-08 03:40,SBGL,SBPA,ROT012,PR-YCF,40,Realizado,Meteorologia,0,0
2024-001536,XYZ241536,2024-07-08,03:00,2024-07-08 03:38,SBGL,SBCT,ROT013,PR-ZDG,38,Realizado,Meteorologia,0,0
2024-001537,XYZ241537,2024-07-08,06:00,2024-07-08 06:41,SBGR,SBGL,ROT001,PR-ADH,41,Realizado,Meteorologia,0,0
2024-001538,XYZ241538,2024-07-08,06:00,2024-07-08 06:34,SBGR,SBBR,ROT002,PR-BKR,34,Realizado,Meteorologia,0,0
2024-001539,XYZ241539,2024-07-08,06:00,2024-07-08 06:46,SBGR,SBCF,ROT003,PR-CEV,46,Realizado,Meteorologia,0,0
2024-001540,XYZ241540,2024-07-08,06:00,2024-07-08 06:28,SBGR,SBPA,ROT004,PR-DQF,28,Realizado,Meteorologia,0,0
2024-001541,XYZ241541,2024-07-08,06:00,2024-07-08 06:14,SBGL,SBBR,ROT010,PR-EHX,14,Realizado,Meteorologia,0,0
2024-001542,XYZ241542,2024-07-08,06:00,2024-07-08 06:34,SBGL,SBCF,ROT011,PR-FKA,34,Realizado,Meteorologia,0,0
2024-001543,XYZ241543,2024-07-08,06:00,2024-07-08 06:13,SBGL,SBPA,ROT012,PR-GMB,13,Realizado,Meteorologia,0,0
2024-001544,XYZ241544,2024-07-08,06:00,2024-07-08 06:30,SBGL,SBCT,ROT013,PR-HNC,30,Realizado,Meteorologia,0,0
2024-001545,XYZ241545,2024-07-08,09:00,2024-07-08 09:24,SBGR,SBGL,ROT001,PR-JRD,24,Realizado,Meteorologia,0,0
2024-001546,XYZ241546,2024-07-08,09:00,2024-07-08 09:57,SBGR,SBBR,ROT002,PR-KSE,57,Desviado,Meteorologia,0,1
2024-001547,XYZ241547,2024-07-08,09:00,2024-07-08 09:27,SBGR,SBCF,ROT003,PR-LTF,27,Realizado,Meteorologia,0,0
2024-001548,XYZ241548,2024-07-08,09:00,2024-07-08 09:41,SBGR,SBPA,ROT004,PR-MUG,41,Realizado,Meteorologia,0,0
2024-001549,XYZ241549,2024-07-08,09:00,2024-07-08 09:22,SBGL,SBBR,ROT010,PR-NVH,22,Realizado,Meteorologia,0,0
2024-001550,XYZ241550,2024-07-08,09:00,2024-07-08 09:40,SBGL,SBCF,ROT011,PR-PWL,40,Realizado,Meteorologia,0,0
2024-001551,XYZ241551,2024-07-08,09:00,2024-07-08 09:19,SBGL,SBPA,ROT012,PR-QXA,19,Realizado,Meteorologia,0,0
2024-001552,XYZ241552,2024-07-08,09:00,2024-07-08 09:35,SBGL,SBCT,ROT013,PR-RYB,35,Realizado,Meteorologia,0,0
2024-001553,XYZ241553,2024-07-08,12:00,2024-07-08 12:23,SBGR,SBGL,ROT001,PR-SCD,23,Desviado,Meteorologia,0,1
2024-001554,XYZ241554,2024-07-08,12:00,2024-07-08 12:18,SBGR,SBBR,ROT002,PR-TQJ,18,Realizado,Meteorologia,0,0
2024-001555,XYZ241555,2024-07-08,12:00,2024-07-08 12:28,SBGR,SBCF,ROT003,PR-UKM,28,Realizado,Meteorologia,0,0
2024-001556,XYZ241556,2024-07-08,12:00,2024-07-08 12:36,SBGR,SBPA,ROT004,PR-VPN,36,Realizado,Meteorologia,0,0
2024-001557,XYZ241557,2024-07-08,12:00,2024-07-08 12:18,SBGL,SBBR,ROT010,PR-WAR,18,Realizado,Meteorologia,0,0
2024-001558,XYZ241558,2024-07-08,12:00,2024-07-08 12:22,SBGL,SBCF,ROT011,PR-XBE,22,Realizado,Meteorologia,0,0
2024-001559,XYZ241559,2024-07-08,12:00,2024-07-08 12:38,SBGL,SBPA,ROT012,PR-YCF,38,Realizado,Meteorologia,0,0
2024-001560,XYZ241560,2024-07-08,12:00,2024-07-08 12:28,SBGL,SBCT,ROT013,PR-ZDG,28,Realizado,Meteorologia,0,0
2024-001561,XYZ241561,2024-07-09,00:00,2024-07-09 00:34,SBGR,SBGL,ROT001,PR-ADH,34,Desviado,Meteorologia,0,1
2024-001562,XYZ241562,2024-07-09,00:00,2024-07-09 00:38,SBGR,SBBR,ROT002,PR-BKR,38,Realizado,Meteorologia,0,0
2024-001563,XYZ241563,2024-07-09,00:00,2024-07-09 00:44,SBGR,SBCF,ROT003,PR-CEV,44,Realizado,Meteorologia,0,0
2024-001564,XYZ241564,2024-07-09,00:00,2024-07-09 00:18,SBGR,SBPA,ROT004,PR-DQF,18,Realizado,Meteorologia,0,0
2024-001565,XYZ241565,2024-07-09,00:00,2024-07-09 00:37,SBGL,SBBR,ROT010,PR-EHX,37,Realizado,Meteorologia,0,0
2024-001566,XYZ241566,2024-07-09,00:00,2024-07-09 00:34,SBGL,SBCF,ROT011,PR-FKA,34,Realizado,Meteorologia,0,0
2024-001567,XYZ241567,2024-07-09,00:00,2024-07-09 00:32,SBGL,SBPA,ROT012,PR-GMB,32,Realizado,Meteorologia,0,0
2024-001568,XYZ241568,2024-07-09,00:00,2024-07-09 00:13,SBGL,SBCT,ROT013,PR-HNC,13,Realizado,Meteorologia,0,0
2024-001569,XYZ241569,2024-07-09,03:00,2024-07-09 03:23,SBGR,SBGL,ROT001,PR-JRD,23,Realizado,Meteorologia,0,0
2024-001570,XYZ241570,2024-07-09,03:00,2024-07-09 03:48,SBGR,SBBR,ROT002,PR-KSE,48,Realizado,Meteorologia,0,0
2024-001571,XYZ241571,2024-07-09,03:00,2024-07-09 03:52,SBGR,SBCF,ROT003,PR-LTF,52,Desviado,Meteorologia,0,1
2024-001572,XYZ241572,2024-07-09,03:00,2024-07-09 03:16,SBGR,SBPA,ROT004,PR-MUG,16,Realizado,Meteorologia,0,0
2024-001573,XYZ241573,2024-07-09,03:00,2024-07-09 03:13,SBGL,SBBR,ROT010,PR-NVH,13,Realizado,Meteorologia,0,0
2024-001574,XYZ241574,2024-07-09,03:00,2024-07-09 03:46,SBGL,SBCF,ROT011,PR-PWL,46,Realizado,Meteorologia,0,0
2024-001575,XYZ241575,2024-07-09,03:00,2024-07-09 03:31,SBGL,SBPA,ROT012,PR-QXA,31,Realizado,Meteorologia,0,0
2024-001576,XYZ241576,2024-07-09,03:00,2024-07-09 03:17,SBGL,SBCT,ROT013,PR-RYB,17,Realizado,Meteorologia,0,0
2024-001577,XYZ241577,2024-07-09,06:00,2024-07-09 06:45,SBGR,SBGL,ROT001,PR-SCD,45,Realizado,Meteorologia,0,0
2024-001578,XYZ241578,2024-07-09,06:00,2024-07-09 06:13,SBGR,SBBR,ROT002,PR-TQJ,13,Realizado,Meteorologia,0,0
2024-001579,XYZ241579,2024-07-09,06:00,2024-07-09 06:34,SBGR,SBCF,ROT003,PR-UKM,34,Realizado,Meteorologia,0,0
2024-001580,XYZ241580,2024-07-09,06:00,2024-07-09 06:10,SBGR,SBPA,ROT004,PR-VPN,10,Realizado,Meteorologia,0,0
2024-001581,XYZ241581,2024-07-09,06:00,2024-07-09 06:41,SBGL,SBBR,ROT010,PR-WAR,41,Desviado,Meteorologia,0,1
2024-001582,XYZ241582,2024-07-09,06:00,2024-07-09 06:32,SBGL,SBCF,ROT011,PR-XBE,32,Realizado,Meteorologia,0,0
2024-001583,XYZ241583,2024-07-09,06:00,2024-07-09 06:44,SBGL,SBPA,ROT012,PR-YCF,44,Realizado,Meteorologia,0,0
2024-001584,XYZ241584,2024-07-09,06:00,2024-07-09 06:16,SBGL,SBCT,ROT013,PR-ZDG,16,Realizado,Meteorologia,0,0
2024-001585,XYZ241585,2024-07-09,09:00,2024-07-09 09:27,SBGR,SBGL,ROT001,PR-ADH,27,Desviado,Meteorologia,0,1
2024-001586,XYZ241586,2024-07-09,09:00,2024-07-09 09:48,SBGR,SBBR,ROT002,PR-BKR,48,Realizado,Meteorologia,0,0
2024-001587,XYZ241587,2024-07-09,09:00,2024-07-09 09:13,SBGR,SBCF,ROT003,PR-CEV,13,Realizado,Meteorologia,0,0
2024-001588,XYZ241588,2024-07-09,09:00,2024-07-09 09:14,SBGR,SBPA,ROT004,PR-DQF,14,Realizado,Meteorologia,0,0
2024-001589,XYZ241589,2024-07-09,09:00,,SBGL,SBBR,ROT010,PR-EHX,0,Cancelado,Meteorologia,1,0
2024-001590,XYZ241590,2024-07-09,09:00,2024-07-09 09:43,SBGL,SBCF,ROT011,PR-FKA,43,Realizado,Meteorologia,0,0
2024-001591,XYZ241591,2024-07-09,09:00,2024-07-09 09:22,SBGL,SBPA,ROT012,PR-GMB,22,Realizado,Meteorologia,0,0
2024-001592,XYZ241592,2024-07-09,09:00,2024-07-09 09:41,SBGL,SBCT,ROT013,PR-HNC,41,Realizado,Meteorologia,0,0
2024-001593,XYZ241593,2024-07-09,12:00,,SBGR,SBGL,ROT001,PR-JRD,0,Cancelado,Meteorologia,1,0
2024-001594,XYZ241594,2024-07-09,12:00,2024-07-09 12:37,SBGR,SBBR,ROT002,PR-KSE,37,Realizado,Meteorologia,0,0
2024-001595,XYZ241595,2024-07-09,12:00,,SBGR,SBCF,ROT003,PR-LTF,0,Cancelado,Meteorologia,1,0
2024-001596,XYZ241596,2024-07-09,12:00,2024-07-09 12:46,SBGR,SBPA,ROT004,PR-MUG,46,Realizado,Meteorologia,0,0
2024-001597,XYZ241597,2024-07-09,12:00,2024-07-09 12:24,SBGL,SBBR,ROT010,PR-NVH,24,Realizado,Meteorologia,0,0
2024-001598,XYZ241598,2024-07-09,12:00,2024-07-09 12:34,SBGL,SBCF,ROT011,PR-PWL,34,Realizado,Meteorologia,0,0
2024-001599,XYZ241599,2024-07-09,12:00,2024-07-09 12:19,SBGL,SBPA,ROT012,PR-QXA,19,Realizado,Meteorologia,0,0
2024-001600,XYZ241600,2024-07-09,12:00,2024-07-09 12:10,SBGL,SBCT,ROT013,PR-RYB,10,Realizado,Meteorologia,0,0
2024-001601,XYZ241601,2024-07-10,00:00,2024-07-10 00:45,SBGR,SBGL,ROT001,PR-SCD,45,Realizado,Meteorologia,0,0
2024-001602,XYZ241602,2024-07-10,00:00,2024-07-10 00:45,SBGR,SBBR,ROT002,PR-TQJ,45,Realizado,Meteorologia,0,0
2024-001603,XYZ241603,2024-07-10,00:00,2024-07-10 00:37,SBGR,SBCF,ROT003,PR-UKM,37,Realizado,Meteorologia,0,0
2024-001604,XYZ241604,2024-07-10,00:00,2024-07-10 00:12,SBGR,SBPA,ROT004,PR-VPN,12,Realizado,Meteorologia,0,0
2024-001605,XYZ241605,2024-07-10,00:00,2024-07-10 00:40,SBGL,SBBR,ROT010,PR-WAR,40,Realizado,Meteorologia,0,0
2024-001606,XYZ241606,2024-07-10,00:00,2024-07-10 00:12,SBGL,SBCF,ROT011,PR-XBE,12,Realizado,Meteorologia,0,0
2024-001607,XYZ241607,2024-07-10,00:00,2024-07-10 00:23,SBGL,SBPA,ROT012,PR-YCF,23,Realizado,Meteorologia,0,0
2024-001608,XYZ241608,2024-07-10,00:00,2024-07-10 00:17,SBGL,SBCT,ROT013,PR-ZDG,17,Realizado,Meteorologia,0,0
2024-001609,XYZ241609,2024-07-10,03:00,2024-07-10 03:34,SBGR,SBGL,ROT001,PR-ADH,34,Desviado,Meteorologia,0,1
2024-001610,XYZ241610,2024-07-10,03:00,2024-07-10 03:17,SBGR,SBBR,ROT002,PR-BKR,17,Realizado,Meteorologia,0,0
2024-001611,XYZ241611,2024-07-10,03:00,2024-07-10 03:27,SBGR,SBCF,ROT003,PR-CEV,27,Realizado,Meteorologia,0,0
2024-001612,XYZ241612,2024-07-10,03:00,2024-07-10 03:44,SBGR,SBPA,ROT004,PR-DQF,44,Realizado,Meteorologia,0,0
2024-001613,XYZ241613,2024-07-10,03:00,2024-07-10 03:46,SBGL,SBBR,ROT010,PR-EHX,46,Realizado,Meteorologia,0,0
2024-001614,XYZ241614,2024-07-10,03:00,2024-07-10 03:24,SBGL,SBCF,ROT011,PR-FKA,24,Realizado,Meteorologia,0,0
2024-001615,XYZ241615,2024-07-10,03:00,2024-07-10 03:47,SBGL,SBPA,ROT012,PR-GMB,47,Realizado,Meteorologia,0,0
2024-001616,XYZ241616,2024-07-10,03:00,2024-07-10 03:40,SBGL,SBCT,ROT013,PR-HNC,40,Realizado,Meteorologia,0,0
2024-001617,XYZ241617,2024-07-10,06:00,2024-07-10 06:25,SBGR,SBGL,ROT001,PR-JRD,25,Realizado,Meteorologia,0,0
2024-001618,XYZ241618,2024-07-10,06:00,2024-07-10 06:47,SBGR,SBBR,ROT002,PR-KSE,47,Realizado,Meteorologia,0,0
2024-001619,XYZ241619,2024-07-10,06:00,2024-07-10 06:45,SBGR,SBCF,ROT003,PR-LTF,45,Realizado,Meteorologia,0,0
2024-001620,XYZ241620,2024-07-10,06:00,2024-07-10 06:47,SBGR,SBPA,ROT004,PR-MUG,47,Realizado,Meteorologia,0,0
2024-001621,XYZ241621,2024-07-10,06:00,2024-07-10 06:23,SBGL,SBBR,ROT010,PR-NVH,23,Realizado,Meteorologia,0,0
2024-001622,XYZ241622,2024-07-10,06:00,,SBGL,SBCF,ROT011,PR-PWL,0,Cancelado,Meteorologia,1,0
2024-001623,XYZ241623,2024-07-10,06:00,2024-07-10 06:46,SBGL,SBPA,ROT012,PR-QXA,46,Realizado,Meteorologia,0,0
2024-001624,XYZ241624,2024-07-10,06:00,2024-07-10 06:54,SBGL,SBCT,ROT013,PR-RYB,54,Desviado,Meteorologia,0,1
2024-001625,XYZ241625,2024-07-10,09:00,2024-07-10 09:24,SBGR,SBGL,ROT001,PR-SCD,24,Realizado,Meteorologia,0,0
2024-001626,XYZ241626,2024-07-10,09:00,2024-07-10 09:38,SBGR,SBBR,ROT002,PR-TQJ,38,Realizado,Meteorologia,0,0
2024-001627,XYZ241627,2024-07-10,09:00,2024-07-10 09:18,SBGR,SBCF,ROT003,PR-UKM,18,Realizado,Meteorologia,0,0
2024-001628,XYZ241628,2024-07-10,09:00,2024-07-10 09:28,SBGR,SBPA,ROT004,PR-VPN,28,Realizado,Meteorologia,0,0
2024-001629,XYZ241629,2024-07-10,09:00,2024-07-10 09:43,SBGL,SBBR,ROT010,PR-WAR,43,Realizado,Meteorologia,0,0
2024-001630,XYZ241630,2024-07-10,09:00,2024-07-10 09:39,SBGL,SBCF,ROT011,PR-XBE,39,Realizado,Meteorologia,0,0
2024-001631,XYZ241631,2024-07-10,09:00,2024-07-10 09:18,SBGL,SBPA,ROT012,PR-YCF,18,Realizado,Meteorologia,0,0
2024-001632,XYZ241632,2024-07-10,09:00,2024-07-10 09:30,SBGL,SBCT,ROT013,PR-ZDG,30,Realizado,Meteorologia,0,0
2024-001633,XYZ241633,2024-07-10,12:00,2024-07-10 12:45,SBGR,SBGL,ROT001,PR-ADH,45,Realizado,Meteorologia,0,0
2024-001634,XYZ241634,2024-07-10,12:00,2024-07-10 12:11,SBGR,SBBR,ROT002,PR-BKR,11,Realizado,Meteorologia,0,0
2024-001635,XYZ241635,2024-07-10,12:00,2024-07-10 12:10,SBGR,SBCF,ROT003,PR-CEV,10,Realizado,Meteorologia,0,0
2024-001636,XYZ241636,2024-07-10,12:00,2024-07-10 12:40,SBGR,SBPA,ROT004,PR-DQF,40,Realizado,Meteorologia,0,0
2024-001637,XYZ241637,2024-07-10,12:00,2024-07-10 12:49,SBGL,SBBR,ROT010,PR-EHX,49,Realizado,Meteorologia,0,0
2024-001638,XYZ241638,2024-07-10,12:00,2024-07-10 12:29,SBGL,SBCF,ROT011,PR-FKA,29,Realizado,Meteorologia,0,0
2024-001639,XYZ241639,2024-07-10,12:00,2024-07-10 12:13,SBGL,SBPA,ROT012,PR-GMB,13,Realizado,Meteorologia,0,0
2024-001640,XYZ241640,2024-07-10,12:00,2024-07-10 12:26,SBGL,SBCT,ROT013,PR-HNC,26,Realizado,Meteorologia,0,0
2024-001641,XYZ241641,2024-07-11,00:00,2024-07-11 00:24,SBGR,SBGL,ROT001,PR-JRD,24,Realizado,Meteorologia,0,0
2024-001642,XYZ241642,2024-07-11,00:00,2024-07-11 00:13,SBGR,SBBR,ROT002,PR-KSE,13,Realizado,Meteorologia,0,0
2024-001643,XYZ241643,2024-07-11,00:00,2024-07-11 00:56,SBGR,SBCF,ROT003,PR-LTF,56,Desviado,Meteorologia,0,1
2024-001644,XYZ241644,2024-07-11,00:00,2024-07-11 00:41,SBGR,SBPA,ROT004,PR-MUG,41,Realizado,Meteorologia,0,0
2024-001645,XYZ241645,2024-07-11,00:00,2024-07-11 00:25,SBGL,SBBR,ROT010,PR-NVH,25,Realizado,Meteorologia,0,0
2024-001646,XYZ241646,2024-07-11,00:00,2024-07-11 00:10,SBGL,SBCF,ROT011,PR-PWL,10,Realizado,Meteorologia,0,0
2024-001647,XYZ241647,2024-07-11,00:00,2024-07-11 00:40,SBGL,SBPA,ROT012,PR-QXA,40,Desviado,Meteorologia,0,1
2024-001648,XYZ241648,2024-07-11,00:00,,SBGL,SBCT,ROT013,PR-RYB,0,Cancelado,Meteorologia,1,0
2024-001649,XYZ241649,2024-07-11,03:00,2024-07-11 03:31,SBGR,SBGL,ROT001,PR-SCD,31,Realizado,Meteorologia,0,0
2024-001650,XYZ241650,2024-07-11,03:00,2024-07-11 03:41,SBGR,SBBR,ROT002,PR-TQJ,41,Realizado,Meteorologia,0,0
2024-001651,XYZ241651,2024-07-11,03:00,2024-07-11 03:20,SBGR,SBCF,ROT003,PR-UKM,20,Desviado,Meteorologia,0,1
2024-001652,XYZ241652,2024-07-11,03:00,2024-07-11 03:47,SBGR,SBPA,ROT004,PR-VPN,47,Realizado,Meteorologia,0,0
2024-001653,XYZ241653,2024-07-11,03:00,2024-07-11 03:25,SBGL,SBBR,ROT010,PR-WAR,25,Realizado,Meteorologia,0,0
2024-001654,XYZ241654,2024-07-11,03:00,2024-07-11 03:34,SBGL,SBCF,ROT011,PR-XBE,34,Realizado,Meteorologia,0,0
2024-001655,XYZ241655,2024-07-11,03:00,2024-07-11 03:23,SBGL,SBPA,ROT012,PR-YCF,23,Realizado,Meteorologia,0,0
2024-001656,XYZ241656,2024-07-11,03:00,2024-07-11 03:16,SBGL,SBCT,ROT013,PR-ZDG,16,Realizado,Meteorologia,0,0
2024-001657,XYZ241657,2024-07-11,06:00,2024-07-11 06:28,SBGR,SBGL,ROT001,PR-ADH,28,Realizado,Meteorologia,0,0
2024-001658,XYZ241658,2024-07-11,06:00,2024-07-11 06:16,SBGR,SBBR,ROT002,PR-BKR,16,Realizado,Meteorologia,0,0
2024-001659,XYZ241659,2024-07-11,06:00,2024-07-11 06:22,SBGR,SBCF,ROT003,PR-CEV,22,Realizado,Meteorologia,0,0
2024-001660,XYZ241660,2024-07-11,06:00,2024-07-11 06:46,SBGR,SBPA,ROT004,PR-DQF,46,Realizado,Meteorologia,0,0
2024-001661,XYZ241661,2024-07-11,06:00,2024-07-11 06:38,SBGL,SBBR,ROT010,PR-EHX,38,Realizado,Meteorologia,0,0
2024-001662,XYZ241662,2024-07-11,06:00,2024-07-11 06:43,SBGL,SBCF,ROT011,PR-FKA,43,Realizado,Meteorologia,0,0
2024-001663,XYZ241663,2024-07-11,06:00,2024-07-11 06:41,SBGL,SBPA,ROT012,PR-GMB,41,Realizado,Meteorologia,0,0
2024-001664,XYZ241664,2024-07-11,06:00,2024-07-11 06:34,SBGL,SBCT,ROT013,PR-HNC,34,Realizado,Meteorologia,0,0
2024-001665,XYZ241665,2024-07-11,09:00,2024-07-11 09:11,SBGR,SBGL,ROT001,PR-JRD,11,Realizado,Meteorologia,0,0
2024-001666,XYZ241666,2024-07-11,09:00,2024-07-11 09:25,SBGR,SBBR,ROT002,PR-KSE,25,Realizado,Meteorologia,0,0
2024-001667,XYZ241667,2024-07-11,09:00,2024-07-11 09:32,SBGR,SBCF,ROT003,PR-LTF,32,Realizado,Meteorologia,0,0
2024-001668,XYZ241668,2024-07-11,09:00,2024-07-11 09:38,SBGR,SBPA,ROT004,PR-MUG,38,Realizado,Meteorologia,0,0
2024-001669,XYZ241669,2024-07-11,09:00,2024-07-11 09:12,SBGL,SBBR,ROT010,PR-NVH,12,Realizado,Meteorologia,0,0
2024-001670,XYZ241670,2024-07-11,09:00,2024-07-11 09:11,SBGL,SBCF,ROT011,PR-PWL,11,Realizado,Meteorologia,0,0
2024-001671,XYZ241671,2024-07-11,09:00,2024-07-11 09:14,SBGL,SBPA,ROT012,PR-QXA,14,Realizado,Meteorologia,0,0
2024-001672,XYZ241672,2024-07-11,09:00,2024-07-11 09:19,SBGL,SBCT,ROT013,PR-RYB,19,Realizado,Meteorologia,0,0
2024-001673,XYZ241673,2024-07-11,12:00,2024-07-11 12:42,SBGR,SBGL,ROT001,PR-SCD,42,Realizado,Meteorologia,0,0
2024-001674,XYZ241674,2024-07-11,12:00,2024-07-11 12:11,SBGR,SBBR,ROT002,PR-TQJ,11,Realizado,Meteorologia,0,0
2024-001675,XYZ241675,2024-07-11,12:00,2024-07-11 12:42,SBGR,SBCF,ROT003,PR-UKM,42,Realizado,Meteorologia,0,0
2024-001676,XYZ241676,2024-07-11,12:00,2024-07-11 12:30,SBGR,SBPA,ROT004,PR-VPN,30,Realizado,Meteorologia,0,0
2024-001677,XYZ241677,2024-07-11,12:00,2024-07-11 12:40,SBGL,SBBR,ROT010,PR-WAR,40,Realizado,Meteorologia,0,0
2024-001678,XYZ241678,2024-07-11,12:00,2024-07-11 12:16,SBGL,SBCF,ROT011,PR-XBE,16,Realizado,Meteorologia,0,0
2024-001679,XYZ241679,2024-07-11,12:00,2024-07-11 12:21,SBGL,SBPA,ROT012,PR-YCF,21,Realizado,Meteorologia,0,0
2024-001680,XYZ241680,2024-07-11,12:00,2024-07-11 12:44,SBGL,SBCT,ROT013,PR-ZDG,44,Realizado,Meteorologia,0,0
2024-001681,XYZ241681,2024-07-12,00:00,2024-07-12 00:15,SBGR,SBGL,ROT001,PR-ADH,15,Realizado,Meteorologia,0,0
2024-001682,XYZ241682,2024-07-12,00:00,2024-07-12 00:38,SBGR,SBBR,ROT002,PR-BKR,38,Realizado,Meteorologia,0,0
2024-001683,XYZ241683,2024-07-12,00:00,2024-07-12 00:46,SBGR,SBCF,ROT003,PR-CEV,46,Realizado,Meteorologia,0,0
2024-001684,XYZ241684,2024-07-12,00:00,2024-07-12 00:18,SBGR,SBPA,ROT004,PR-DQF,18,Realizado,Meteorologia,0,0
2024-001685,XYZ241685,2024-07-12,00:00,2024-07-12 00:59,SBGL,SBBR,ROT010,PR-EHX,59,Desviado,Meteorologia,0,1
2024-001686,XYZ241686,2024-07-12,00:00,2024-07-12 00:23,SBGL,SBCF,ROT011,PR-FKA,23,Realizado,Meteorologia,0,0
2024-001687,XYZ241687,2024-07-12,00:00,2024-07-12 00:37,SBGL,SBPA,ROT012,PR-GMB,37,Realizado,Meteorologia,0,0
2024-001688,XYZ241688,2024-07-12,00:00,,SBGL,SBCT,ROT013,PR-HNC,0,Cancelado,Meteorologia,1,0
2024-001689,XYZ241689,2024-07-12,03:00,2024-07-12 03:26,SBGR,SBGL,ROT001,PR-JRD,26,Realizado,Meteorologia,0,0
2024-001690,XYZ241690,2024-07-12,03:00,2024-07-12 03:24,SBGR,SBBR,ROT002,PR-KSE,24,Realizado,Meteorologia,0,0
2024-001691,XYZ241691,2024-07-12,03:00,2024-07-12 03:32,SBGR,SBCF,ROT003,PR-LTF,32,Realizado,Meteorologia,0,0
2024-001692,XYZ241692,2024-07-12,03:00,2024-07-12 03:14,SBGR,SBPA,ROT004,PR-MUG,14,Realizado,Meteorologia,0,0
2024-001693,XYZ241693,2024-07-12,03:00,2024-07-12 03:46,SBGL,SBBR,ROT010,PR-NVH,46,Realizado,Meteorologia,0,0
2024-001694,XYZ241694,2024-07-12,03:00,2024-07-12 03:22,SBGL,SBCF,ROT011,PR-PWL,22,Realizado,Meteorologia,0,0
2024-001695,XYZ241695,2024-07-12,03:00,2024-07-12 03:33,SBGL,SBPA,ROT012,PR-QXA,33,Realizado,Meteorologia,0,0
2024-001696,XYZ241696,2024-07-12,03:00,2024-07-12 03:26,SBGL,SBCT,ROT013,PR-RYB,26,Realizado,Meteorologia,0,0
2024-001697,XYZ241697,2024-07-12,06:00,2024-07-12 06:47,SBGR,SBGL,ROT001,PR-SCD,47,Realizado,Meteorologia,0,0
2024-001698,XYZ241698,2024-07-12,06:00,2024-07-12 06:15,SBGR,SBBR,ROT002,PR-TQJ,15,Realizado,Meteorologia,0,0
2024-001699,XYZ241699,2024-07-12,06:00,2024-07-12 06:40,SBGR,SBCF,ROT003,PR-UKM,40,Desviado,Meteorologia,0,1
2024-001700,XYZ241700,2024-07-12,06:00,2024-07-12 06:38,SBGR,SBPA,ROT004,PR-VPN,38,Realizado,Meteorologia,0,0
2024-001701,XYZ241701,2024-07-12,06:00,2024-07-12 06:25,SBGL,SBBR,ROT010,PR-WAR,25,Realizado,Meteorologia,0,0
2024-001702,XYZ241702,2024-07-12,06:00,2024-07-12 06:13,SBGL,SBCF,ROT011,PR-XBE,13,Realizado,Meteorologia,0,0
2024-001703,XYZ241703,2024-07-12,06:00,2024-07-12 06:34,SBGL,SBPA,ROT012,PR-YCF,34,Desviado,Meteorologia,0,1
2024-001704,XYZ241704,2024-07-12,06:00,2024-07-12 06:14,SBGL,SBCT,ROT013,PR-ZDG,14,Realizado,Meteorologia,0,0
2024-001705,XYZ241705,2024-07-12,09:00,2024-07-12 09:41,SBGR,SBGL,ROT001,PR-ADH,41,Realizado,Meteorologia,0,0
2024-001706,XYZ241706,2024-07-12,09:00,2024-07-12 09:10,SBGR,SBBR,ROT002,PR-BKR,10,Realizado,Meteorologia,0,0
2024-001707,XYZ241707,2024-07-12,09:00,2024-07-12 09:47,SBGR,SBCF,ROT003,PR-CEV,47,Realizado,Meteorologia,0,0
2024-001708,XYZ241708,2024-07-12,09:00,2024-07-12 09:16,SBGR,SBPA,ROT004,PR-DQF,16,Realizado,Meteorologia,0,0
2024-001709,XYZ241709,2024-07-12,09:00,2024-07-12 09:41,SBGL,SBBR,ROT010,PR-EHX,41,Desviado,Meteorologia,0,1
2024-001710,XYZ241710,2024-07-12,09:00,2024-07-12 09:48,SBGL,SBCF,ROT011,PR-FKA,48,Realizado,Meteorologia,0,0
2024-001711,XYZ241711,2024-07-12,09:00,2024-07-12 09:17,SBGL,SBPA,ROT012,PR-GMB,17,Realizado,Meteorologia,0,0
2024-001712,XYZ241712,2024-07-12,09:00,2024-07-12 09:36,SBGL,SBCT,ROT013,PR-HNC,36,Realizado,Meteorologia,0,0
2024-001713,XYZ241713,2024-07-12,12:00,2024-07-12 12:26,SBGR,SBGL,ROT001,PR-JRD,26,Realizado,Meteorologia,0,0
2024-001714,XYZ241714,2024-07-12,12:00,2024-07-12 12:29,SBGR,SBBR,ROT002,PR-KSE,29,Realizado,Meteorologia,0,0
2024-001715,XYZ241715,2024-07-12,12:00,,SBGR,SBCF,ROT003,PR-LTF,0,Cancelado,Meteorologia,1,0
2024-001716,XYZ241716,2024-07-12,12:00,2024-07-12 12:26,SBGR,SBPA,ROT004,PR-MUG,26,Realizado,Meteorologia,0,0
2024-001717,XYZ241717,2024-07-12,12:00,2024-07-12 12:30,SBGL,SBBR,ROT010,PR-NVH,30,Realizado,Meteorologia,0,0
2024-001718,XYZ241718,2024-07-12,12:00,,SBGL,SBCF,ROT011,PR-PWL,0,Cancelado,Meteorologia,1,0
2024-001719,XYZ241719,2024-07-12,12:00,2024-07-12 12:41,SBGL,SBPA,ROT012,PR-QXA,41,Realizado,Meteorologia,0,0
2024-001720,XYZ241720,2024-07-12,12:00,2024-07-12 12:27,SBGL,SBCT,ROT013,PR-RYB,27,Desviado,Meteorologia,0,1
2024-001721,XYZ241721,2024-07-13,00:00,2024-07-13 00:22,SBGR,SBGL,ROT001,PR-SCD,22,Realizado,Meteorologia,0,0
2024-001722,XYZ241722,2024-07-13,00:00,2024-07-13 00:46,SBGR,SBBR,ROT002,PR-TQJ,46,Realizado,Meteorologia,0,0
2024-001723,XYZ241723,2024-07-13,00:00,2024-07-13 00:20,SBGR,SBCF,ROT003,PR-UKM,20,Realizado,Meteorologia,0,0
2024-001724,XYZ241724,2024-07-13,00:00,2024-07-13 00:16,SBGR,SBPA,ROT004,PR-VPN,16,Realizado,Meteorologia,0,0
2024-001725,XYZ241725,2024-07-13,00:00,2024-07-13 00:38,SBGL,SBBR,ROT010,PR-WAR,38,Realizado,Meteorologia,0,0
2024-001726,XYZ241726,2024-07-13,00:00,2024-07-13 00:46,SBGL,SBCF,ROT011,PR-XBE,46,Realizado,Meteorologia,0,0
2024-001727,XYZ241727,2024-07-13,00:00,,SBGL,SBPA,ROT012,PR-YCF,0,Cancelado,Meteorologia,1,0
2024-001728,XYZ241728,2024-07-13,00:00,2024-07-13 00:36,SBGL,SBCT,ROT013,PR-ZDG,36,Realizado,Meteorologia,0,0
2024-001729,XYZ241729,2024-07-13,03:00,2024-07-13 03:11,SBGR,SBGL,ROT001,PR-ADH,11,Realizado,Meteorologia,0,0
2024-001730,XYZ241730,2024-07-13,03:00,2024-07-13 03:23,SBGR,SBBR,ROT002,PR-BKR,23,Realizado,Meteorologia,0,0
2024-001731,XYZ241731,2024-07-13,03:00,2024-07-13 03:37,SBGR,SBCF,ROT003,PR-CEV,37,Realizado,Meteorologia,0,0
2024-001732,XYZ241732,2024-07-13,03:00,2024-07-13 03:35,SBGR,SBPA,ROT004,PR-DQF,35,Realizado,Meteorologia,0,0
2024-001733,XYZ241733,2024-07-13,03:00,2024-07-13 03:18,SBGL,SBBR,ROT010,PR-EHX,18,Realizado,Meteorologia,0,0
2024-001734,XYZ241734,2024-07-13,03:00,2024-07-13 03:34,SBGL,SBCF,ROT011,PR-FKA,34,Desviado,Meteorologia,0,1
2024-001735,XYZ241735,2024-07-13,03:00,,SBGL,SBPA,ROT012,PR-GMB,0,Cancelado,Meteorologia,1,0
2024-001736,XYZ241736,2024-07-13,03:00,2024-07-13 03:36,SBGL,SBCT,ROT013,PR-HNC,36,Realizado,Meteorologia,0,0
2024-001737,XYZ241737,2024-07-13,06:00,2024-07-13 06:16,SBGR,SBGL,ROT001,PR-JRD,16,Realizado,Meteorologia,0,0
2024-001738,XYZ241738,2024-07-13,06:00,2024-07-13 06:16,SBGR,SBBR,ROT002,PR-KSE,16,Realizado,Meteorologia,0,0
2024-001739,XYZ241739,2024-07-13,06:00,2024-07-13 06:36,SBGR,SBCF,ROT003,PR-LTF,36,Realizado,Meteorologia,0,0
2024-001740,XYZ241740,2024-07-13,06:00,2024-07-13 06:29,SBGR,SBPA,ROT004,PR-MUG,29,Realizado,Meteorologia,0,0
2024-001741,XYZ241741,2024-07-13,06:00,2024-07-13 06:15,SBGL,SBBR,ROT010,PR-NVH,15,Realizado,Meteorologia,0,0
2024-001742,XYZ241742,2024-07-13,06:00,2024-07-13 06:45,SBGL,SBCF,ROT011,PR-PWL,45,Realizado,Meteorologia,0,0
2024-001743,XYZ241743,2024-07-13,06:00,2024-07-13 06:27,SBGL,SBPA,ROT012,PR-QXA,27,Realizado,Meteorologia,0,0
2024-001744,XYZ241744,2024-07-13,06:00,2024-07-13 06:15,SBGL,SBCT,ROT013,PR-RYB,15,Realizado,Meteorologia,0,0
2024-001745,XYZ241745,2024-07-13,09:00,2024-07-13 09:27,SBGR,SBGL,ROT001,PR-SCD,27,Realizado,Meteorologia,0,0
2024-001746,XYZ241746,2024-07-13,09:00,2024-07-13 09:43,SBGR,SBBR,ROT002,PR-TQJ,43,Realizado,Meteorologia,0,0
2024-001747,XYZ241747,2024-07-13,09:00,2024-07-13 09:49,SBGR,SBCF,ROT003,PR-UKM,49,Realizado,Meteorologia,0,0
2024-001748,XYZ241748,2024-07-13,09:00,2024-07-13 09:34,SBGR,SBPA,ROT004,PR-VPN,34,Realizado,Meteorologia,0,0
2024-001749,XYZ241749,2024-07-13,09:00,2024-07-13 09:16,SBGL,SBBR,ROT010,PR-WAR,16,Realizado,Meteorologia,0,0
2024-001750,XYZ241750,2024-07-13,09:00,,SBGL,SBCF,ROT011,PR-XBE,0,Cancelado,Meteorologia,1,0
2024-001751,XYZ241751,2024-07-13,09:00,2024-07-13 09:28,SBGL,SBPA,ROT012,PR-YCF,28,Realizado,Meteorologia,0,0
2024-001752,XYZ241752,2024-07-13,09:00,2024-07-13 09:33,SBGL,SBCT,ROT013,PR-ZDG,33,Realizado,Meteorologia,0,0
2024-001753,XYZ241753,2024-07-13,12:00,2024-07-13 12:37,SBGR,SBGL,ROT001,PR-ADH,37,Realizado,Meteorologia,0,0
2024-001754,XYZ241754,2024-07-13,12:00,2024-07-13 12:24,SBGR,SBBR,ROT002,PR-BKR,24,Realizado,Meteorologia,0,0
2024-001755,XYZ241755,2024-07-13,12:00,2024-07-13 12:11,SBGR,SBCF,ROT003,PR-CEV,11,Realizado,Meteorologia,0,0
2024-001756,XYZ241756,2024-07-13,12:00,2024-07-13 12:11,SBGR,SBPA,ROT004,PR-DQF,11,Realizado,Meteorologia,0,0
2024-001757,XYZ241757,2024-07-13,12:00,2024-07-13 12:17,SBGL,SBBR,ROT010,PR-EHX,17,Realizado,Meteorologia,0,0
2024-001758,XYZ241758,2024-07-13,12:00,2024-07-13 12:38,SBGL,SBCF,ROT011,PR-FKA,38,Realizado,Meteorologia,0,0
2024-001759,XYZ241759,2024-07-13,12:00,2024-07-13 12:11,SBGL,SBPA,ROT012,PR-GMB,11,Realizado,Meteorologia,0,0
2024-001760,XYZ241760,2024-07-13,12:00,2024-07-13 12:40,SBGL,SBCT,ROT013,PR-HNC,40,Realizado,Meteorologia,0,0
2024-001761,XYZ241761,2024-07-14,00:00,2024-07-14 00:43,SBGR,SBGL,ROT001,PR-JRD,43,Realizado,Meteorologia,0,0
2024-001762,XYZ241762,2024-07-14,00:00,2024-07-14 00:21,SBGR,SBBR,ROT002,PR-KSE,21,Realizado,Meteorologia,0,0
2024-001763,XYZ241763,2024-07-14,00:00,,SBGR,SBCF,ROT003,PR-LTF,0,Cancelado,Meteorologia,1,0
2024-001764,XYZ241764,2024-07-14,00:00,2024-07-14 00:30,SBGR,SBPA,ROT004,PR-MUG,30,Realizado,Meteorologia,0,0
2024-001765,XYZ241765,2024-07-14,00:00,2024-07-14 00:37,SBGL,SBBR,ROT010,PR-NVH,37,Realizado,Meteorologia,0,0
2024-001766,XYZ241766,2024-07-14,00:00,2024-07-14 00:18,SBGL,SBCF,ROT011,PR-PWL,18,Realizado,Meteorologia,0,0
2024-001767,XYZ241767,2024-07-14,00:00,2024-07-14 00:28,SBGL,SBPA,ROT012,PR-QXA,28,Realizado,Meteorologia,0,0
2024-001768,XYZ241768,2024-07-14,00:00,2024-07-14 00:10,SBGL,SBCT,ROT013,PR-RYB,10,Realizado,Meteorologia,0,0
2024-001769,XYZ241769,2024-07-14,03:00,2024-07-14 03:32,SBGR,SBGL,ROT001,PR-SCD,32,Realizado,Meteorologia,0,0
2024-001770,XYZ241770,2024-07-14,03:00,2024-07-14 03:41,SBGR,SBBR,ROT002,PR-TQJ,41,Realizado,Meteorologia,0,0
2024-001771,XYZ241771,2024-07-14,03:00,2024-07-14 03:33,SBGR,SBCF,ROT003,PR-UKM,33,Realizado,Meteorologia,0,0
2024-001772,XYZ241772,2024-07-14,03:00,2024-07-14 03:27,SBGR,SBPA,ROT004,PR-VPN,27,Realizado,Meteorologia,0,0
2024-001773,XYZ241773,2024-07-14,03:00,2024-07-14 03:12,SBGL,SBBR,ROT010,PR-WAR,12,Realizado,Meteorologia,0,0
2024-001774,XYZ241774,2024-07-14,03:00,2024-07-14 03:27,SBGL,SBCF,ROT011,PR-XBE,27,Realizado,Meteorologia,0,0
2024-001775,XYZ241775,2024-07-14,03:00,2024-07-14 03:19,SBGL,SBPA,ROT012,PR-YCF,19,Realizado,Meteorologia,0,0
2024-001776,XYZ241776,2024-07-14,03:00,2024-07-14 03:27,SBGL,SBCT,ROT013,PR-ZDG,27,Desviado,Meteorologia,0,1
2024-001777,XYZ241777,2024-07-14,06:00,2024-07-14 06:23,SBGR,SBGL,ROT001,PR-ADH,23,Realizado,Meteorologia,0,0
2024-001778,XYZ241778,2024-07-14,06:00,2024-07-14 06:35,SBGR,SBBR,ROT002,PR-BKR,35,Realizado,Meteorologia,0,0
2024-001779,XYZ241779,2024-07-14,06:00,2024-07-14 06:50,SBGR,SBCF,ROT003,PR-CEV,50,Desviado,Meteorologia,0,1
2024-001780,XYZ241780,2024-07-14,06:00,2024-07-14 06:27,SBGR,SBPA,ROT004,PR-DQF,27,Realizado,Meteorologia,0,0
2024-001781,XYZ241781,2024-07-14,06:00,2024-07-14 06:33,SBGL,SBBR,ROT010,PR-EHX,33,Desviado,Meteorologia,0,1
2024-001782,XYZ241782,2024-07-14,06:00,2024-07-14 06:48,SBGL,SBCF,ROT011,PR-FKA,48,Realizado,Meteorologia,0,0
2024-001783,XYZ241783,2024-07-14,06:00,2024-07-14 06:26,SBGL,SBPA,ROT012,PR-GMB,26,Realizado,Meteorologia,0,0
2024-001784,XYZ241784,2024-07-14,06:00,2024-07-14 06:31,SBGL,SBCT,ROT013,PR-HNC,31,Realizado,Meteorologia,0,0
2024-001785,XYZ241785,2024-07-14,09:00,2024-07-14 09:13,SBGR,SBGL,ROT001,PR-JRD,13,Realizado,Meteorologia,0,0
2024-001786,XYZ241786,2024-07-14,09:00,2024-07-14 09:40,SBGR,SBBR,ROT002,PR-KSE,40,Desviado,Meteorologia,0,1
2024-001787,XYZ241787,2024-07-14,09:00,2024-07-14 09:18,SBGR,SBCF,ROT003,PR-LTF,18,Realizado,Meteorologia,0,0
2024-001788,XYZ241788,2024-07-14,09:00,2024-07-14 09:22,SBGR,SBPA,ROT004,PR-MUG,22,Realizado,Meteorologia,0,0
2024-001789,XYZ241789,2024-07-14,09:00,2024-07-14 09:37,SBGL,SBBR,ROT010,PR-NVH,37,Realizado,Meteorologia,0,0
2024-001790,XYZ241790,2024-07-14,09:00,2024-07-14 09:44,SBGL,SBCF,ROT011,PR-PWL,44,Realizado,Meteorologia,0,0
2024-001791,XYZ241791,2024-07-14,09:00,2024-07-14 09:21,SBGL,SBPA,ROT012,PR-QXA,21,Realizado,Meteorologia,0,0
2024-001792,XYZ241792,2024-07-14,09:00,2024-07-14 09:13,SBGL,SBCT,ROT013,PR-RYB,13,Realizado,Meteorologia,0,0
2024-001793,XYZ241793,2024-07-14,12:00,2024-07-14 12:17,SBGR,SBGL,ROT001,PR-SCD,17,Realizado,Meteorologia,0,0
2024-001794,XYZ241794,2024-07-14,12:00,2024-07-14 12:30,SBGR,SBBR,ROT002,PR-TQJ,30,Realizado,Meteorologia,0,0
2024-001795,XYZ241795,2024-07-14,12:00,2024-07-14 12:31,SBGR,SBCF,ROT003,PR-UKM,31,Realizado,Meteorologia,0,0
2024-001796,XYZ241796,2024-07-14,12:00,2024-07-14 12:20,SBGR,SBPA,ROT004,PR-VPN,20,Realizado,Meteorologia,0,0
2024-001797,XYZ241797,2024-07-14,12:00,2024-07-14 12:56,SBGL,SBBR,ROT010,PR-WAR,56,Desviado,Meteorologia,0,1
2024-001798,XYZ241798,2024-07-14,12:00,2024-07-14 12:30,SBGL,SBCF,ROT011,PR-XBE,30,Realizado,Meteorologia,0,0
2024-001799,XYZ241799,2024-07-14,12:00,2024-07-14 12:21,SBGL,SBPA,ROT012,PR-YCF,21,Realizado,Meteorologia,0,0
2024-001800,XYZ241800,2024-07-14,12:00,2024-07-14 12:49,SBGL,SBCT,ROT013,PR-ZDG,49,Desviado,Meteorologia,0,1
2024-001801,XYZ241801,2024-07-15,00:00,2024-07-15 00:18,SBGR,SBGL,ROT001,PR-ADH,18,Realizado,Meteorologia,0,0
2024-001802,XYZ241802,2024-07-15,00:00,2024-07-15 00:23,SBGR,SBBR,ROT002,PR-BKR,23,Realizado,Meteorologia,0,0
2024-001803,XYZ241803,2024-07-15,00:00,2024-07-15 00:41,SBGR,SBCF,ROT003,PR-CEV,41,Realizado,Meteorologia,0,0
2024-001804,XYZ241804,2024-07-15,00:00,2024-07-15 00:23,SBGR,SBPA,ROT004,PR-DQF,23,Realizado,Meteorologia,0,0
2024-001805,XYZ241805,2024-07-15,00:00,2024-07-15 00:41,SBGL,SBBR,ROT010,PR-EHX,41,Realizado,Meteorologia,0,0
2024-001806,XYZ241806,2024-07-15,00:00,2024-07-15 00:13,SBGL,SBCF,ROT011,PR-FKA,13,Realizado,Meteorologia,0,0
2024-001807,XYZ241807,2024-07-15,00:00,2024-07-15 00:45,SBGL,SBPA,ROT012,PR-GMB,45,Realizado,Meteorologia,0,0
2024-001808,XYZ241808,2024-07-15,00:00,,SBGL,SBCT,ROT013,PR-HNC,0,Cancelado,Meteorologia,1,0
2024-001809,XYZ241809,2024-07-15,03:00,2024-07-15 03:11,SBGR,SBGL,ROT001,PR-JRD,11,Realizado,Meteorologia,0,0
2024-001810,XYZ241810,2024-07-15,03:00,2024-07-15 03:17,SBGR,SBBR,ROT002,PR-KSE,17,Realizado,Meteorologia,0,0
2024-001811,XYZ241811,2024-07-15,03:00,2024-07-15 03:39,SBGR,SBCF,ROT003,PR-LTF,39,Realizado,Meteorologia,0,0
2024-001812,XYZ241812,2024-07-15,03:00,2024-07-15 03:46,SBGR,SBPA,ROT004,PR-MUG,46,Realizado,Meteorologia,0,0
2024-001813,XYZ241813,2024-07-15,03:00,2024-07-15 03:30,SBGL,SBBR,ROT010,PR-NVH,30,Realizado,Meteorologia,0,0
2024-001814,XYZ241814,2024-07-15,03:00,2024-07-15 03:22,SBGL,SBCF,ROT011,PR-PWL,22,Realizado,Meteorologia,0,0
2024-001815,XYZ241815,2024-07-15,03:00,2024-07-15 03:45,SBGL,SBPA,ROT012,PR-QXA,45,Realizado,Meteorologia,0,0
2024-001816,XYZ241816,2024-07-15,03:00,2024-07-15 03:15,SBGL,SBCT,ROT013,PR-RYB,15,Realizado,Meteorologia,0,0
2024-001817,XYZ241817,2024-07-15,06:00,,SBGR,SBGL,ROT001,PR-SCD,0,Cancelado,Meteorologia,1,0
2024-001818,XYZ241818,2024-07-15,06:00,2024-07-15 06:27,SBGR,SBBR,ROT002,PR-TQJ,27,Realizado,Meteorologia,0,0
2024-001819,XYZ241819,2024-07-15,06:00,2024-07-15 06:49,SBGR,SBCF,ROT003,PR-UKM,49,Realizado,Meteorologia,0,0
2024-001820,XYZ241820,2024-07-15,06:00,2024-07-15 06:13,SBGR,SBPA,ROT004,PR-VPN,13,Realizado,Meteorologia,0,0
2024-001821,XYZ241821,2024-07-15,06:00,2024-07-15 06:45,SBGL,SBBR,ROT010,PR-WAR,45,Realizado,Meteorologia,0,0
2024-001822,XYZ241822,2024-07-15,06:00,2024-07-15 06:47,SBGL,SBCF,ROT011,PR-XBE,47,Desviado,Meteorologia,0,1
2024-001823,XYZ241823,2024-07-15,06:00,2024-07-15 06:13,SBGL,SBPA,ROT012,PR-YCF,13,Realizado,Meteorologia,0,0
2024-001824,XYZ241824,2024-07-15,06:00,2024-07-15 06:42,SBGL,SBCT,ROT013,PR-ZDG,42,Realizado,Meteorologia,0,0
2024-001825,XYZ241825,2024-07-15,09:00,2024-07-15 09:14,SBGR,SBGL,ROT001,PR-ADH,14,Realizado,Meteorologia,0,0
2024-001826,XYZ241826,2024-07-15,09:00,2024-07-15 09:45,SBGR,SBBR,ROT002,PR-BKR,45,Desviado,Meteorologia,0,1
2024-001827,XYZ241827,2024-07-15,09:00,2024-07-15 09:43,SBGR,SBCF,ROT003,PR-CEV,43,Realizado,Meteorologia,0,0
2024-001828,XYZ241828,2024-07-15,09:00,2024-07-15 09:29,SBGR,SBPA,ROT004,PR-DQF,29,Realizado,Meteorologia,0,0
2024-001829,XYZ241829,2024-07-15,09:00,2024-07-15 09:15,SBGL,SBBR,ROT010,PR-EHX,15,Realizado,Meteorologia,0,0
2024-001830,XYZ241830,2024-07-15,09:00,2024-07-15 09:44,SBGL,SBCF,ROT011,PR-FKA,44,Desviado,Meteorologia,0,1
2024-001831,XYZ241831,2024-07-15,09:00,2024-07-15 09:28,SBGL,SBPA,ROT012,PR-GMB,28,Realizado,Meteorologia,0,0
2024-001832,XYZ241832,2024-07-15,09:00,2024-07-15 09:18,SBGL,SBCT,ROT013,PR-HNC,18,Realizado,Meteorologia,0,0
2024-001833,XYZ241833,2024-07-15,12:00,2024-07-15 12:45,SBGR,SBGL,ROT001,PR-JRD,45,Realizado,Meteorologia,0,0
2024-001834,XYZ241834,2024-07-15,12:00,2024-07-15 12:47,SBGR,SBBR,ROT002,PR-KSE,47,Realizado,Meteorologia,0,0
2024-001835,XYZ241835,2024-07-15,12:00,2024-07-15 12:38,SBGR,SBCF,ROT003,PR-LTF,38,Realizado,Meteorologia,0,0
2024-001836,XYZ241836,2024-07-15,12:00,2024-07-15 12:11,SBGR,SBPA,ROT004,PR-MUG,11,Realizado,Meteorologia,0,0
2024-001837,XYZ241837,2024-07-15,12:00,,SBGL,SBBR,ROT010,PR-NVH,0,Cancelado,Meteorologia,1,0
2024-001838,XYZ241838,2024-07-15,12:00,2024-07-15 12:56,SBGL,SBCF,ROT011,PR-PWL,56,Desviado,Meteorologia,0,1
2024-001839,XYZ241839,2024-07-15,12:00,,SBGL,SBPA,ROT012,PR-QXA,0,Cancelado,Meteorologia,1,0
2024-001840,XYZ241840,2024-07-15,12:00,2024-07-15 12:46,SBGL,SBCT,ROT013,PR-RYB,46,Realizado,Meteorologia,0,0
2024-001841,XYZ241841,2024-07-16,00:00,2024-07-16 00:22,SBGR,SBGL,ROT001,PR-SCD,22,Realizado,Meteorologia,0,0
2024-001842,XYZ241842,2024-07-16,00:00,2024-07-16 00:16,SBGR,SBBR,ROT002,PR-TQJ,16,Realizado,Meteorologia,0,0
2024-001843,XYZ241843,2024-07-16,00:00,2024-07-16 00:42,SBGR,SBCF,ROT003,PR-UKM,42,Realizado,Meteorologia,0,0
2024-001844,XYZ241844,2024-07-16,00:00,2024-07-16 00:30,SBGR,SBPA,ROT004,PR-VPN,30,Realizado,Meteorologia,0,0
2024-001845,XYZ241845,2024-07-16,00:00,2024-07-16 00:41,SBGL,SBBR,ROT010,PR-WAR,41,Realizado,Meteorologia,0,0
2024-001846,XYZ241846,2024-07-16,00:00,2024-07-16 00:33,SBGL,SBCF,ROT011,PR-XBE,33,Realizado,Meteorologia,0,0
2024-001847,XYZ241847,2024-07-16,00:00,2024-07-16 00:13,SBGL,SBPA,ROT012,PR-YCF,13,Realizado,Meteorologia,0,0
2024-001848,XYZ241848,2024-07-16,00:00,2024-07-16 00:40,SBGL,SBCT,ROT013,PR-ZDG,40,Realizado,Meteorologia,0,0
2024-001849,XYZ241849,2024-07-16,03:00,2024-07-16 03:32,SBGR,SBGL,ROT001,PR-ADH,32,Realizado,Meteorologia,0,0
2024-001850,XYZ241850,2024-07-16,03:00,2024-07-16 03:30,SBGR,SBBR,ROT002,PR-BKR,30,Realizado,Meteorologia,0,0
2024-001851,XYZ241851,2024-07-16,03:00,2024-07-16 03:15,SBGR,SBCF,ROT003,PR-CEV,15,Realizado,Meteorologia,0,0
2024-001852,XYZ241852,2024-07-16,03:00,2024-07-16 03:22,SBGR,SBPA,ROT004,PR-DQF,22,Realizado,Meteorologia,0,0
2024-001853,XYZ241853,2024-07-16,03:00,2024-07-16 03:40,SBGL,SBBR,ROT010,PR-EHX,40,Realizado,Meteorologia,0,0
2024-001854,XYZ241854,2024-07-16,03:00,2024-07-16 03:11,SBGL,SBCF,ROT011,PR-FKA,11,Realizado,Meteorologia,0,0
2024-001855,XYZ241855,2024-07-16,03:00,2024-07-16 03:48,SBGL,SBPA,ROT012,PR-GMB,48,Realizado,Meteorologia,0,0
2024-001856,XYZ241856,2024-07-16,03:00,2024-07-16 03:37,SBGL,SBCT,ROT013,PR-HNC,37,Realizado,Meteorologia,0,0
2024-001857,XYZ241857,2024-07-16,06:00,2024-07-16 06:22,SBGR,SBGL,ROT001,PR-JRD,22,Realizado,Meteorologia,0,0
2024-001858,XYZ241858,2024-07-16,06:00,2024-07-16 06:23,SBGR,SBBR,ROT002,PR-KSE,23,Realizado,Meteorologia,0,0
2024-001859,XYZ241859,2024-07-16,06:00,2024-07-16 06:27,SBGR,SBCF,ROT003,PR-LTF,27,Realizado,Meteorologia,0,0
2024-001860,XYZ241860,2024-07-16,06:00,2024-07-16 06:11,SBGR,SBPA,ROT004,PR-MUG,11,Realizado,Meteorologia,0,0
2024-001861,XYZ241861,2024-07-16,06:00,2024-07-16 06:24,SBGL,SBBR,ROT010,PR-NVH,24,Realizado,Meteorologia,0,0
2024-001862,XYZ241862,2024-07-16,06:00,2024-07-16 06:46,SBGL,SBCF,ROT011,PR-PWL,46,Desviado,Meteorologia,0,1
2024-001863,XYZ241863,2024-07-16,06:00,2024-07-16 06:34,SBGL,SBPA,ROT012,PR-QXA,34,Realizado,Meteorologia,0,0
2024-001864,XYZ241864,2024-07-16,06:00,2024-07-16 06:14,SBGL,SBCT,ROT013,PR-RYB,14,Realizado,Meteorologia,0,0
2024-001865,XYZ241865,2024-07-16,09:00,2024-07-16 09:13,SBGR,SBGL,ROT001,PR-SCD,13,Realizado,Meteorologia,0,0
2024-001866,XYZ241866,2024-07-16,09:00,2024-07-16 09:21,SBGR,SBBR,ROT002,PR-TQJ,21,Realizado,Meteorologia,0,0
2024-001867,XYZ241867,2024-07-16,09:00,2024-07-16 09:37,SBGR,SBCF,ROT003,PR-UKM,37,Realizado,Meteorologia,0,0
2024-001868,XYZ241868,2024-07-16,09:00,2024-07-16 09:41,SBGR,SBPA,ROT004,PR-VPN,41,Realizado,Meteorologia,0,0
2024-001869,XYZ241869,2024-07-16,09:00,2024-07-16 09:14,SBGL,SBBR,ROT010,PR-WAR,14,Realizado,Meteorologia,0,0
2024-001870,XYZ241870,2024-07-16,09:00,2024-07-16 09:19,SBGL,SBCF,ROT011,PR-XBE,19,Realizado,Meteorologia,0,0
2024-001871,XYZ241871,2024-07-16,09:00,2024-07-16 09:26,SBGL,SBPA,ROT012,PR-YCF,26,Realizado,Meteorologia,0,0
2024-001872,XYZ241872,2024-07-16,09:00,2024-07-16 09:41,SBGL,SBCT,ROT013,PR-ZDG,41,Desviado,Meteorologia,0,1
2024-001873,XYZ241873,2024-07-16,12:00,2024-07-16 12:30,SBGR,SBGL,ROT001,PR-ADH,30,Realizado,Meteorologia,0,0
2024-001874,XYZ241874,2024-07-16,12:00,2024-07-16 12:21,SBGR,SBBR,ROT002,PR-BKR,21,Realizado,Meteorologia,0,0
2024-001875,XYZ241875,2024-07-16,12:00,2024-07-16 12:39,SBGR,SBCF,ROT003,PR-CEV,39,Realizado,Meteorologia,0,0
2024-001876,XYZ241876,2024-07-16,12:00,2024-07-16 12:39,SBGR,SBPA,ROT004,PR-DQF,39,Realizado,Meteorologia,0,0
2024-001877,XYZ241877,2024-07-16,12:00,,SBGL,SBBR,ROT010,PR-EHX,0,Cancelado,Meteorologia,1,0
2024-001878,XYZ241878,2024-07-16,12:00,2024-07-16 12:26,SBGL,SBCF,ROT011,PR-FKA,26,Realizado,Meteorologia,0,0
2024-001879,XYZ241879,2024-07-16,12:00,,SBGL,SBPA,ROT012,PR-GMB,0,Cancelado,Meteorologia,1,0
2024-001880,XYZ241880,2024-07-16,12:00,2024-07-16 12:13,SBGL,SBCT,ROT013,PR-HNC,13,Realizado,Meteorologia,0,0
2024-001881,XYZ241881,2024-07-17,00:00,2024-07-17 00:47,SBGR,SBGL,ROT001,PR-JRD,47,Realizado,Meteorologia,0,0
2024-001882,XYZ241882,2024-07-17,00:00,2024-07-17 00:12,SBGR,SBBR,ROT002,PR-KSE,12,Realizado,Meteorologia,0,0
2024-001883,XYZ241883,2024-07-17,00:00,2024-07-17 00:32,SBGR,SBCF,ROT003,PR-LTF,32,Realizado,Meteorologia,0,0
2024-001884,XYZ241884,2024-07-17,00:00,2024-07-17 00:30,SBGR,SBPA,ROT004,PR-MUG,30,Realizado,Meteorologia,0,0
2024-001885,XYZ241885,2024-07-17,00:00,2024-07-17 00:33,SBGL,SBBR,ROT010,PR-NVH,33,Realizado,Meteorologia,0,0
2024-001886,XYZ241886,2024-07-17,00:00,2024-07-17 00:19,SBGL,SBCF,ROT011,PR-PWL,19,Realizado,Meteorologia,0,0
2024-001887,XYZ241887,2024-07-17,00:00,2024-07-17 00:26,SBGL,SBPA,ROT012,PR-QXA,26,Realizado,Meteorologia,0,0
2024-001888,XYZ241888,2024-07-17,00:00,2024-07-17 00:25,SBGL,SBCT,ROT013,PR-RYB,25,Realizado,Meteorologia,0,0
2024-001889,XYZ241889,2024-07-17,03:00,2024-07-17 03:33,SBGR,SBGL,ROT001,PR-SCD,33,Realizado,Meteorologia,0,0
2024-001890,XYZ241890,2024-07-17,03:00,2024-07-17 03:11,SBGR,SBBR,ROT002,PR-TQJ,11,Realizado,Meteorologia,0,0
2024-001891,XYZ241891,2024-07-17,03:00,2024-07-17 03:24,SBGR,SBCF,ROT003,PR-UKM,24,Realizado,Meteorologia,0,0
2024-001892,XYZ241892,2024-07-17,03:00,2024-07-17 03:44,SBGR,SBPA,ROT004,PR-VPN,44,Realizado,Meteorologia,0,0
2024-001893,XYZ241893,2024-07-17,03:00,2024-07-17 03:13,SBGL,SBBR,ROT010,PR-WAR,13,Realizado,Meteorologia,0,0
2024-001894,XYZ241894,2024-07-17,03:00,2024-07-17 03:31,SBGL,SBCF,ROT011,PR-XBE,31,Realizado,Meteorologia,0,0
2024-001895,XYZ241895,2024-07-17,03:00,2024-07-17 03:34,SBGL,SBPA,ROT012,PR-YCF,34,Realizado,Meteorologia,0,0
2024-001896,XYZ241896,2024-07-17,03:00,2024-07-17 03:43,SBGL,SBCT,ROT013,PR-ZDG,43,Realizado,Meteorologia,0,0
2024-001897,XYZ241897,2024-07-17,06:00,2024-07-17 06:48,SBGR,SBGL,ROT001,PR-ADH,48,Realizado,Meteorologia,0,0
2024-001898,XYZ241898,2024-07-17,06:00,2024-07-17 06:41,SBGR,SBBR,ROT002,PR-BKR,41,Realizado,Meteorologia,0,0
2024-001899,XYZ241899,2024-07-17,06:00,2024-07-17 06:41,SBGR,SBCF,ROT003,PR-CEV,41,Realizado,Meteorologia,0,0
2024-001900,XYZ241900,2024-07-17,06:00,2024-07-17 06:18,SBGR,SBPA,ROT004,PR-DQF,18,Realizado,Meteorologia,0,0
2024-001901,XYZ241901,2024-07-17,06:00,2024-07-17 06:46,SBGL,SBBR,ROT010,PR-EHX,46,Realizado,Meteorologia,0,0
2024-001902,XYZ241902,2024-07-17,06:00,2024-07-17 06:40,SBGL,SBCF,ROT011,PR-FKA,40,Realizado,Meteorologia,0,0
2024-001903,XYZ241903,2024-07-17,06:00,2024-07-17 06:26,SBGL,SBPA,ROT012,PR-GMB,26,Realizado,Meteorologia,0,0
2024-001904,XYZ241904,2024-07-17,06:00,2024-07-17 06:45,SBGL,SBCT,ROT013,PR-HNC,45,Realizado,Meteorologia,0,0
2024-001905,XYZ241905,2024-07-17,09:00,2024-07-17 09:49,SBGR,SBGL,ROT001,PR-JRD,49,Realizado,Meteorologia,0,0
2024-001906,XYZ241906,2024-07-17,09:00,2024-07-17 09:49,SBGR,SBBR,ROT002,PR-KSE,49,Desviado,Meteorologia,0,1
2024-001907,XYZ241907,2024-07-17,09:00,2024-07-17 09:47,SBGR,SBCF,ROT003,PR-LTF,47,Realizado,Meteorologia,0,0
2024-001908,XYZ241908,2024-07-17,09:00,2024-07-17 09:49,SBGR,SBPA,ROT004,PR-MUG,49,Realizado,Meteorologia,0,0
2024-001909,XYZ241909,2024-07-17,09:00,2024-07-17 09:21,SBGL,SBBR,ROT010,PR-NVH,21,Realizado,Meteorologia,0,0
2024-001910,XYZ241910,2024-07-17,09:00,2024-07-17 09:25,SBGL,SBCF,ROT011,PR-PWL,25,Realizado,Meteorologia,0,0
2024-001911,XYZ241911,2024-07-17,09:00,2024-07-17 09:23,SBGL,SBPA,ROT012,PR-QXA,23,Realizado,Meteorologia,0,0
2024-001912,XYZ241912,2024-07-17,09:00,2024-07-17 09:13,SBGL,SBCT,ROT013,PR-RYB,13,Realizado,Meteorologia,0,0
2024-001913,XYZ241913,2024-07-17,12:00,2024-07-17 12:20,SBGR,SBGL,ROT001,PR-SCD,20,Realizado,Meteorologia,0,0
2024-001914,XYZ241914,2024-07-17,12:00,2024-07-17 12:45,SBGR,SBBR,ROT002,PR-TQJ,45,Desviado,Meteorologia,0,1
2024-001915,XYZ241915,2024-07-17,12:00,2024-07-17 12:11,SBGR,SBCF,ROT003,PR-UKM,11,Realizado,Meteorologia,0,0
2024-001916,XYZ241916,2024-07-17,12:00,2024-07-17 12:32,SBGR,SBPA,ROT004,PR-VPN,32,Realizado,Meteorologia,0,0
2024-001917,XYZ241917,2024-07-17,12:00,2024-07-17 12:34,SBGL,SBBR,ROT010,PR-WAR,34,Realizado,Meteorologia,0,0
2024-001918,XYZ241918,2024-07-17,12:00,2024-07-17 12:22,SBGL,SBCF,ROT011,PR-XBE,22,Realizado,Meteorologia,0,0
2024-001919,XYZ241919,2024-07-17,12:00,2024-07-17 12:23,SBGL,SBPA,ROT012,PR-YCF,23,Desviado,Meteorologia,0,1
2024-001920,XYZ241920,2024-07-17,12:00,,SBGL,SBCT,ROT013,PR-ZDG,0,Cancelado,Meteorologia,1,0
2024-001921,XYZ241921,2024-07-18,00:00,,SBGR,SBGL,ROT001,PR-ADH,0,Cancelado,Meteorologia,1,0
2024-001922,XYZ241922,2024-07-18,00:00,2024-07-18 00:44,SBGR,SBBR,ROT002,PR-BKR,44,Desviado,Meteorologia,0,1
2024-001923,XYZ241923,2024-07-18,00:00,2024-07-18 00:21,SBGR,SBCF,ROT003,PR-CEV,21,Realizado,Meteorologia,0,0
2024-001924,XYZ241924,2024-07-18,00:00,2024-07-18 00:34,SBGR,SBPA,ROT004,PR-DQF,34,Realizado,Meteorologia,0,0
2024-001925,XYZ241925,2024-07-18,00:00,2024-07-18 00:45,SBGL,SBBR,ROT010,PR-EHX,45,Desviado,Meteorologia,0,1
2024-001926,XYZ241926,2024-07-18,00:00,2024-07-18 00:38,SBGL,SBCF,ROT011,PR-FKA,38,Realizado,Meteorologia,0,0
2024-001927,XYZ241927,2024-07-18,00:00,2024-07-18 00:18,SBGL,SBPA,ROT012,PR-GMB,18,Realizado,Meteorologia,0,0
2024-001928,XYZ241928,2024-07-18,00:00,,SBGL,SBCT,ROT013,PR-HNC,0,Cancelado,Meteorologia,1,0
2024-001929,XYZ241929,2024-07-18,03:00,2024-07-18 03:15,SBGR,SBGL,ROT001,PR-JRD,15,Realizado,Meteorologia,0,0
2024-001930,XYZ241930,2024-07-18,03:00,2024-07-18 03:40,SBGR,SBBR,ROT002,PR-KSE,40,Realizado,Meteorologia,0,0
2024-001931,XYZ241931,2024-07-18,03:00,2024-07-18 03:46,SBGR,SBCF,ROT003,PR-LTF,46,Realizado,Meteorologia,0,0
2024-001932,XYZ241932,2024-07-18,03:00,,SBGR,SBPA,ROT004,PR-MUG,0,Cancelado,Meteorologia,1,0
2024-001933,XYZ241933,2024-07-18,03:00,2024-07-18 03:11,SBGL,SBBR,ROT010,PR-NVH,11,Realizado,Meteorologia,0,0
2024-001934,XYZ241934,2024-07-18,03:00,2024-07-18 03:26,SBGL,SBCF,ROT011,PR-PWL,26,Realizado,Meteorologia,0,0
2024-001935,XYZ241935,2024-07-18,03:00,2024-07-18 03:39,SBGL,SBPA,ROT012,PR-QXA,39,Realizado,Meteorologia,0,0
2024-001936,XYZ241936,2024-07-18,03:00,2024-07-18 03:20,SBGL,SBCT,ROT013,PR-RYB,20,Desviado,Meteorologia,0,1
2024-001937,XYZ241937,2024-07-18,06:00,2024-07-18 06:36,SBGR,SBGL,ROT001,PR-SCD,36,Realizado,Meteorologia,0,0
2024-001938,XYZ241938,2024-07-18,06:00,2024-07-18 06:31,SBGR,SBBR,ROT002,PR-TQJ,31,Realizado,Meteorologia,0,0
2024-001939,XYZ241939,2024-07-18,06:00,2024-07-18 06:39,SBGR,SBCF,ROT003,PR-UKM,39,Realizado,Meteorologia,0,0
2024-001940,XYZ241940,2024-07-18,06:00,2024-07-18 06:44,SBGR,SBPA,ROT004,PR-VPN,44,Realizado,Meteorologia,0,0
2024-001941,XYZ241941,2024-07-18,06:00,2024-07-18 06:37,SBGL,SBBR,ROT010,PR-WAR,37,Realizado,Meteorologia,0,0
2024-001942,XYZ241942,2024-07-18,06:00,2024-07-18 06:45,SBGL,SBCF,ROT011,PR-XBE,45,Realizado,Meteorologia,0,0
2024-001943,XYZ241943,2024-07-18,06:00,2024-07-18 06:32,SBGL,SBPA,ROT012,PR-YCF,32,Realizado,Meteorologia,0,0
2024-001944,XYZ241944,2024-07-18,06:00,2024-07-18 06:39,SBGL,SBCT,ROT013,PR-ZDG,39,Realizado,Meteorologia,0,0
2024-001945,XYZ241945,2024-07-18,09:00,2024-07-18 09:28,SBGR,SBGL,ROT001,PR-ADH,28,Desviado,Meteorologia,0,1
2024-001946,XYZ241946,2024-07-18,09:00,2024-07-18 09:34,SBGR,SBBR,ROT002,PR-BKR,34,Realizado,Meteorologia,0,0
2024-001947,XYZ241947,2024-07-18,09:00,2024-07-18 09:15,SBGR,SBCF,ROT003,PR-CEV,15,Realizado,Meteorologia,0,0
2024-001948,XYZ241948,2024-07-18,09:00,2024-07-18 09:30,SBGR,SBPA,ROT004,PR-DQF,30,Realizado,Meteorologia,0,0
2024-001949,XYZ241949,2024-07-18,09:00,2024-07-18 09:13,SBGL,SBBR,ROT010,PR-EHX,13,Realizado,Meteorologia,0,0
2024-001950,XYZ241950,2024-07-18,09:00,2024-07-18 09:39,SBGL,SBCF,ROT011,PR-FKA,39,Realizado,Meteorologia,0,0
2024-001951,XYZ241951,2024-07-18,09:00,2024-07-18 09:30,SBGL,SBPA,ROT012,PR-GMB,30,Desviado,Meteorologia,0,1
2024-001952,XYZ241952,2024-07-18,09:00,2024-07-18 09:55,SBGL,SBCT,ROT013,PR-HNC,55,Desviado,Meteorologia,0,1
2024-001953,XYZ241953,2024-07-18,12:00,2024-07-18 12:49,SBGR,SBGL,ROT001,PR-JRD,49,Realizado,Meteorologia,0,0
2024-001954,XYZ241954,2024-07-18,12:00,2024-07-18 12:44,SBGR,SBBR,ROT002,PR-KSE,44,Realizado,Meteorologia,0,0
2024-001955,XYZ241955,2024-07-18,12:00,2024-07-18 12:14,SBGR,SBCF,ROT003,PR-LTF,14,Realizado,Meteorologia,0,0
2024-001956,XYZ241956,2024-07-18,12:00,2024-07-18 12:17,SBGR,SBPA,ROT004,PR-MUG,17,Realizado,Meteorologia,0,0
2024-001957,XYZ241957,2024-07-18,12:00,2024-07-18 12:40,SBGL,SBBR,ROT010,PR-NVH,40,Realizado,Meteorologia,0,0
2024-001958,XYZ241958,2024-07-18,12:00,2024-07-18 12:42,SBGL,SBCF,ROT011,PR-PWL,42,Desviado,Meteorologia,0,1
2024-001959,XYZ241959,2024-07-18,12:00,2024-07-18 12:14,SBGL,SBPA,ROT012,PR-QXA,14,Realizado,Meteorologia,0,0
2024-001960,XYZ241960,2024-07-18,12:00,2024-07-18 12:14,SBGL,SBCT,ROT013,PR-RYB,14,Realizado,Meteorologia,0,0
2024-001961,XYZ241961,2024-07-19,00:00,2024-07-19 00:31,SBGR,SBGL,ROT001,PR-SCD,31,Realizado,Meteorologia,0,0
2024-001962,XYZ241962,2024-07-19,00:00,2024-07-19 00:13,SBGR,SBBR,ROT002,PR-TQJ,13,Realizado,Meteorologia,0,0
2024-001963,XYZ241963,2024-07-19,00:00,2024-07-19 00:35,SBGR,SBCF,ROT003,PR-UKM,35,Desviado,Meteorologia,0,1
2024-001964,XYZ241964,2024-07-19,00:00,2024-07-19 00:47,SBGR,SBPA,ROT004,PR-VPN,47,Realizado,Meteorologia,0,0
2024-001965,XYZ241965,2024-07-19,00:00,2024-07-19 00:17,SBGL,SBBR,ROT010,PR-WAR,17,Realizado,Meteorologia,0,0
2024-001966,XYZ241966,2024-07-19,00:00,,SBGL,SBCF,ROT011,PR-XBE,0,Cancelado,Meteorologia,1,0
2024-001967,XYZ241967,2024-07-19,00:00,2024-07-19 00:24,SBGL,SBPA,ROT012,PR-YCF,24,Realizado,Meteorologia,0,0
2024-001968,XYZ241968,2024-07-19,00:00,2024-07-19 00:45,SBGL,SBCT,ROT013,PR-ZDG,45,Realizado,Meteorologia,0,0
2024-001969,XYZ241969,2024-07-19,03:00,2024-07-19 03:16,SBGR,SBGL,ROT001,PR-ADH,16,Realizado,Meteorologia,0,0
2024-001970,XYZ241970,2024-07-19,03:00,2024-07-19 03:24,SBGR,SBBR,ROT002,PR-BKR,24,Desviado,Meteorologia,0,1
2024-001971,XYZ241971,2024-07-19,03:00,2024-07-19 03:10,SBGR,SBCF,ROT003,PR-CEV,10,Realizado,Meteorologia,0,0
2024-001972,XYZ241972,2024-07-19,03:00,2024-07-19 03:14,SBGR,SBPA,ROT004,PR-DQF,14,Realizado,Meteorologia,0,0
2024-001973,XYZ241973,2024-07-19,03:00,2024-07-19 03:32,SBGL,SBBR,ROT010,PR-EHX,32,Realizado,Meteorologia,0,0
2024-001974,XYZ241974,2024-07-19,03:00,2024-07-19 03:10,SBGL,SBCF,ROT011,PR-FKA,10,Realizado,Meteorologia,0,0
2024-001975,XYZ241975,2024-07-19,03:00,2024-07-19 03:49,SBGL,SBPA,ROT012,PR-GMB,49,Realizado,Meteorologia,0,0
2024-001976,XYZ241976,2024-07-19,03:00,2024-07-19 03:40,SBGL,SBCT,ROT013,PR-HNC,40,Realizado,Meteorologia,0,0
2024-001977,XYZ241977,2024-07-19,06:00,2024-07-19 06:10,SBGR,SBGL,ROT001,PR-JRD,10,Realizado,Meteorologia,0,0
2024-001978,XYZ241978,2024-07-19,06:00,2024-07-19 06:21,SBGR,SBBR,ROT002,PR-KSE,21,Realizado,Meteorologia,0,0
2024-001979,XYZ241979,2024-07-19,06:00,2024-07-19 06:32,SBGR,SBCF,ROT003,PR-LTF,32,Desviado,Meteorologia,0,1
2024-001980,XYZ241980,2024-07-19,06:00,2024-07-19 06:42,SBGR,SBPA,ROT004,PR-MUG,42,Realizado,Meteorologia,0,0
2024-001981,XYZ241981,2024-07-19,06:00,,SBGL,SBBR,ROT010,PR-NVH,0,Cancelado,Meteorologia,1,0
2024-001982,XYZ241982,2024-07-19,06:00,2024-07-19 06:13,SBGL,SBCF,ROT011,PR-PWL,13,Realizado,Meteorologia,0,0
2024-001983,XYZ241983,2024-07-19,06:00,2024-07-19 06:45,SBGL,SBPA,ROT012,PR-QXA,45,Realizado,Meteorologia,0,0
2024-001984,XYZ241984,2024-07-19,06:00,2024-07-19 06:13,SBGL,SBCT,ROT013,PR-RYB,13,Realizado,Meteorologia,0,0
2024-001985,XYZ241985,2024-07-19,09:00,2024-07-19 09:40,SBGR,SBGL,ROT001,PR-SCD,40,Realizado,Meteorologia,0,0
2024-001986,XYZ241986,2024-07-19,09:00,2024-07-19 09:28,SBGR,SBBR,ROT002,PR-TQJ,28,Realizado,Meteorologia,0,0
2024-001987,XYZ241987,2024-07-19,09:00,2024-07-19 09:30,SBGR,SBCF,ROT003,PR-UKM,30,Realizado,Meteorologia,0,0
2024-001988,XYZ241988,2024-07-19,09:00,,SBGR,SBPA,ROT004,PR-VPN,0,Cancelado,Meteorologia,1,0
2024-001989,XYZ241989,2024-07-19,09:00,2024-07-19 09:42,SBGL,SBBR,ROT010,PR-WAR,42,Realizado,Meteorologia,0,0
2024-001990,XYZ241990,2024-07-19,09:00,2024-07-19 09:38,SBGL,SBCF,ROT011,PR-XBE,38,Realizado,Meteorologia,0,0
2024-001991,XYZ241991,2024-07-19,09:00,2024-07-19 09:34,SBGL,SBPA,ROT012,PR-YCF,34,Realizado,Meteorologia,0,0
2024-001992,XYZ241992,2024-07-19,09:00,2024-07-19 09:55,SBGL,SBCT,ROT013,PR-ZDG,55,Desviado,Meteorologia,0,1
2024-001993,XYZ241993,2024-07-19,12:00,,SBGR,SBGL,ROT001,PR-ADH,0,Cancelado,Meteorologia,1,0
2024-001994,XYZ241994,2024-07-19,12:00,2024-07-19 12:29,SBGR,SBBR,ROT002,PR-BKR,29,Realizado,Meteorologia,0,0
2024-001995,XYZ241995,2024-07-19,12:00,2024-07-19 12:46,SBGR,SBCF,ROT003,PR-CEV,46,Realizado,Meteorologia,0,0
2024-001996,XYZ241996,2024-07-19,12:00,2024-07-19 12:11,SBGR,SBPA,ROT004,PR-DQF,11,Realizado,Meteorologia,0,0
2024-001997,XYZ241997,2024-07-19,12:00,2024-07-19 12:45,SBGL,SBBR,ROT010,PR-EHX,45,Realizado,Meteorologia,0,0
2024-001998,XYZ241998,2024-07-19,12:00,,SBGL,SBCF,ROT011,PR-FKA,0,Cancelado,Meteorologia,1,0
2024-001999,XYZ241999,2024-07-19,12:00,2024-07-19 12:37,SBGL,SBPA,ROT012,PR-GMB,37,Realizado,Meteorologia,0,0
2024-002000,XYZ242000,2024-07-19,12:00,2024-07-19 12:40,SBGL,SBCT,ROT013,PR-HNC,40,Realizado,Meteorologia,0,0
2024-002001,XYZ242001,2024-07-20,00:00,2024-07-20 00:26,SBGR,SBGL,ROT001,PR-JRD,26,Realizado,Meteorologia,0,0
2024-002002,XYZ242002,2024-07-20,00:00,2024-07-20 00:47,SBGR,SBBR,ROT002,PR-KSE,47,Realizado,Meteorologia,0,0
2024-002003,XYZ242003,2024-07-20,00:00,2024-07-20 00:32,SBGR,SBCF,ROT003,PR-LTF,32,Realizado,Meteorologia,0,0
2024-002004,XYZ242004,2024-07-20,00:00,2024-07-20 00:29,SBGR,SBPA,ROT004,PR-MUG,29,Realizado,Meteorologia,0,0
2024-002005,XYZ242005,2024-07-20,00:00,2024-07-20 00:25,SBGL,SBBR,ROT010,PR-NVH,25,Realizado,Meteorologia,0,0
2024-002006,XYZ242006,2024-07-20,00:00,2024-07-20 00:47,SBGL,SBCF,ROT011,PR-PWL,47,Realizado,Meteorologia,0,0
2024-002007,XYZ242007,2024-07-20,00:00,2024-07-20 00:38,SBGL,SBPA,ROT012,PR-QXA,38,Realizado,Meteorologia,0,0
2024-002008,XYZ242008,2024-07-20,00:00,2024-07-20 00:21,SBGL,SBCT,ROT013,PR-RYB,21,Realizado,Meteorologia,0,0
2024-002009,XYZ242009,2024-07-20,03:00,2024-07-20 03:39,SBGR,SBGL,ROT001,PR-SCD,39,Realizado,Meteorologia,0,0
2024-002010,XYZ242010,2024-07-20,03:00,2024-07-20 03:17,SBGR,SBBR,ROT002,PR-TQJ,17,Realizado,Meteorologia,0,0
2024-002011,XYZ242011,2024-07-20,03:00,2024-07-20 03:12,SBGR,SBCF,ROT003,PR-UKM,12,Realizado,Meteorologia,0,0
2024-002012,XYZ242012,2024-07-20,03:00,2024-07-20 03:30,SBGR,SBPA,ROT004,PR-VPN,30,Realizado,Meteorologia,0,0
2024-002013,XYZ242013,2024-07-20,03:00,2024-07-20 03:38,SBGL,SBBR,ROT010,PR-WAR,38,Realizado,Meteorologia,0,0
2024-002014,XYZ242014,2024-07-20,03:00,2024-07-20 03:23,SBGL,SBCF,ROT011,PR-XBE,23,Realizado,Meteorologia,0,0
2024-002015,XYZ242015,2024-07-20,03:00,2024-07-20 03:10,SBGL,SBPA,ROT012,PR-YCF,10,Realizado,Meteorologia,0,0
2024-002016,XYZ242016,2024-07-20,03:00,2024-07-20 03:46,SBGL,SBCT,ROT013,PR-ZDG,46,Realizado,Meteorologia,0,0
2024-002017,XYZ242017,2024-07-20,06:00,2024-07-20 06:12,SBGR,SBGL,ROT001,PR-ADH,12,Realizado,Meteorologia,0,0
2024-002018,XYZ242018,2024-07-20,06:00,2024-07-20 06:55,SBGR,SBBR,ROT002,PR-BKR,55,Desviado,Meteorologia,0,1
2024-002019,XYZ242019,2024-07-20,06:00,2024-07-20 06:48,SBGR,SBCF,ROT003,PR-CEV,48,Realizado,Meteorologia,0,0
2024-002020,XYZ242020,2024-07-20,06:00,2024-07-20 06:21,SBGR,SBPA,ROT004,PR-DQF,21,Realizado,Meteorologia,0,0
2024-002021,XYZ242021,2024-07-20,06:00,,SBGL,SBBR,ROT010,PR-EHX,0,Cancelado,Meteorologia,1,0
2024-002022,XYZ242022,2024-07-20,06:00,2024-07-20 06:49,SBGL,SBCF,ROT011,PR-FKA,49,Realizado,Meteorologia,0,0
2024-002023,XYZ242023,2024-07-20,06:00,2024-07-20 06:12,SBGL,SBPA,ROT012,PR-GMB,12,Realizado,Meteorologia,0,0
2024-002024,XYZ242024,2024-07-20,06:00,2024-07-20 06:44,SBGL,SBCT,ROT013,PR-HNC,44,Realizado,Meteorologia,0,0
2024-002025,XYZ242025,2024-07-20,09:00,,SBGR,SBGL,ROT001,PR-JRD,0,Cancelado,Meteorologia,1,0
2024-002026,XYZ242026,2024-07-20,09:00,2024-07-20 09:33,SBGR,SBBR,ROT002,PR-KSE,33,Realizado,Meteorologia,0,0
2024-002027,XYZ242027,2024-07-20,09:00,2024-07-20 09:21,SBGR,SBCF,ROT003,PR-LTF,21,Realizado,Meteorologia,0,0
2024-002028,XYZ242028,2024-07-20,09:00,,SBGR,SBPA,ROT004,PR-MUG,0,Cancelado,Meteorologia,1,0
2024-002029,XYZ242029,2024-07-20,09:00,2024-07-20 09:55,SBGL,SBBR,ROT010,PR-NVH,55,Desviado,Meteorologia,0,1
2024-002030,XYZ242030,2024-07-20,09:00,2024-07-20 09:48,SBGL,SBCF,ROT011,PR-PWL,48,Realizado,Meteorologia,0,0
2024-002031,XYZ242031,2024-07-20,09:00,2024-07-20 09:27,SBGL,SBPA,ROT012,PR-QXA,27,Realizado,Meteorologia,0,0
2024-002032,XYZ242032,2024-07-20,09:00,2024-07-20 09:45,SBGL,SBCT,ROT013,PR-RYB,45,Realizado,Meteorologia,0,0
2024-002033,XYZ242033,2024-07-20,12:00,2024-07-20 12:46,SBGR,SBGL,ROT001,PR-SCD,46,Realizado,Meteorologia,0,0
2024-002034,XYZ242034,2024-07-20,12:00,2024-07-20 12:32,SBGR,SBBR,ROT002,PR-TQJ,32,Realizado,Meteorologia,0,0
2024-002035,XYZ242035,2024-07-20,12:00,2024-07-20 12:37,SBGR,SBCF,ROT003,PR-UKM,37,Realizado,Meteorologia,0,0
2024-002036,XYZ242036,2024-07-20,12:00,2024-07-20 12:16,SBGR,SBPA,ROT004,PR-VPN,16,Realizado,Meteorologia,0,0
2024-002037,XYZ242037,2024-07-20,12:00,2024-07-20 12:32,SBGL,SBBR,ROT010,PR-WAR,32,Realizado,Meteorologia,0,0
2024-002038,XYZ242038,2024-07-20,12:00,2024-07-20 12:28,SBGL,SBCF,ROT011,PR-XBE,28,Realizado,Meteorologia,0,0
2024-002039,XYZ242039,2024-07-20,12:00,,SBGL,SBPA,ROT012,PR-YCF,0,Cancelado,Meteorologia,1,0
2024-002040,XYZ242040,2024-07-20,12:00,2024-07-20 12:34,SBGL,SBCT,ROT013,PR-ZDG,34,Realizado,Meteorologia,0,0
2024-002041,XYZ242041,2024-07-21,00:00,2024-07-21 00:28,SBGR,SBGL,ROT001,PR-ADH,28,Realizado,Meteorologia,0,0
2024-002042,XYZ242042,2024-07-21,00:00,2024-07-21 00:47,SBGR,SBBR,ROT002,PR-BKR,47,Realizado,Meteorologia,0,0
2024-002043,XYZ242043,2024-07-21,00:00,2024-07-21 00:28,SBGR,SBCF,ROT003,PR-CEV,28,Realizado,Meteorologia,0,0
2024-002044,XYZ242044,2024-07-21,00:00,2024-07-21 00:14,SBGR,SBPA,ROT004,PR-DQF,14,Realizado,Meteorologia,0,0
2024-002045,XYZ242045,2024-07-21,00:00,2024-07-21 00:38,SBGL,SBBR,ROT010,PR-EHX,38,Realizado,Meteorologia,0,0
2024-002046,XYZ242046,2024-07-21,00:00,2024-07-21 00:33,SBGL,SBCF,ROT011,PR-FKA,33,Desviado,Meteorologia,0,1
2024-002047,XYZ242047,2024-07-21,00:00,2024-07-21 00:18,SBGL,SBPA,ROT012,PR-GMB,18,Realizado,Meteorologia,0,0
2024-002048,XYZ242048,2024-07-21,00:00,2024-07-21 00:54,SBGL,SBCT,ROT013,PR-HNC,54,Desviado,Meteorologia,0,1
2024-002049,XYZ242049,2024-07-21,03:00,2024-07-21 03:47,SBGR,SBGL,ROT001,PR-JRD,47,Realizado,Meteorologia,0,0
2024-002050,XYZ242050,2024-07-21,03:00,2024-07-21 03:31,SBGR,SBBR,ROT002,PR-KSE,31,Realizado,Meteorologia,0,0
2024-002051,XYZ242051,2024-07-21,03:00,2024-07-21 03:23,SBGR,SBCF,ROT003,PR-LTF,23,Realizado,Meteorologia,0,0
2024-002052,XYZ242052,2024-07-21,03:00,2024-07-21 03:32,SBGR,SBPA,ROT004,PR-MUG,32,Realizado,Meteorologia,0,0
2024-002053,XYZ242053,2024-07-21,03:00,2024-07-21 03:31,SBGL,SBBR,ROT010,PR-NVH,31,Realizado,Meteorologia,0,0
2024-002054,XYZ242054,2024-07-21,03:00,2024-07-21 03:27,SBGL,SBCF,ROT011,PR-PWL,27,Realizado,Meteorologia,0,0
2024-002055,XYZ242055,2024-07-21,03:00,2024-07-21 03:35,SBGL,SBPA,ROT012,PR-QXA,35,Realizado,Meteorologia,0,0
2024-002056,XYZ242056,2024-07-21,03:00,2024-07-21 03:19,SBGL,SBCT,ROT013,PR-RYB,19,Realizado,Meteorologia,0,0
2024-002057,XYZ242057,2024-07-21,06:00,2024-07-21 06:20,SBGR,SBGL,ROT001,PR-SCD,20,Realizado,Meteorologia,0,0
2024-002058,XYZ242058,2024-07-21,06:00,2024-07-21 06:48,SBGR,SBBR,ROT002,PR-TQJ,48,Realizado,Meteorologia,0,0
2024-002059,XYZ242059,2024-07-21,06:00,2024-07-21 06:23,SBGR,SBCF,ROT003,PR-UKM,23,Realizado,Meteorologia,0,0
2024-002060,XYZ242060,2024-07-21,06:00,2024-07-21 06:10,SBGR,SBPA,ROT004,PR-VPN,10,Realizado,Meteorologia,0,0
2024-002061,XYZ242061,2024-07-21,06:00,2024-07-21 06:26,SBGL,SBBR,ROT010,PR-WAR,26,Realizado,Meteorologia,0,0
2024-002062,XYZ242062,2024-07-21,06:00,2024-07-21 06:28,SBGL,SBCF,ROT011,PR-XBE,28,Realizado,Meteorologia,0,0
2024-002063,XYZ242063,2024-07-21,06:00,2024-07-21 06:12,SBGL,SBPA,ROT012,PR-YCF,12,Realizado,Meteorologia,0,0
2024-002064,XYZ242064,2024-07-21,06:00,2024-07-21 06:24,SBGL,SBCT,ROT013,PR-ZDG,24,Realizado,Meteorologia,0,0
2024-002065,XYZ242065,2024-07-21,09:00,2024-07-21 09:35,SBGR,SBGL,ROT001,PR-ADH,35,Realizado,Meteorologia,0,0
2024-002066,XYZ242066,2024-07-21,09:00,2024-07-21 09:11,SBGR,SBBR,ROT002,PR-BKR,11,Realizado,Meteorologia,0,0
2024-002067,XYZ242067,2024-07-21,09:00,2024-07-21 09:45,SBGR,SBCF,ROT003,PR-CEV,45,Realizado,Meteorologia,0,0
2024-002068,XYZ242068,2024-07-21,09:00,2024-07-21 09:45,SBGR,SBPA,ROT004,PR-DQF,45,Realizado,Meteorologia,0,0
2024-002069,XYZ242069,2024-07-21,09:00,2024-07-21 09:46,SBGL,SBBR,ROT010,PR-EHX,46,Realizado,Meteorologia,0,0
2024-002070,XYZ242070,2024-07-21,09:00,2024-07-21 09:30,SBGL,SBCF,ROT011,PR-FKA,30,Realizado,Meteorologia,0,0
2024-002071,XYZ242071,2024-07-21,09:00,2024-07-21 09:10,SBGL,SBPA,ROT012,PR-GMB,10,Realizado,Meteorologia,0,0
2024-002072,XYZ242072,2024-07-21,09:00,2024-07-21 09:34,SBGL,SBCT,ROT013,PR-HNC,34,Realizado,Meteorologia,0,0
2024-002073,XYZ242073,2024-07-21,12:00,2024-07-21 12:48,SBGR,SBGL,ROT001,PR-JRD,48,Realizado,Meteorologia,0,0
2024-002074,XYZ242074,2024-07-21,12:00,2024-07-21 12:12,SBGR,SBBR,ROT002,PR-KSE,12,Realizado,Meteorologia,0,0
2024-002075,XYZ242075,2024-07-21,12:00,2024-07-21 12:41,SBGR,SBCF,ROT003,PR-LTF,41,Realizado,Meteorologia,0,0
2024-002076,XYZ242076,2024-07-21,12:00,2024-07-21 12:39,SBGR,SBPA,ROT004,PR-MUG,39,Realizado,Meteorologia,0,0
2024-002077,XYZ242077,2024-07-21,12:00,2024-07-21 12:24,SBGL,SBBR,ROT010,PR-NVH,24,Realizado,Meteorologia,0,0
2024-002078,XYZ242078,2024-07-21,12:00,2024-07-21 12:43,SBGL,SBCF,ROT011,PR-PWL,43,Realizado,Meteorologia,0,0
2024-002079,XYZ242079,2024-07-21,12:00,2024-07-21 12:11,SBGL,SBPA,ROT012,PR-QXA,11,Realizado,Meteorologia,0,0
2024-002080,XYZ242080,2024-07-21,12:00,2024-07-21 12:49,SBGL,SBCT,ROT013,PR-RYB,49,Realizado,Meteorologia,0,0
2024-002081,XYZ242081,2024-07-22,00:00,2024-07-22 00:11,SBGR,SBGL,ROT001,PR-SCD,11,Realizado,Operacional,0,0
2024-002082,XYZ242082,2024-07-22,00:00,2024-07-22 00:01,SBGR,SBBR,ROT002,PR-TQJ,1,Realizado,Operacional,0,0
2024-002083,XYZ242083,2024-07-22,00:00,2024-07-22 00:09,SBGR,SBCF,ROT003,PR-UKM,9,Realizado,Conexao,0,0
2024-002084,XYZ242084,2024-07-22,00:00,2024-07-22 00:08,SBGR,SBPA,ROT004,PR-VPN,8,Realizado,Operacional,0,0
2024-002085,XYZ242085,2024-07-22,00:00,2024-07-22 00:31,SBGL,SBBR,ROT010,PR-WAR,31,Realizado,Meteorologia,0,0
2024-002086,XYZ242086,2024-07-22,00:00,2024-07-22 00:29,SBGL,SBCF,ROT011,PR-XBE,29,Realizado,Meteorologia,0,0
2024-002087,XYZ242087,2024-07-22,00:00,2024-07-22 00:15,SBGL,SBPA,ROT012,PR-YCF,15,Realizado,Meteorologia,0,0
2024-002088,XYZ242088,2024-07-22,00:00,2024-07-22 00:48,SBGL,SBCT,ROT013,PR-ZDG,48,Realizado,Meteorologia,0,0
2024-002089,XYZ242089,2024-07-22,03:00,2024-07-22 03:07,SBGR,SBGL,ROT001,PR-ADH,7,Realizado,Operacional,0,0
2024-002090,XYZ242090,2024-07-22,03:00,2024-07-22 03:01,SBGR,SBBR,ROT002,PR-BKR,1,Realizado,Tripulacao,0,0
2024-002091,XYZ242091,2024-07-22,03:00,2024-07-22 03:04,SBGR,SBCF,ROT003,PR-CEV,4,Realizado,Conexao,0,0
2024-002092,XYZ242092,2024-07-22,03:00,2024-07-22 03:12,SBGR,SBPA,ROT004,PR-DQF,12,Realizado,Operacional,0,0
2024-002093,XYZ242093,2024-07-22,03:00,2024-07-22 03:21,SBGL,SBBR,ROT010,PR-EHX,21,Realizado,Meteorologia,0,0
2024-002094,XYZ242094,2024-07-22,03:00,2024-07-22 03:26,SBGL,SBCF,ROT011,PR-FKA,26,Realizado,Meteorologia,0,0
2024-002095,XYZ242095,2024-07-22,03:00,2024-07-22 03:22,SBGL,SBPA,ROT012,PR-GMB,22,Desviado,Meteorologia,0,1
2024-002096,XYZ242096,2024-07-22,03:00,2024-07-22 03:19,SBGL,SBCT,ROT013,PR-HNC,19,Realizado,Meteorologia,0,0
2024-002097,XYZ242097,2024-07-22,06:00,2024-07-22 06:03,SBGR,SBGL,ROT001,PR-JRD,3,Realizado,Operacional,0,0
2024-002098,XYZ242098,2024-07-22,06:00,2024-07-22 06:02,SBGR,SBBR,ROT002,PR-KSE,2,Realizado,Operacional,0,0
2024-002099,XYZ242099,2024-07-22,06:00,2024-07-22 06:13,SBGR,SBCF,ROT003,PR-LTF,13,Realizado,Operacional,0,0
2024-002100,XYZ242100,2024-07-22,06:00,2024-07-22 06:12,SBGR,SBPA,ROT004,PR-MUG,12,Realizado,Operacional,0,0
2024-002101,XYZ242101,2024-07-22,06:00,2024-07-22 06:42,SBGL,SBBR,ROT010,PR-NVH,42,Realizado,Meteorologia,0,0
2024-002102,XYZ242102,2024-07-22,06:00,2024-07-22 06:32,SBGL,SBCF,ROT011,PR-PWL,32,Realizado,Meteorologia,0,0
2024-002103,XYZ242103,2024-07-22,06:00,2024-07-22 06:15,SBGL,SBPA,ROT012,PR-QXA,15,Realizado,Meteorologia,0,0
2024-002104,XYZ242104,2024-07-22,06:00,2024-07-22 06:25,SBGL,SBCT,ROT013,PR-RYB,25,Realizado,Meteorologia,0,0
2024-002105,XYZ242105,2024-07-22,09:00,2024-07-22 09:12,SBGR,SBGL,ROT001,PR-SCD,12,Realizado,Tripulacao,0,0
2024-002106,XYZ242106,2024-07-22,09:00,2024-07-22 09:09,SBGR,SBBR,ROT002,PR-TQJ,9,Realizado,Operacional,0,0
2024-002107,XYZ242107,2024-07-22,09:00,2024-07-22 09:03,SBGR,SBCF,ROT003,PR-UKM,3,Realizado,Operacional,0,0
2024-002108,XYZ242108,2024-07-22,09:00,2024-07-22 09:10,SBGR,SBPA,ROT004,PR-VPN,10,Realizado,Operacional,0,0
2024-002109,XYZ242109,2024-07-22,09:00,2024-07-22 09:39,SBGL,SBBR,ROT010,PR-WAR,39,Realizado,Meteorologia,0,0
2024-002110,XYZ242110,2024-07-22,09:00,2024-07-22 09:46,SBGL,SBCF,ROT011,PR-XBE,46,Realizado,Meteorologia,0,0
2024-002111,XYZ242111,2024-07-22,09:00,2024-07-22 09:21,SBGL,SBPA,ROT012,PR-YCF,21,Realizado,Meteorologia,0,0
2024-002112,XYZ242112,2024-07-22,09:00,2024-07-22 09:41,SBGL,SBCT,ROT013,PR-ZDG,41,Realizado,Meteorologia,0,0
2024-002113,XYZ242113,2024-07-22,12:00,2024-07-22 12:01,SBGR,SBGL,ROT001,PR-ADH,1,Realizado,Tripulacao,0,0
2024-002114,XYZ242114,2024-07-22,12:00,2024-07-22 12:01,SBGR,SBBR,ROT002,PR-BKR,1,Realizado,Tripulacao,0,0
2024-002115,XYZ242115,2024-07-22,12:00,2024-07-22 12:09,SBGR,SBCF,ROT003,PR-CEV,9,Realizado,Operacional,0,0
2024-002116,XYZ242116,2024-07-22,12:00,2024-07-22 12:00,SBGR,SBPA,ROT004,PR-DQF,0,Realizado,Conexao,0,0
2024-002117,XYZ242117,2024-07-22,12:00,2024-07-22 12:28,SBGL,SBBR,ROT010,PR-EHX,28,Desviado,Meteorologia,0,1
2024-002118,XYZ242118,2024-07-22,12:00,2024-07-22 12:33,SBGL,SBCF,ROT011,PR-FKA,33,Desviado,Meteorologia,0,1
2024-002119,XYZ242119,2024-07-22,12:00,2024-07-22 12:29,SBGL,SBPA,ROT012,PR-GMB,29,Realizado,Meteorologia,0,0
2024-002120,XYZ242120,2024-07-22,12:00,2024-07-22 12:32,SBGL,SBCT,ROT013,PR-HNC,32,Realizado,Meteorologia,0,0
2024-002121,XYZ242121,2024-07-23,00:00,2024-07-23 00:39,SBGR,SBGL,ROT001,PR-JRD,39,Realizado,Meteorologia,0,0
2024-002122,XYZ242122,2024-07-23,00:00,2024-07-23 00:12,SBGR,SBBR,ROT002,PR-KSE,12,Realizado,Meteorologia,0,0
2024-002123,XYZ242123,2024-07-23,00:00,2024-07-23 00:32,SBGR,SBCF,ROT003,PR-LTF,32,Realizado,Meteorologia,0,0
2024-002124,XYZ242124,2024-07-23,00:00,,SBGR,SBPA,ROT004,PR-MUG,0,Cancelado,Meteorologia,1,0
2024-002125,XYZ242125,2024-07-23,00:00,2024-07-23 00:27,SBGL,SBBR,ROT010,PR-NVH,27,Realizado,Meteorologia,0,0
2024-002126,XYZ242126,2024-07-23,00:00,2024-07-23 00:34,SBGL,SBCF,ROT011,PR-PWL,34,Realizado,Meteorologia,0,0
2024-002127,XYZ242127,2024-07-23,00:00,2024-07-23 00:47,SBGL,SBPA,ROT012,PR-QXA,47,Realizado,Meteorologia,0,0
2024-002128,XYZ242128,2024-07-23,00:00,2024-07-23 00:13,SBGL,SBCT,ROT013,PR-RYB,13,Realizado,Meteorologia,0,0
2024-002129,XYZ242129,2024-07-23,03:00,2024-07-23 03:30,SBGR,SBGL,ROT001,PR-SCD,30,Realizado,Meteorologia,0,0
2024-002130,XYZ242130,2024-07-23,03:00,2024-07-23 03:33,SBGR,SBBR,ROT002,PR-TQJ,33,Realizado,Meteorologia,0,0
2024-002131,XYZ242131,2024-07-23,03:00,2024-07-23 03:16,SBGR,SBCF,ROT003,PR-UKM,16,Realizado,Meteorologia,0,0
2024-002132,XYZ242132,2024-07-23,03:00,2024-07-23 03:43,SBGR,SBPA,ROT004,PR-VPN,43,Realizado,Meteorologia,0,0
2024-002133,XYZ242133,2024-07-23,03:00,2024-07-23 03:21,SBGL,SBBR,ROT010,PR-WAR,21,Realizado,Meteorologia,0,0
2024-002134,XYZ242134,2024-07-23,03:00,2024-07-23 03:28,SBGL,SBCF,ROT011,PR-XBE,28,Realizado,Meteorologia,0,0
2024-002135,XYZ242135,2024-07-23,03:00,2024-07-23 03:41,SBGL,SBPA,ROT012,PR-YCF,41,Realizado,Meteorologia,0,0
2024-002136,XYZ242136,2024-07-23,03:00,2024-07-23 03:15,SBGL,SBCT,ROT013,PR-ZDG,15,Realizado,Meteorologia,0,0
2024-002137,XYZ242137,2024-07-23,06:00,2024-07-23 06:42,SBGR,SBGL,ROT001,PR-ADH,42,Realizado,Meteorologia,0,0
2024-002138,XYZ242138,2024-07-23,06:00,2024-07-23 06:11,SBGR,SBBR,ROT002,PR-BKR,11,Realizado,Meteorologia,0,0
2024-002139,XYZ242139,2024-07-23,06:00,2024-07-23 06:20,SBGR,SBCF,ROT003,PR-CEV,20,Desviado,Meteorologia,0,1
2024-002140,XYZ242140,2024-07-23,06:00,2024-07-23 06:35,SBGR,SBPA,ROT004,PR-DQF,35,Realizado,Meteorologia,0,0
2024-002141,XYZ242141,2024-07-23,06:00,2024-07-23 06:35,SBGL,SBBR,ROT010,PR-EHX,35,Realizado,Meteorologia,0,0
2024-002142,XYZ242142,2024-07-23,06:00,2024-07-23 06:25,SBGL,SBCF,ROT011,PR-FKA,25,Realizado,Meteorologia,0,0
2024-002143,XYZ242143,2024-07-23,06:00,2024-07-23 06:51,SBGL,SBPA,ROT012,PR-GMB,51,Desviado,Meteorologia,0,1
2024-002144,XYZ242144,2024-07-23,06:00,2024-07-23 06:33,SBGL,SBCT,ROT013,PR-HNC,33,Realizado,Meteorologia,0,0
2024-002145,XYZ242145,2024-07-23,09:00,2024-07-23 09:12,SBGR,SBGL,ROT001,PR-JRD,12,Realizado,Meteorologia,0,0
2024-002146,XYZ242146,2024-07-23,09:00,2024-07-23 09:34,SBGR,SBBR,ROT002,PR-KSE,34,Realizado,Meteorologia,0,0
2024-002147,XYZ242147,2024-07-23,09:00,2024-07-23 09:56,SBGR,SBCF,ROT003,PR-LTF,56,Desviado,Meteorologia,0,1
2024-002148,XYZ242148,2024-07-23,09:00,,SBGR,SBPA,ROT004,PR-MUG,0,Cancelado,Meteorologia,1,0
2024-002149,XYZ242149,2024-07-23,09:00,2024-07-23 09:18,SBGL,SBBR,ROT010,PR-NVH,18,Realizado,Meteorologia,0,0
2024-002150,XYZ242150,2024-07-23,09:00,2024-07-23 09:16,SBGL,SBCF,ROT011,PR-PWL,16,Realizado,Meteorologia,0,0
2024-002151,XYZ242151,2024-07-23,09:00,2024-07-23 09:46,SBGL,SBPA,ROT012,PR-QXA,46,Realizado,Meteorologia,0,0
2024-002152,XYZ242152,2024-07-23,09:00,2024-07-23 09:32,SBGL,SBCT,ROT013,PR-RYB,32,Realizado,Meteorologia,0,0
2024-002153,XYZ242153,2024-07-23,12:00,2024-07-23 12:25,SBGR,SBGL,ROT001,PR-SCD,25,Realizado,Meteorologia,0,0
2024-002154,XYZ242154,2024-07-23,12:00,2024-07-23 12:46,SBGR,SBBR,ROT002,PR-TQJ,46,Realizado,Meteorologia,0,0
2024-002155,XYZ242155,2024-07-23,12:00,2024-07-23 12:41,SBGR,SBCF,ROT003,PR-UKM,41,Realizado,Meteorologia,0,0
2024-002156,XYZ242156,2024-07-23,12:00,2024-07-23 12:31,SBGR,SBPA,ROT004,PR-VPN,31,Realizado,Meteorologia,0,0
2024-002157,XYZ242157,2024-07-23,12:00,2024-07-23 12:47,SBGL,SBBR,ROT010,PR-WAR,47,Realizado,Meteorologia,0,0
2024-002158,XYZ242158,2024-07-23,12:00,2024-07-23 12:17,SBGL,SBCF,ROT011,PR-XBE,17,Realizado,Meteorologia,0,0
2024-002159,XYZ242159,2024-07-23,12:00,2024-07-23 12:23,SBGL,SBPA,ROT012,PR-YCF,23,Realizado,Meteorologia,0,0
2024-002160,XYZ242160,2024-07-23,12:00,2024-07-23 12:45,SBGL,SBCT,ROT013,PR-ZDG,45,Realizado,Meteorologia,0,0
2024-002161,XYZ242161,2024-07-24,00:00,2024-07-24 00:10,SBGR,SBGL,ROT001,PR-ADH,10,Realizado,Meteorologia,0,0
2024-002162,XYZ242162,2024-07-24,00:00,2024-07-24 00:32,SBGR,SBBR,ROT002,PR-BKR,32,Realizado,Meteorologia,0,0
2024-002163,XYZ242163,2024-07-24,00:00,2024-07-24 00:18,SBGR,SBCF,ROT003,PR-CEV,18,Realizado,Meteorologia,0,0
2024-002164,XYZ242164,2024-07-24,00:00,2024-07-24 00:50,SBGR,SBPA,ROT004,PR-DQF,50,Desviado,Meteorologia,0,1
2024-002165,XYZ242165,2024-07-24,00:00,2024-07-24 00:26,SBGL,SBBR,ROT010,PR-EHX,26,Realizado,Meteorologia,0,0
2024-002166,XYZ242166,2024-07-24,00:00,2024-07-24 00:24,SBGL,SBCF,ROT011,PR-FKA,24,Desviado,Meteorologia,0,1
2024-002167,XYZ242167,2024-07-24,00:00,2024-07-24 00:14,SBGL,SBPA,ROT012,PR-GMB,14,Realizado,Meteorologia,0,0
2024-002168,XYZ242168,2024-07-24,00:00,,SBGL,SBCT,ROT013,PR-HNC,0,Cancelado,Meteorologia,1,0
2024-002169,XYZ242169,2024-07-24,03:00,2024-07-24 03:25,SBGR,SBGL,ROT001,PR-JRD,25,Realizado,Meteorologia,0,0
2024-002170,XYZ242170,2024-07-24,03:00,2024-07-24 03:37,SBGR,SBBR,ROT002,PR-KSE,37,Realizado,Meteorologia,0,0
2024-002171,XYZ242171,2024-07-24,03:00,2024-07-24 03:45,SBGR,SBCF,ROT003,PR-LTF,45,Desviado,Meteorologia,0,1
2024-002172,XYZ242172,2024-07-24,03:00,2024-07-24 03:25,SBGR,SBPA,ROT004,PR-MUG,25,Realizado,Meteorologia,0,0
2024-002173,XYZ242173,2024-07-24,03:00,2024-07-24 03:27,SBGL,SBBR,ROT010,PR-NVH,27,Realizado,Meteorologia,0,0
2024-002174,XYZ242174,2024-07-24,03:00,2024-07-24 03:33,SBGL,SBCF,ROT011,PR-PWL,33,Realizado,Meteorologia,0,0
2024-002175,XYZ242175,2024-07-24,03:00,2024-07-24 03:22,SBGL,SBPA,ROT012,PR-QXA,22,Realizado,Meteorologia,0,0
2024-002176,XYZ242176,2024-07-24,03:00,2024-07-24 03:18,SBGL,SBCT,ROT013,PR-RYB,18,Realizado,Meteorologia,0,0
2024-002177,XYZ242177,2024-07-24,06:00,2024-07-24 06:18,SBGR,SBGL,ROT001,PR-SCD,18,Realizado,Meteorologia,0,0
2024-002178,XYZ242178,2024-07-24,06:00,2024-07-24 06:44,SBGR,SBBR,ROT002,PR-TQJ,44,Realizado,Meteorologia,0,0
2024-002179,XYZ242179,2024-07-24,06:00,2024-07-24 06:35,SBGR,SBCF,ROT003,PR-UKM,35,Realizado,Meteorologia,0,0
2024-002180,XYZ242180,2024-07-24,06:00,2024-07-24 06:41,SBGR,SBPA,ROT004,PR-VPN,41,Realizado,Meteorologia,0,0
2024-002181,XYZ242181,2024-07-24,06:00,2024-07-24 06:20,SBGL,SBBR,ROT010,PR-WAR,20,Realizado,Meteorologia,0,0
2024-002182,XYZ242182,2024-07-24,06:00,2024-07-24 06:21,SBGL,SBCF,ROT011,PR-XBE,21,Realizado,Meteorologia,0,0
2024-002183,XYZ242183,2024-07-24,06:00,2024-07-24 06:14,SBGL,SBPA,ROT012,PR-YCF,14,Realizado,Meteorologia,0,0
2024-002184,XYZ242184,2024-07-24,06:00,2024-07-24 06:47,SBGL,SBCT,ROT013,PR-ZDG,47,Realizado,Meteorologia,0,0
2024-002185,XYZ242185,2024-07-24,09:00,2024-07-24 09:20,SBGR,SBGL,ROT001,PR-ADH,20,Realizado,Meteorologia,0,0
2024-002186,XYZ242186,2024-07-24,09:00,2024-07-24 09:10,SBGR,SBBR,ROT002,PR-BKR,10,Realizado,Meteorologia,0,0
2024-002187,XYZ242187,2024-07-24,09:00,2024-07-24 09:18,SBGR,SBCF,ROT003,PR-CEV,18,Realizado,Meteorologia,0,0
2024-002188,XYZ242188,2024-07-24,09:00,2024-07-24 09:30,SBGR,SBPA,ROT004,PR-DQF,30,Realizado,Meteorologia,0,0
2024-002189,XYZ242189,2024-07-24,09:00,2024-07-24 09:39,SBGL,SBBR,ROT010,PR-EHX,39,Desviado,Meteorologia,0,1
2024-002190,XYZ242190,2024-07-24,09:00,2024-07-24 09:22,SBGL,SBCF,ROT011,PR-FKA,22,Realizado,Meteorologia,0,0
2024-002191,XYZ242191,2024-07-24,09:00,2024-07-24 09:39,SBGL,SBPA,ROT012,PR-GMB,39,Realizado,Meteorologia,0,0
2024-002192,XYZ242192,2024-07-24,09:00,2024-07-24 09:10,SBGL,SBCT,ROT013,PR-HNC,10,Realizado,Meteorologia,0,0
2024-002193,XYZ242193,2024-07-24,12:00,2024-07-24 12:20,SBGR,SBGL,ROT001,PR-JRD,20,Realizado,Meteorologia,0,0
2024-002194,XYZ242194,2024-07-24,12:00,2024-07-24 12:57,SBGR,SBBR,ROT002,PR-KSE,57,Desviado,Meteorologia,0,1
2024-002195,XYZ242195,2024-07-24,12:00,2024-07-24 12:22,SBGR,SBCF,ROT003,PR-LTF,22,Realizado,Meteorologia,0,0
2024-002196,XYZ242196,2024-07-24,12:00,2024-07-24 12:33,SBGR,SBPA,ROT004,PR-MUG,33,Realizado,Meteorologia,0,0
2024-002197,XYZ242197,2024-07-24,12:00,2024-07-24 12:33,SBGL,SBBR,ROT010,PR-NVH,33,Realizado,Meteorologia,0,0
2024-002198,XYZ242198,2024-07-24,12:00,2024-07-24 12:23,SBGL,SBCF,ROT011,PR-PWL,23,Realizado,Meteorologia,0,0
2024-002199,XYZ242199,2024-07-24,12:00,2024-07-24 12:37,SBGL,SBPA,ROT012,PR-QXA,37,Realizado,Meteorologia,0,0
2024-002200,XYZ242200,2024-07-24,12:00,2024-07-24 12:22,SBGL,SBCT,ROT013,PR-RYB,22,Desviado,Meteorologia,0,1
2024-002201,XYZ242201,2024-07-25,00:00,2024-07-25 00:25,SBGR,SBGL,ROT001,PR-SCD,25,Realizado,Meteorologia,0,0
2024-002202,XYZ242202,2024-07-25,00:00,2024-07-25 00:40,SBGR,SBBR,ROT002,PR-TQJ,40,Desviado,Meteorologia,0,1
2024-002203,XYZ242203,2024-07-25,00:00,2024-07-25 00:31,SBGR,SBCF,ROT003,PR-UKM,31,Realizado,Meteorologia,0,0
2024-002204,XYZ242204,2024-07-25,00:00,2024-07-25 00:23,SBGR,SBPA,ROT004,PR-VPN,23,Realizado,Meteorologia,0,0
2024-002205,XYZ242205,2024-07-25,00:00,2024-07-25 00:22,SBGL,SBBR,ROT010,PR-WAR,22,Realizado,Meteorologia,0,0
2024-002206,XYZ242206,2024-07-25,00:00,2024-07-25 00:34,SBGL,SBCF,ROT011,PR-XBE,34,Realizado,Meteorologia,0,0
2024-002207,XYZ242207,2024-07-25,00:00,2024-07-25 00:30,SBGL,SBPA,ROT012,PR-YCF,30,Desviado,Meteorologia,0,1
2024-002208,XYZ242208,2024-07-25,00:00,2024-07-25 00:31,SBGL,SBCT,ROT013,PR-ZDG,31,Realizado,Meteorologia,0,0
2024-002209,XYZ242209,2024-07-25,03:00,2024-07-25 03:27,SBGR,SBGL,ROT001,PR-ADH,27,Realizado,Meteorologia,0,0
2024-002210,XYZ242210,2024-07-25,03:00,2024-07-25 03:33,SBGR,SBBR,ROT002,PR-BKR,33,Realizado,Meteorologia,0,0
2024-002211,XYZ242211,2024-07-25,03:00,2024-07-25 03:28,SBGR,SBCF,ROT003,PR-CEV,28,Realizado,Meteorologia,0,0
2024-002212,XYZ242212,2024-07-25,03:00,2024-07-25 03:41,SBGR,SBPA,ROT004,PR-DQF,41,Realizado,Meteorologia,0,0
2024-002213,XYZ242213,2024-07-25,03:00,,SBGL,SBBR,ROT010,PR-EHX,0,Cancelado,Meteorologia,1,0
2024-002214,XYZ242214,2024-07-25,03:00,2024-07-25 03:14,SBGL,SBCF,ROT011,PR-FKA,14,Realizado,Meteorologia,0,0
2024-002215,XYZ242215,2024-07-25,03:00,2024-07-25 03:16,SBGL,SBPA,ROT012,PR-GMB,16,Realizado,Meteorologia,0,0
2024-002216,XYZ242216,2024-07-25,03:00,2024-07-25 03:46,SBGL,SBCT,ROT013,PR-HNC,46,Realizado,Meteorologia,0,0
2024-002217,XYZ242217,2024-07-25,06:00,2024-07-25 06:23,SBGR,SBGL,ROT001,PR-JRD,23,Realizado,Meteorologia,0,0
2024-002218,XYZ242218,2024-07-25,06:00,2024-07-25 06:10,SBGR,SBBR,ROT002,PR-KSE,10,Realizado,Meteorologia,0,0
2024-002219,XYZ242219,2024-07-25,06:00,,SBGR,SBCF,ROT003,PR-LTF,0,Cancelado,Meteorologia,1,0
2024-002220,XYZ242220,2024-07-25,06:00,2024-07-25 06:15,SBGR,SBPA,ROT004,PR-MUG,15,Realizado,Meteorologia,0,0
2024-002221,XYZ242221,2024-07-25,06:00,2024-07-25 06:12,SBGL,SBBR,ROT010,PR-NVH,12,Realizado,Meteorologia,0,0
2024-002222,XYZ242222,2024-07-25,06:00,2024-07-25 06:46,SBGL,SBCF,ROT011,PR-PWL,46,Realizado,Meteorologia,0,0
2024-002223,XYZ242223,2024-07-25,06:00,2024-07-25 06:11,SBGL,SBPA,ROT012,PR-QXA,11,Realizado,Meteorologia,0,0
2024-002224,XYZ242224,2024-07-25,06:00,2024-07-25 06:15,SBGL,SBCT,ROT013,PR-RYB,15,Realizado,Meteorologia,0,0
2024-002225,XYZ242225,2024-07-25,09:00,2024-07-25 09:38,SBGR,SBGL,ROT001,PR-SCD,38,Realizado,Meteorologia,0,0
2024-002226,XYZ242226,2024-07-25,09:00,2024-07-25 09:22,SBGR,SBBR,ROT002,PR-TQJ,22,Realizado,Meteorologia,0,0
2024-002227,XYZ242227,2024-07-25,09:00,2024-07-25 09:37,SBGR,SBCF,ROT003,PR-UKM,37,Realizado,Meteorologia,0,0
2024-002228,XYZ242228,2024-07-25,09:00,2024-07-25 09:49,SBGR,SBPA,ROT004,PR-VPN,49,Desviado,Meteorologia,0,1
2024-002229,XYZ242229,2024-07-25,09:00,2024-07-25 09:47,SBGL,SBBR,ROT010,PR-WAR,47,Realizado,Meteorologia,0,0
2024-002230,XYZ242230,2024-07-25,09:00,2024-07-25 09:19,SBGL,SBCF,ROT011,PR-XBE,19,Realizado,Meteorologia,0,0
2024-002231,XYZ242231,2024-07-25,09:00,,SBGL,SBPA,ROT012,PR-YCF,0,Cancelado,Meteorologia,1,0
2024-002232,XYZ242232,2024-07-25,09:00,2024-07-25 09:59,SBGL,SBCT,ROT013,PR-ZDG,59,Desviado,Meteorologia,0,1
2024-002233,XYZ242233,2024-07-25,12:00,2024-07-25 12:29,SBGR,SBGL,ROT001,PR-ADH,29,Realizado,Meteorologia,0,0
2024-002234,XYZ242234,2024-07-25,12:00,2024-07-25 12:42,SBGR,SBBR,ROT002,PR-BKR,42,Realizado,Meteorologia,0,0
2024-002235,XYZ242235,2024-07-25,12:00,2024-07-25 12:10,SBGR,SBCF,ROT003,PR-CEV,10,Realizado,Meteorologia,0,0
2024-002236,XYZ242236,2024-07-25,12:00,2024-07-25 12:15,SBGR,SBPA,ROT004,PR-DQF,15,Realizado,Meteorologia,0,0
2024-002237,XYZ242237,2024-07-25,12:00,2024-07-25 12:25,SBGL,SBBR,ROT010,PR-EHX,25,Realizado,Meteorologia,0,0
2024-002238,XYZ242238,2024-07-25,12:00,2024-07-25 12:32,SBGL,SBCF,ROT011,PR-FKA,32,Realizado,Meteorologia,0,0
2024-002239,XYZ242239,2024-07-25,12:00,2024-07-25 12:32,SBGL,SBPA,ROT012,PR-GMB,32,Realizado,Meteorologia,0,0
2024-002240,XYZ242240,2024-07-25,12:00,2024-07-25 12:49,SBGL,SBCT,ROT013,PR-HNC,49,Realizado,Meteorologia,0,0
2024-002241,XYZ242241,2024-07-26,00:00,2024-07-26 00:49,SBGR,SBGL,ROT001,PR-JRD,49,Realizado,Meteorologia,0,0
2024-002242,XYZ242242,2024-07-26,00:00,2024-07-26 00:24,SBGR,SBBR,ROT002,PR-KSE,24,Realizado,Meteorologia,0,0
2024-002243,XYZ242243,2024-07-26,00:00,2024-07-26 00:24,SBGR,SBCF,ROT003,PR-LTF,24,Desviado,Meteorologia,0,1
2024-002244,XYZ242244,2024-07-26,00:00,,SBGR,SBPA,ROT004,PR-MUG,0,Cancelado,Meteorologia,1,0
2024-002245,XYZ242245,2024-07-26,00:00,2024-07-26 00:35,SBGL,SBBR,ROT010,PR-NVH,35,Realizado,Meteorologia,0,0
2024-002246,XYZ242246,2024-07-26,00:00,2024-07-26 00:29,SBGL,SBCF,ROT011,PR-PWL,29,Realizado,Meteorologia,0,0
2024-002247,XYZ242247,2024-07-26,00:00,2024-07-26 00:32,SBGL,SBPA,ROT012,PR-QXA,32,Realizado,Meteorologia,0,0
2024-002248,XYZ242248,2024-07-26,00:00,2024-07-26 00:19,SBGL,SBCT,ROT013,PR-RYB,19,Realizado,Meteorologia,0,0
2024-002249,XYZ242249,2024-07-26,03:00,2024-07-26 03:18,SBGR,SBGL,ROT001,PR-SCD,18,Realizado,Meteorologia,0,0
2024-002250,XYZ242250,2024-07-26,03:00,2024-07-26 03:47,SBGR,SBBR,ROT002,PR-TQJ,47,Realizado,Meteorologia,0,0
2024-002251,XYZ242251,2024-07-26,03:00,2024-07-26 03:35,SBGR,SBCF,ROT003,PR-UKM,35,Realizado,Meteorologia,0,0
2024-002252,XYZ242252,2024-07-26,03:00,2024-07-26 03:16,SBGR,SBPA,ROT004,PR-VPN,16,Realizado,Meteorologia,0,0
2024-002253,XYZ242253,2024-07-26,03:00,2024-07-26 03:47,SBGL,SBBR,ROT010,PR-WAR,47,Realizado,Meteorologia,0,0
2024-002254,XYZ242254,2024-07-26,03:00,2024-07-26 03:21,SBGL,SBCF,ROT011,PR-XBE,21,Realizado,Meteorologia,0,0
2024-002255,XYZ242255,2024-07-26,03:00,2024-07-26 03:38,SBGL,SBPA,ROT012,PR-YCF,38,Realizado,Meteorologia,0,0
2024-002256,XYZ242256,2024-07-26,03:00,2024-07-26 03:27,SBGL,SBCT,ROT013,PR-ZDG,27,Realizado,Meteorologia,0,0
2024-002257,XYZ242257,2024-07-26,06:00,2024-07-26 06:25,SBGR,SBGL,ROT001,PR-ADH,25,Realizado,Meteorologia,0,0
2024-002258,XYZ242258,2024-07-26,06:00,2024-07-26 06:18,SBGR,SBBR,ROT002,PR-BKR,18,Realizado,Meteorologia,0,0
2024-002259,XYZ242259,2024-07-26,06:00,2024-07-26 06:27,SBGR,SBCF,ROT003,PR-CEV,27,Realizado,Meteorologia,0,0
2024-002260,XYZ242260,2024-07-26,06:00,2024-07-26 06:19,SBGR,SBPA,ROT004,PR-DQF,19,Realizado,Meteorologia,0,0
2024-002261,XYZ242261,2024-07-26,06:00,2024-07-26 06:41,SBGL,SBBR,ROT010,PR-EHX,41,Realizado,Meteorologia,0,0
2024-002262,XYZ242262,2024-07-26,06:00,2024-07-26 06:39,SBGL,SBCF,ROT011,PR-FKA,39,Realizado,Meteorologia,0,0
2024-002263,XYZ242263,2024-07-26,06:00,2024-07-26 06:37,SBGL,SBPA,ROT012,PR-GMB,37,Realizado,Meteorologia,0,0
2024-002264,XYZ242264,2024-07-26,06:00,2024-07-26 06:18,SBGL,SBCT,ROT013,PR-HNC,18,Realizado,Meteorologia,0,0
2024-002265,XYZ242265,2024-07-26,09:00,2024-07-26 09:42,SBGR,SBGL,ROT001,PR-JRD,42,Realizado,Meteorologia,0,0
2024-002266,XYZ242266,2024-07-26,09:00,2024-07-26 09:41,SBGR,SBBR,ROT002,PR-KSE,41,Desviado,Meteorologia,0,1
2024-002267,XYZ242267,2024-07-26,09:00,2024-07-26 09:29,SBGR,SBCF,ROT003,PR-LTF,29,Realizado,Meteorologia,0,0
2024-002268,XYZ242268,2024-07-26,09:00,2024-07-26 09:41,SBGR,SBPA,ROT004,PR-MUG,41,Realizado,Meteorologia,0,0
2024-002269,XYZ242269,2024-07-26,09:00,2024-07-26 09:32,SBGL,SBBR,ROT010,PR-NVH,32,Realizado,Meteorologia,0,0
2024-002270,XYZ242270,2024-07-26,09:00,2024-07-26 09:12,SBGL,SBCF,ROT011,PR-PWL,12,Realizado,Meteorologia,0,0
2024-002271,XYZ242271,2024-07-26,09:00,2024-07-26 09:35,SBGL,SBPA,ROT012,PR-QXA,35,Desviado,Meteorologia,0,1
2024-002272,XYZ242272,2024-07-26,09:00,2024-07-26 09:40,SBGL,SBCT,ROT013,PR-RYB,40,Realizado,Meteorologia,0,0
2024-002273,XYZ242273,2024-07-26,12:00,2024-07-26 12:38,SBGR,SBGL,ROT001,PR-SCD,38,Realizado,Meteorologia,0,0
2024-002274,XYZ242274,2024-07-26,12:00,2024-07-26 12:28,SBGR,SBBR,ROT002,PR-TQJ,28,Realizado,Meteorologia,0,0
2024-002275,XYZ242275,2024-07-26,12:00,2024-07-26 12:34,SBGR,SBCF,ROT003,PR-UKM,34,Realizado,Meteorologia,0,0
2024-002276,XYZ242276,2024-07-26,12:00,2024-07-26 12:35,SBGR,SBPA,ROT004,PR-VPN,35,Realizado,Meteorologia,0,0
2024-002277,XYZ242277,2024-07-26,12:00,2024-07-26 12:29,SBGL,SBBR,ROT010,PR-WAR,29,Realizado,Meteorologia,0,0
2024-002278,XYZ242278,2024-07-26,12:00,2024-07-26 12:47,SBGL,SBCF,ROT011,PR-XBE,47,Realizado,Meteorologia,0,0
2024-002279,XYZ242279,2024-07-26,12:00,2024-07-26 12:56,SBGL,SBPA,ROT012,PR-YCF,56,Desviado,Meteorologia,0,1
2024-002280,XYZ242280,2024-07-26,12:00,2024-07-26 12:15,SBGL,SBCT,ROT013,PR-ZDG,15,Realizado,Meteorologia,0,0
2024-002281,XYZ242281,2024-07-27,00:00,,SBGR,SBGL,ROT001,PR-ADH,0,Cancelado,Meteorologia,1,0
2024-002282,XYZ242282,2024-07-27,00:00,2024-07-27 00:49,SBGR,SBBR,ROT002,PR-BKR,49,Realizado,Meteorologia,0,0
2024-002283,XYZ242283,2024-07-27,00:00,2024-07-27 00:32,SBGR,SBCF,ROT003,PR-CEV,32,Realizado,Meteorologia,0,0
2024-002284,XYZ242284,2024-07-27,00:00,2024-07-27 00:12,SBGR,SBPA,ROT004,PR-DQF,12,Realizado,Meteorologia,0,0
2024-002285,XYZ242285,2024-07-27,00:00,2024-07-27 00:16,SBGL,SBBR,ROT010,PR-EHX,16,Realizado,Meteorologia,0,0
2024-002286,XYZ242286,2024-07-27,00:00,2024-07-27 00:25,SBGL,SBCF,ROT011,PR-FKA,25,Realizado,Meteorologia,0,0
2024-002287,XYZ242287,2024-07-27,00:00,2024-07-27 00:58,SBGL,SBPA,ROT012,PR-GMB,58,Desviado,Meteorologia,0,1
2024-002288,XYZ242288,2024-07-27,00:00,2024-07-27 00:44,SBGL,SBCT,ROT013,PR-HNC,44,Realizado,Meteorologia,0,0
2024-002289,XYZ242289,2024-07-27,03:00,2024-07-27 03:39,SBGR,SBGL,ROT001,PR-JRD,39,Realizado,Meteorologia,0,0
2024-002290,XYZ242290,2024-07-27,03:00,2024-07-27 03:47,SBGR,SBBR,ROT002,PR-KSE,47,Realizado,Meteorologia,0,0
2024-002291,XYZ242291,2024-07-27,03:00,2024-07-27 03:33,SBGR,SBCF,ROT003,PR-LTF,33,Realizado,Meteorologia,0,0
2024-002292,XYZ242292,2024-07-27,03:00,,SBGR,SBPA,ROT004,PR-MUG,0,Cancelado,Meteorologia,1,0
2024-002293,XYZ242293,2024-07-27,03:00,2024-07-27 03:35,SBGL,SBBR,ROT010,PR-NVH,35,Realizado,Meteorologia,0,0
2024-002294,XYZ242294,2024-07-27,03:00,2024-07-27 03:14,SBGL,SBCF,ROT011,PR-PWL,14,Realizado,Meteorologia,0,0
2024-002295,XYZ242295,2024-07-27,03:00,2024-07-27 03:45,SBGL,SBPA,ROT012,PR-QXA,45,Realizado,Meteorologia,0,0
2024-002296,XYZ242296,2024-07-27,03:00,2024-07-27 03:11,SBGL,SBCT,ROT013,PR-RYB,11,Realizado,Meteorologia,0,0
2024-002297,XYZ242297,2024-07-27,06:00,2024-07-27 06:21,SBGR,SBGL,ROT001,PR-SCD,21,Realizado,Meteorologia,0,0
2024-002298,XYZ242298,2024-07-27,06:00,2024-07-27 06:46,SBGR,SBBR,ROT002,PR-TQJ,46,Realizado,Meteorologia,0,0
2024-002299,XYZ242299,2024-07-27,06:00,2024-07-27 06:35,SBGR,SBCF,ROT003,PR-UKM,35,Realizado,Meteorologia,0,0
2024-002300,XYZ242300,2024-07-27,06:00,2024-07-27 06:37,SBGR,SBPA,ROT004,PR-VPN,37,Realizado,Meteorologia,0,0
2024-002301,XYZ242301,2024-07-27,06:00,2024-07-27 06:49,SBGL,SBBR,ROT010,PR-WAR,49,Realizado,Meteorologia,0,0
2024-002302,XYZ242302,2024-07-27,06:00,2024-07-27 06:44,SBGL,SBCF,ROT011,PR-XBE,44,Realizado,Meteorologia,0,0
2024-002303,XYZ242303,2024-07-27,06:00,2024-07-27 06:21,SBGL,SBPA,ROT012,PR-YCF,21,Realizado,Meteorologia,0,0
2024-002304,XYZ242304,2024-07-27,06:00,2024-07-27 06:30,SBGL,SBCT,ROT013,PR-ZDG,30,Desviado,Meteorologia,0,1
2024-002305,XYZ242305,2024-07-27,09:00,2024-07-27 09:17,SBGR,SBGL,ROT001,PR-ADH,17,Realizado,Meteorologia,0,0
2024-002306,XYZ242306,2024-07-27,09:00,2024-07-27 09:16,SBGR,SBBR,ROT002,PR-BKR,16,Realizado,Meteorologia,0,0
2024-002307,XYZ242307,2024-07-27,09:00,2024-07-27 09:48,SBGR,SBCF,ROT003,PR-CEV,48,Realizado,Meteorologia,0,0
2024-002308,XYZ242308,2024-07-27,09:00,2024-07-27 09:12,SBGR,SBPA,ROT004,PR-DQF,12,Realizado,Meteorologia,0,0
2024-002309,XYZ242309,2024-07-27,09:00,2024-07-27 09:34,SBGL,SBBR,ROT010,PR-EHX,34,Realizado,Meteorologia,0,0
2024-002310,XYZ242310,2024-07-27,09:00,2024-07-27 09:14,SBGL,SBCF,ROT011,PR-FKA,14,Realizado,Meteorologia,0,0
2024-002311,XYZ242311,2024-07-27,09:00,2024-07-27 09:14,SBGL,SBPA,ROT012,PR-GMB,14,Realizado,Meteorologia,0,0
2024-002312,XYZ242312,2024-07-27,09:00,2024-07-27 09:36,SBGL,SBCT,ROT013,PR-HNC,36,Realizado,Meteorologia,0,0
2024-002313,XYZ242313,2024-07-27,12:00,2024-07-27 12:28,SBGR,SBGL,ROT001,PR-JRD,28,Realizado,Meteorologia,0,0
2024-002314,XYZ242314,2024-07-27,12:00,2024-07-27 12:40,SBGR,SBBR,ROT002,PR-KSE,40,Realizado,Meteorologia,0,0
2024-002315,XYZ242315,2024-07-27,12:00,2024-07-27 12:25,SBGR,SBCF,ROT003,PR-LTF,25,Realizado,Meteorologia,0,0
2024-002316,XYZ242316,2024-07-27,12:00,2024-07-27 12:44,SBGR,SBPA,ROT004,PR-MUG,44,Realizado,Meteorologia,0,0
2024-002317,XYZ242317,2024-07-27,12:00,2024-07-27 12:41,SBGL,SBBR,ROT010,PR-NVH,41,Realizado,Meteorologia,0,0
2024-002318,XYZ242318,2024-07-27,12:00,2024-07-27 12:47,SBGL,SBCF,ROT011,PR-PWL,47,Realizado,Meteorologia,0,0
2024-002319,XYZ242319,2024-07-27,12:00,2024-07-27 12:11,SBGL,SBPA,ROT012,PR-QXA,11,Realizado,Meteorologia,0,0
2024-002320,XYZ242320,2024-07-27,12:00,2024-07-27 12:48,SBGL,SBCT,ROT013,PR-RYB,48,Realizado,Meteorologia,0,0
2024-002321,XYZ242321,2024-07-28,00:00,2024-07-28 00:05,SBGR,SBGL,ROT001,PR-SCD,5,Realizado,Operacional,0,0
2024-002322,XYZ242322,2024-07-28,00:00,2024-07-28 00:07,SBGR,SBBR,ROT002,PR-TQJ,7,Realizado,Operacional,0,0
2024-002323,XYZ242323,2024-07-28,00:00,2024-07-28 00:11,SBGR,SBCF,ROT003,PR-UKM,11,Realizado,Operacional,0,0
2024-002324,XYZ242324,2024-07-28,00:00,2024-07-28 00:13,SBGR,SBPA,ROT004,PR-VPN,13,Realizado,Operacional,0,0
2024-002325,XYZ242325,2024-07-28,00:00,2024-07-28 00:49,SBGL,SBBR,ROT010,PR-WAR,49,Realizado,Meteorologia,0,0
2024-002326,XYZ242326,2024-07-28,00:00,2024-07-28 00:33,SBGL,SBCF,ROT011,PR-XBE,33,Realizado,Meteorologia,0,0
2024-002327,XYZ242327,2024-07-28,00:00,2024-07-28 00:33,SBGL,SBPA,ROT012,PR-YCF,33,Realizado,Meteorologia,0,0
2024-002328,XYZ242328,2024-07-28,00:00,2024-07-28 00:22,SBGL,SBCT,ROT013,PR-ZDG,22,Realizado,Meteorologia,0,0
2024-002329,XYZ242329,2024-07-28,03:00,2024-07-28 03:05,SBGR,SBGL,ROT001,PR-ADH,5,Realizado,Conexao,0,0
2024-002330,XYZ242330,2024-07-28,03:00,2024-07-28 03:00,SBGR,SBBR,ROT002,PR-BKR,0,Realizado,Conexao,0,0
2024-002331,XYZ242331,2024-07-28,03:00,2024-07-28 03:09,SBGR,SBCF,ROT003,PR-CEV,9,Realizado,Tripulacao,0,0
2024-002332,XYZ242332,2024-07-28,03:00,2024-07-28 03:04,SBGR,SBPA,ROT004,PR-DQF,4,Realizado,Tripulacao,0,0
2024-002333,XYZ242333,2024-07-28,03:00,2024-07-28 03:39,SBGL,SBBR,ROT010,PR-EHX,39,Realizado,Meteorologia,0,0
2024-002334,XYZ242334,2024-07-28,03:00,2024-07-28 03:20,SBGL,SBCF,ROT011,PR-FKA,20,Realizado,Meteorologia,0,0
2024-002335,XYZ242335,2024-07-28,03:00,2024-07-28 03:24,SBGL,SBPA,ROT012,PR-GMB,24,Realizado,Meteorologia,0,0
2024-002336,XYZ242336,2024-07-28,03:00,2024-07-28 03:21,SBGL,SBCT,ROT013,PR-HNC,21,Realizado,Meteorologia,0,0
2024-002337,XYZ242337,2024-07-28,06:00,2024-07-28 06:06,SBGR,SBGL,ROT001,PR-JRD,6,Realizado,Operacional,0,0
2024-002338,XYZ242338,2024-07-28,06:00,2024-07-28 06:08,SBGR,SBBR,ROT002,PR-KSE,8,Realizado,Conexao,0,0
2024-002339,XYZ242339,2024-07-28,06:00,2024-07-28 06:06,SBGR,SBCF,ROT003,PR-LTF,6,Realizado,Conexao,0,0
2024-002340,XYZ242340,2024-07-28,06:00,2024-07-28 06:10,SBGR,SBPA,ROT004,PR-MUG,10,Realizado,Tripulacao,0,0
2024-002341,XYZ242341,2024-07-28,06:00,2024-07-28 06:34,SBGL,SBBR,ROT010,PR-NVH,34,Desviado,Meteorologia,0,1
2024-002342,XYZ242342,2024-07-28,06:00,2024-07-28 06:26,SBGL,SBCF,ROT011,PR-PWL,26,Realizado,Meteorologia,0,0
2024-002343,XYZ242343,2024-07-28,06:00,2024-07-28 06:31,SBGL,SBPA,ROT012,PR-QXA,31,Realizado,Meteorologia,0,0
2024-002344,XYZ242344,2024-07-28,06:00,2024-07-28 06:41,SBGL,SBCT,ROT013,PR-RYB,41,Realizado,Meteorologia,0,0
2024-002345,XYZ242345,2024-07-28,09:00,2024-07-28 09:13,SBGR,SBGL,ROT001,PR-SCD,13,Realizado,Conexao,0,0
2024-002346,XYZ242346,2024-07-28,09:00,2024-07-28 09:04,SBGR,SBBR,ROT002,PR-TQJ,4,Realizado,Operacional,0,0
2024-002347,XYZ242347,2024-07-28,09:00,2024-07-28 09:12,SBGR,SBCF,ROT003,PR-UKM,12,Realizado,Operacional,0,0
2024-002348,XYZ242348,2024-07-28,09:00,2024-07-28 09:13,SBGR,SBPA,ROT004,PR-VPN,13,Realizado,Operacional,0,0
2024-002349,XYZ242349,2024-07-28,09:00,2024-07-28 09:32,SBGL,SBBR,ROT010,PR-WAR,32,Realizado,Meteorologia,0,0
2024-002350,XYZ242350,2024-07-28,09:00,2024-07-28 09:38,SBGL,SBCF,ROT011,PR-XBE,38,Realizado,Meteorologia,0,0
2024-002351,XYZ242351,2024-07-28,09:00,2024-07-28 09:19,SBGL,SBPA,ROT012,PR-YCF,19,Realizado,Meteorologia,0,0
2024-002352,XYZ242352,2024-07-28,09:00,2024-07-28 09:47,SBGL,SBCT,ROT013,PR-ZDG,47,Realizado,Meteorologia,0,0
2024-002353,XYZ242353,2024-07-28,12:00,2024-07-28 12:01,SBGR,SBGL,ROT001,PR-ADH,1,Realizado,Operacional,0,0
2024-002354,XYZ242354,2024-07-28,12:00,2024-07-28 12:09,SBGR,SBBR,ROT002,PR-BKR,9,Realizado,Operacional,0,0
2024-002355,XYZ242355,2024-07-28,12:00,2024-07-28 12:04,SBGR,SBCF,ROT003,PR-CEV,4,Realizado,Operacional,0,0
2024-002356,XYZ242356,2024-07-28,12:00,2024-07-28 12:08,SBGR,SBPA,ROT004,PR-DQF,8,Realizado,Operacional,0,0
2024-002357,XYZ242357,2024-07-28,12:00,2024-07-28 12:44,SBGL,SBBR,ROT010,PR-EHX,44,Realizado,Meteorologia,0,0
2024-002358,XYZ242358,2024-07-28,12:00,2024-07-28 12:48,SBGL,SBCF,ROT011,PR-FKA,48,Realizado,Meteorologia,0,0
2024-002359,XYZ242359,2024-07-28,12:00,2024-07-28 12:19,SBGL,SBPA,ROT012,PR-GMB,19,Realizado,Meteorologia,0,0
2024-002360,XYZ242360,2024-07-28,12:00,2024-07-28 12:18,SBGL,SBCT,ROT013,PR-HNC,18,Realizado,Meteorologia,0,0
2024-002361,XYZ242361,2024-07-29,00:00,2024-07-29 00:22,SBGR,SBGL,ROT001,PR-JRD,22,Realizado,Meteorologia,0,0
2024-002362,XYZ242362,2024-07-29,00:00,2024-07-29 00:14,SBGR,SBBR,ROT002,PR-KSE,14,Realizado,Meteorologia,0,0
2024-002363,XYZ242363,2024-07-29,00:00,2024-07-29 00:51,SBGR,SBCF,ROT003,PR-LTF,51,Desviado,Meteorologia,0,1
2024-002364,XYZ242364,2024-07-29,00:00,2024-07-29 00:37,SBGR,SBPA,ROT004,PR-MUG,37,Realizado,Meteorologia,0,0
2024-002365,XYZ242365,2024-07-29,00:00,2024-07-29 00:46,SBGL,SBBR,ROT010,PR-NVH,46,Realizado,Meteorologia,0,0
2024-002366,XYZ242366,2024-07-29,00:00,,SBGL,SBCF,ROT011,PR-PWL,0,Cancelado,Meteorologia,1,0
2024-002367,XYZ242367,2024-07-29,00:00,2024-07-29 00:24,SBGL,SBPA,ROT012,PR-QXA,24,Realizado,Meteorologia,0,0
2024-002368,XYZ242368,2024-07-29,00:00,2024-07-29 00:18,SBGL,SBCT,ROT013,PR-RYB,18,Realizado,Meteorologia,0,0
2024-002369,XYZ242369,2024-07-29,03:00,2024-07-29 03:13,SBGR,SBGL,ROT001,PR-SCD,13,Realizado,Meteorologia,0,0
2024-002370,XYZ242370,2024-07-29,03:00,2024-07-29 03:25,SBGR,SBBR,ROT002,PR-TQJ,25,Realizado,Meteorologia,0,0
2024-002371,XYZ242371,2024-07-29,03:00,2024-07-29 03:10,SBGR,SBCF,ROT003,PR-UKM,10,Realizado,Meteorologia,0,0
2024-002372,XYZ242372,2024-07-29,03:00,2024-07-29 03:37,SBGR,SBPA,ROT004,PR-VPN,37,Realizado,Meteorologia,0,0
2024-002373,XYZ242373,2024-07-29,03:00,2024-07-29 03:17,SBGL,SBBR,ROT010,PR-WAR,17,Realizado,Meteorologia,0,0
2024-002374,XYZ242374,2024-07-29,03:00,2024-07-29 03:37,SBGL,SBCF,ROT011,PR-XBE,37,Realizado,Meteorologia,0,0
2024-002375,XYZ242375,2024-07-29,03:00,2024-07-29 03:39,SBGL,SBPA,ROT012,PR-YCF,39,Desviado,Meteorologia,0,1
2024-002376,XYZ242376,2024-07-29,03:00,2024-07-29 03:18,SBGL,SBCT,ROT013,PR-ZDG,18,Realizado,Meteorologia,0,0
2024-002377,XYZ242377,2024-07-29,06:00,2024-07-29 06:49,SBGR,SBGL,ROT001,PR-ADH,49,Realizado,Meteorologia,0,0
2024-002378,XYZ242378,2024-07-29,06:00,2024-07-29 06:25,SBGR,SBBR,ROT002,PR-BKR,25,Realizado,Meteorologia,0,0
2024-002379,XYZ242379,2024-07-29,06:00,2024-07-29 06:32,SBGR,SBCF,ROT003,PR-CEV,32,Realizado,Meteorologia,0,0
2024-002380,XYZ242380,2024-07-29,06:00,2024-07-29 06:46,SBGR,SBPA,ROT004,PR-DQF,46,Realizado,Meteorologia,0,0
2024-002381,XYZ242381,2024-07-29,06:00,2024-07-29 06:30,SBGL,SBBR,ROT010,PR-EHX,30,Realizado,Meteorologia,0,0
2024-002382,XYZ242382,2024-07-29,06:00,2024-07-29 06:30,SBGL,SBCF,ROT011,PR-FKA,30,Desviado,Meteorologia,0,1
2024-002383,XYZ242383,2024-07-29,06:00,2024-07-29 06:14,SBGL,SBPA,ROT012,PR-GMB,14,Realizado,Meteorologia,0,0
2024-002384,XYZ242384,2024-07-29,06:00,2024-07-29 06:34,SBGL,SBCT,ROT013,PR-HNC,34,Realizado,Meteorologia,0,0
2024-002385,XYZ242385,2024-07-29,09:00,2024-07-29 09:34,SBGR,SBGL,ROT001,PR-JRD,34,Realizado,Meteorologia,0,0
2024-002386,XYZ242386,2024-07-29,09:00,2024-07-29 09:36,SBGR,SBBR,ROT002,PR-KSE,36,Realizado,Meteorologia,0,0
2024-002387,XYZ242387,2024-07-29,09:00,2024-07-29 09:24,SBGR,SBCF,ROT003,PR-LTF,24,Realizado,Meteorologia,0,0
2024-002388,XYZ242388,2024-07-29,09:00,2024-07-29 09:31,SBGR,SBPA,ROT004,PR-MUG,31,Realizado,Meteorologia,0,0
2024-002389,XYZ242389,2024-07-29,09:00,2024-07-29 09:13,SBGL,SBBR,ROT010,PR-NVH,13,Realizado,Meteorologia,0,0
2024-002390,XYZ242390,2024-07-29,09:00,2024-07-29 09:35,SBGL,SBCF,ROT011,PR-PWL,35,Desviado,Meteorologia,0,1
2024-002391,XYZ242391,2024-07-29,09:00,2024-07-29 09:34,SBGL,SBPA,ROT012,PR-QXA,34,Desviado,Meteorologia,0,1
2024-002392,XYZ242392,2024-07-29,09:00,2024-07-29 09:46,SBGL,SBCT,ROT013,PR-RYB,46,Realizado,Meteorologia,0,0
2024-002393,XYZ242393,2024-07-29,12:00,2024-07-29 12:27,SBGR,SBGL,ROT001,PR-SCD,27,Realizado,Meteorologia,0,0
2024-002394,XYZ242394,2024-07-29,12:00,2024-07-29 12:19,SBGR,SBBR,ROT002,PR-TQJ,19,Realizado,Meteorologia,0,0
2024-002395,XYZ242395,2024-07-29,12:00,2024-07-29 12:33,SBGR,SBCF,ROT003,PR-UKM,33,Realizado,Meteorologia,0,0
2024-002396,XYZ242396,2024-07-29,12:00,2024-07-29 12:11,SBGR,SBPA,ROT004,PR-VPN,11,Realizado,Meteorologia,0,0
2024-002397,XYZ242397,2024-07-29,12:00,2024-07-29 12:18,SBGL,SBBR,ROT010,PR-WAR,18,Realizado,Meteorologia,0,0
2024-002398,XYZ242398,2024-07-29,12:00,,SBGL,SBCF,ROT011,PR-XBE,0,Cancelado,Meteorologia,1,0
2024-002399,XYZ242399,2024-07-29,12:00,2024-07-29 12:36,SBGL,SBPA,ROT012,PR-YCF,36,Realizado,Meteorologia,0,0
2024-002400,XYZ242400,2024-07-29,12:00,2024-07-29 12:36,SBGL,SBCT,ROT013,PR-ZDG,36,Realizado,Meteorologia,0,0
2024-002401,XYZ242401,2024-07-30,00:00,2024-07-30 00:17,SBGR,SBGL,ROT001,PR-ADH,17,Realizado,Meteorologia,0,0
2024-002402,XYZ242402,2024-07-30,00:00,2024-07-30 00:43,SBGR,SBBR,ROT002,PR-BKR,43,Realizado,Meteorologia,0,0
2024-002403,XYZ242403,2024-07-30,00:00,2024-07-30 00:20,SBGR,SBCF,ROT003,PR-CEV,20,Desviado,Meteorologia,0,1
2024-002404,XYZ242404,2024-07-30,00:00,2024-07-30 00:25,SBGR,SBPA,ROT004,PR-DQF,25,Realizado,Meteorologia,0,0
2024-002405,XYZ242405,2024-07-30,00:00,2024-07-30 00:12,SBGL,SBBR,ROT010,PR-EHX,12,Realizado,Meteorologia,0,0
2024-002406,XYZ242406,2024-07-30,00:00,2024-07-30 00:23,SBGL,SBCF,ROT011,PR-FKA,23,Realizado,Meteorologia,0,0
2024-002407,XYZ242407,2024-07-30,00:00,2024-07-30 00:38,SBGL,SBPA,ROT012,PR-GMB,38,Realizado,Meteorologia,0,0
2024-002408,XYZ242408,2024-07-30,00:00,2024-07-30 00:17,SBGL,SBCT,ROT013,PR-HNC,17,Realizado,Meteorologia,0,0
2024-002409,XYZ242409,2024-07-30,03:00,2024-07-30 03:17,SBGR,SBGL,ROT001,PR-JRD,17,Realizado,Meteorologia,0,0
2024-002410,XYZ242410,2024-07-30,03:00,2024-07-30 03:41,SBGR,SBBR,ROT002,PR-KSE,41,Realizado,Meteorologia,0,0
2024-002411,XYZ242411,2024-07-30,03:00,,SBGR,SBCF,ROT003,PR-LTF,0,Cancelado,Meteorologia,1,0
2024-002412,XYZ242412,2024-07-30,03:00,2024-07-30 03:46,SBGR,SBPA,ROT004,PR-MUG,46,Realizado,Meteorologia,0,0
2024-002413,XYZ242413,2024-07-30,03:00,2024-07-30 03:42,SBGL,SBBR,ROT010,PR-NVH,42,Realizado,Meteorologia,0,0
2024-002414,XYZ242414,2024-07-30,03:00,2024-07-30 03:26,SBGL,SBCF,ROT011,PR-PWL,26,Realizado,Meteorologia,0,0
2024-002415,XYZ242415,2024-07-30,03:00,2024-07-30 03:29,SBGL,SBPA,ROT012,PR-QXA,29,Realizado,Meteorologia,0,0
2024-002416,XYZ242416,2024-07-30,03:00,2024-07-30 03:30,SBGL,SBCT,ROT013,PR-RYB,30,Realizado,Meteorologia,0,0
2024-002417,XYZ242417,2024-07-30,06:00,2024-07-30 06:13,SBGR,SBGL,ROT001,PR-SCD,13,Realizado,Meteorologia,0,0
2024-002418,XYZ242418,2024-07-30,06:00,2024-07-30 06:15,SBGR,SBBR,ROT002,PR-TQJ,15,Realizado,Meteorologia,0,0
2024-002419,XYZ242419,2024-07-30,06:00,2024-07-30 06:39,SBGR,SBCF,ROT003,PR-UKM,39,Realizado,Meteorologia,0,0
2024-002420,XYZ242420,2024-07-30,06:00,2024-07-30 06:22,SBGR,SBPA,ROT004,PR-VPN,22,Realizado,Meteorologia,0,0
2024-002421,XYZ242421,2024-07-30,06:00,2024-07-30 06:23,SBGL,SBBR,ROT010,PR-WAR,23,Desviado,Meteorologia,0,1
2024-002422,XYZ242422,2024-07-30,06:00,2024-07-30 06:24,SBGL,SBCF,ROT011,PR-XBE,24,Realizado,Meteorologia,0,0
2024-002423,XYZ242423,2024-07-30,06:00,2024-07-30 06:19,SBGL,SBPA,ROT012,PR-YCF,19,Realizado,Meteorologia,0,0
2024-002424,XYZ242424,2024-07-30,06:00,2024-07-30 06:40,SBGL,SBCT,ROT013,PR-ZDG,40,Desviado,Meteorologia,0,1
2024-002425,XYZ242425,2024-07-30,09:00,2024-07-30 09:44,SBGR,SBGL,ROT001,PR-ADH,44,Realizado,Meteorologia,0,0
2024-002426,XYZ242426,2024-07-30,09:00,2024-07-30 09:33,SBGR,SBBR,ROT002,PR-BKR,33,Realizado,Meteorologia,0,0
2024-002427,XYZ242427,2024-07-30,09:00,2024-07-30 09:33,SBGR,SBCF,ROT003,PR-CEV,33,Realizado,Meteorologia,0,0
2024-002428,XYZ242428,2024-07-30,09:00,2024-07-30 09:43,SBGR,SBPA,ROT004,PR-DQF,43,Realizado,Meteorologia,0,0
2024-002429,XYZ242429,2024-07-30,09:00,2024-07-30 09:10,SBGL,SBBR,ROT010,PR-EHX,10,Realizado,Meteorologia,0,0
2024-002430,XYZ242430,2024-07-30,09:00,2024-07-30 09:35,SBGL,SBCF,ROT011,PR-FKA,35,Realizado,Meteorologia,0,0
2024-002431,XYZ242431,2024-07-30,09:00,2024-07-30 09:18,SBGL,SBPA,ROT012,PR-GMB,18,Realizado,Meteorologia,0,0
2024-002432,XYZ242432,2024-07-30,09:00,2024-07-30 09:25,SBGL,SBCT,ROT013,PR-HNC,25,Realizado,Meteorologia,0,0
2024-002433,XYZ242433,2024-07-30,12:00,2024-07-30 12:38,SBGR,SBGL,ROT001,PR-JRD,38,Realizado,Meteorologia,0,0
2024-002434,XYZ242434,2024-07-30,12:00,2024-07-30 12:38,SBGR,SBBR,ROT002,PR-KSE,38,Realizado,Meteorologia,0,0
2024-002435,XYZ242435,2024-07-30,12:00,2024-07-30 12:43,SBGR,SBCF,ROT003,PR-LTF,43,Realizado,Meteorologia,0,0
2024-002436,XYZ242436,2024-07-30,12:00,2024-07-30 12:39,SBGR,SBPA,ROT004,PR-MUG,39,Realizado,Meteorologia,0,0
2024-002437,XYZ242437,2024-07-30,12:00,2024-07-30 12:21,SBGL,SBBR,ROT010,PR-NVH,21,Realizado,Meteorologia,0,0
2024-002438,XYZ242438,2024-07-30,12:00,2024-07-30 12:15,SBGL,SBCF,ROT011,PR-PWL,15,Realizado,Meteorologia,0,0
2024-002439,XYZ242439,2024-07-30,12:00,2024-07-30 12:18,SBGL,SBPA,ROT012,PR-QXA,18,Realizado,Meteorologia,0,0
2024-002440,XYZ242440,2024-07-30,12:00,2024-07-30 12:32,SBGL,SBCT,ROT013,PR-RYB,32,Realizado,Meteorologia,0,0
2024-002441,XYZ242441,2024-07-31,00:00,2024-07-31 00:15,SBGR,SBGL,ROT001,PR-SCD,15,Realizado,Meteorologia,0,0
2024-002442,XYZ242442,2024-07-31,00:00,2024-07-31 00:44,SBGR,SBBR,ROT002,PR-TQJ,44,Realizado,Meteorologia,0,0
2024-002443,XYZ242443,2024-07-31,00:00,2024-07-31 00:20,SBGR,SBCF,ROT003,PR-UKM,20,Realizado,Meteorologia,0,0
2024-002444,XYZ242444,2024-07-31,00:00,2024-07-31 00:53,SBGR,SBPA,ROT004,PR-VPN,53,Desviado,Meteorologia,0,1
2024-002445,XYZ242445,2024-07-31,00:00,2024-07-31 00:29,SBGL,SBBR,ROT010,PR-WAR,29,Desviado,Meteorologia,0,1
2024-002446,XYZ242446,2024-07-31,00:00,2024-07-31 00:30,SBGL,SBCF,ROT011,PR-XBE,30,Realizado,Meteorologia,0,0
2024-002447,XYZ242447,2024-07-31,00:00,2024-07-31 00:42,SBGL,SBPA,ROT012,PR-YCF,42,Realizado,Meteorologia,0,0
2024-002448,XYZ242448,2024-07-31,00:00,2024-07-31 00:41,SBGL,SBCT,ROT013,PR-ZDG,41,Realizado,Meteorologia,0,0
2024-002449,XYZ242449,2024-07-31,03:00,2024-07-31 03:47,SBGR,SBGL,ROT001,PR-ADH,47,Realizado,Meteorologia,0,0
2024-002450,XYZ242450,2024-07-31,03:00,2024-07-31 03:31,SBGR,SBBR,ROT002,PR-BKR,31,Realizado,Meteorologia,0,0
2024-002451,XYZ242451,2024-07-31,03:00,2024-07-31 03:44,SBGR,SBCF,ROT003,PR-CEV,44,Realizado,Meteorologia,0,0
2024-002452,XYZ242452,2024-07-31,03:00,2024-07-31 03:18,SBGR,SBPA,ROT004,PR-DQF,18,Realizado,Meteorologia,0,0
2024-002453,XYZ242453,2024-07-31,03:00,2024-07-31 03:11,SBGL,SBBR,ROT010,PR-EHX,11,Realizado,Meteorologia,0,0
2024-002454,XYZ242454,2024-07-31,03:00,2024-07-31 03:25,SBGL,SBCF,ROT011,PR-FKA,25,Realizado,Meteorologia,0,0
2024-002455,XYZ242455,2024-07-31,03:00,,SBGL,SBPA,ROT012,PR-GMB,0,Cancelado,Meteorologia,1,0
2024-002456,XYZ242456,2024-07-31,03:00,2024-07-31 03:28,SBGL,SBCT,ROT013,PR-HNC,28,Realizado,Meteorologia,0,0
2024-002457,XYZ242457,2024-07-31,06:00,2024-07-31 06:35,SBGR,SBGL,ROT001,PR-JRD,35,Realizado,Meteorologia,0,0
2024-002458,XYZ242458,2024-07-31,06:00,2024-07-31 06:49,SBGR,SBBR,ROT002,PR-KSE,49,Realizado,Meteorologia,0,0
2024-002459,XYZ242459,2024-07-31,06:00,2024-07-31 06:35,SBGR,SBCF,ROT003,PR-LTF,35,Realizado,Meteorologia,0,0
2024-002460,XYZ242460,2024-07-31,06:00,2024-07-31 06:44,SBGR,SBPA,ROT004,PR-MUG,44,Realizado,Meteorologia,0,0
2024-002461,XYZ242461,2024-07-31,06:00,2024-07-31 06:48,SBGL,SBBR,ROT010,PR-NVH,48,Desviado,Meteorologia,0,1
2024-002462,XYZ242462,2024-07-31,06:00,2024-07-31 06:48,SBGL,SBCF,ROT011,PR-PWL,48,Realizado,Meteorologia,0,0
2024-002463,XYZ242463,2024-07-31,06:00,2024-07-31 06:30,SBGL,SBPA,ROT012,PR-QXA,30,Realizado,Meteorologia,0,0
2024-002464,XYZ242464,2024-07-31,06:00,2024-07-31 06:34,SBGL,SBCT,ROT013,PR-RYB,34,Realizado,Meteorologia,0,0
2024-002465,XYZ242465,2024-07-31,09:00,2024-07-31 09:24,SBGR,SBGL,ROT001,PR-SCD,24,Desviado,Meteorologia,0,1
2024-002466,XYZ242466,2024-07-31,09:00,2024-07-31 09:10,SBGR,SBBR,ROT002,PR-TQJ,10,Realizado,Meteorologia,0,0
2024-002467,XYZ242467,2024-07-31,09:00,2024-07-31 09:27,SBGR,SBCF,ROT003,PR-UKM,27,Desviado,Meteorologia,0,1
2024-002468,XYZ242468,2024-07-31,09:00,2024-07-31 09:24,SBGR,SBPA,ROT004,PR-VPN,24,Realizado,Meteorologia,0,0
2024-002469,XYZ242469,2024-07-31,09:00,2024-07-31 09:40,SBGL,SBBR,ROT010,PR-WAR,40,Realizado,Meteorologia,0,0
2024-002470,XYZ242470,2024-07-31,09:00,2024-07-31 09:29,SBGL,SBCF,ROT011,PR-XBE,29,Realizado,Meteorologia,0,0
2024-002471,XYZ242471,2024-07-31,09:00,2024-07-31 09:19,SBGL,SBPA,ROT012,PR-YCF,19,Realizado,Meteorologia,0,0
2024-002472,XYZ242472,2024-07-31,09:00,2024-07-31 09:34,SBGL,SBCT,ROT013,PR-ZDG,34,Desviado,Meteorologia,0,1
2024-002473,XYZ242473,2024-07-31,12:00,2024-07-31 12:59,SBGR,SBGL,ROT001,PR-ADH,59,Desviado,Meteorologia,0,1
2024-002474,XYZ242474,2024-07-31,12:00,,SBGR,SBBR,ROT002,PR-BKR,0,Cancelado,Meteorologia,1,0
2024-002475,XYZ242475,2024-07-31,12:00,2024-07-31 12:15,SBGR,SBCF,ROT003,PR-CEV,15,Realizado,Meteorologia,0,0
2024-002476,XYZ242476,2024-07-31,12:00,2024-07-31 12:16,SBGR,SBPA,ROT004,PR-DQF,16,Realizado,Meteorologia,0,0
2024-002477,XYZ242477,2024-07-31,12:00,2024-07-31 12:47,SBGL,SBBR,ROT010,PR-EHX,47,Realizado,Meteorologia,0,0
2024-002478,XYZ242478,2024-07-31,12:00,2024-07-31 12:46,SBGL,SBCF,ROT011,PR-FKA,46,Realizado,Meteorologia,0,0
2024-002479,XYZ242479,2024-07-31,12:00,2024-07-31 12:21,SBGL,SBPA,ROT012,PR-GMB,21,Realizado,Meteorologia,0,0
2024-002480,XYZ242480,2024-07-31,12:00,2024-07-31 12:47,SBGL,SBCT,ROT013,PR-HNC,47,Realizado,Meteorologia,0,0